repeat,fold,method,selected_alpha,candidate_epochs,inner_rmse_db,selected_epochs
1,1,ridge,10000.0,,,
1,1,direct_scratch,,120.0,4.41712201454307,
1,1,direct_scratch,,300.0,3.7833321082787617,
1,1,direct_scratch,,600.0,3.82126639669513,
1,1,direct_scratch,,,,300.0
1,1,direct_spm,,120.0,3.5268976329985984,
1,1,direct_spm,,300.0,3.477725916847424,
1,1,direct_spm,,600.0,3.6507599647661424,
1,1,direct_spm,,,,300.0
1,1,direct_multifidelity,,120.0,6.756390623371743,
1,1,direct_multifidelity,,300.0,3.4149208219148024,
1,1,direct_multifidelity,,600.0,3.606306801298677,
1,1,direct_multifidelity,,,,300.0
1,1,components_scratch,,120.0,4.4081352058129255,
1,1,components_scratch,,300.0,3.6865407675277257,
1,1,components_scratch,,600.0,3.7781928928090447,
1,1,components_scratch,,,,300.0
1,1,components_spm,,120.0,3.6175049935332515,
1,1,components_spm,,300.0,3.437260844347164,
1,1,components_spm,,600.0,3.666408917057759,
1,1,components_spm,,,,300.0
1,1,components_multifidelity,,120.0,6.94268669535458,
1,1,components_multifidelity,,300.0,3.3482431750260693,
1,1,components_multifidelity,,600.0,3.5914698190229712,
1,1,components_multifidelity,,,,300.0
1,2,ridge,100.0,,,
1,2,direct_scratch,,120.0,3.2086102944097243,
1,2,direct_scratch,,300.0,3.134017375658738,
1,2,direct_scratch,,600.0,3.4128497676518563,
1,2,direct_scratch,,,,300.0
1,2,direct_spm,,120.0,3.2666699848003473,
1,2,direct_spm,,300.0,3.137570888297486,
1,2,direct_spm,,600.0,3.340968758066196,
1,2,direct_spm,,,,300.0
1,2,direct_multifidelity,,120.0,6.887927808342737,
1,2,direct_multifidelity,,300.0,3.0860222343309758,
1,2,direct_multifidelity,,600.0,3.2820300850501543,
1,2,direct_multifidelity,,,,300.0
1,2,components_scratch,,120.0,3.4647731534797885,
1,2,components_scratch,,300.0,3.1767223511490577,
1,2,components_scratch,,600.0,3.3831094831643225,
1,2,components_scratch,,,,300.0
1,2,components_spm,,120.0,3.411445152016563,
1,2,components_spm,,300.0,3.026028003317095,
1,2,components_spm,,600.0,3.3137812707872243,
1,2,components_spm,,,,300.0
1,2,components_multifidelity,,120.0,7.112713404391575,
1,2,components_multifidelity,,300.0,3.0290402602758757,
1,2,components_multifidelity,,600.0,3.2354411645801826,
1,2,components_multifidelity,,,,300.0
1,3,ridge,10000.0,,,
1,3,direct_scratch,,120.0,3.9180499280914685,
1,3,direct_scratch,,300.0,3.438785786911588,
1,3,direct_scratch,,600.0,3.7397066733123396,
1,3,direct_scratch,,,,300.0
1,3,direct_spm,,120.0,3.1904365704072655,
1,3,direct_spm,,300.0,3.4305033785886705,
1,3,direct_spm,,600.0,4.239578028860444,
1,3,direct_spm,,,,120.0
1,3,direct_multifidelity,,120.0,5.375943914239791,
1,3,direct_multifidelity,,300.0,3.181026983040879,
1,3,direct_multifidelity,,600.0,4.0627323689082395,
1,3,direct_multifidelity,,,,300.0
1,3,components_scratch,,120.0,3.8593453409852168,
1,3,components_scratch,,300.0,3.4445511318681667,
1,3,components_scratch,,600.0,3.8178150956506016,
1,3,components_scratch,,,,300.0
1,3,components_spm,,120.0,3.13271289110154,
1,3,components_spm,,300.0,3.7162530735887307,
1,3,components_spm,,600.0,4.005636913092651,
1,3,components_spm,,,,120.0
1,3,components_multifidelity,,120.0,5.493950295575068,
1,3,components_multifidelity,,300.0,3.213237832746488,
1,3,components_multifidelity,,600.0,3.9540412697628526,
1,3,components_multifidelity,,,,300.0
1,4,ridge,1.0,,,
1,4,direct_scratch,,120.0,3.744896639696099,
1,4,direct_scratch,,300.0,3.541060720180787,
1,4,direct_scratch,,600.0,3.9677437342809627,
1,4,direct_scratch,,,,300.0
1,4,direct_spm,,120.0,3.5915064002203456,
1,4,direct_spm,,300.0,3.4438170740038,
1,4,direct_spm,,600.0,4.2381610036917765,
1,4,direct_spm,,,,300.0
1,4,direct_multifidelity,,120.0,6.6868627696952965,
1,4,direct_multifidelity,,300.0,3.400582679744266,
1,4,direct_multifidelity,,600.0,3.890954344882559,
1,4,direct_multifidelity,,,,300.0
1,4,components_scratch,,120.0,3.6239867879773646,
1,4,components_scratch,,300.0,3.5434484492713993,
1,4,components_scratch,,600.0,3.873814725990007,
1,4,components_scratch,,,,300.0
1,4,components_spm,,120.0,3.819071415747845,
1,4,components_spm,,300.0,3.5758485964601734,
1,4,components_spm,,600.0,4.325022816975674,
1,4,components_spm,,,,300.0
1,4,components_multifidelity,,120.0,6.855947837676037,
1,4,components_multifidelity,,300.0,3.5235163873386153,
1,4,components_multifidelity,,600.0,4.150236105127982,
1,4,components_multifidelity,,,,300.0
1,5,ridge,10000.0,,,
1,5,direct_scratch,,120.0,3.5152843001629233,
1,5,direct_scratch,,300.0,3.238343638163328,
1,5,direct_scratch,,600.0,3.3560001147953624,
1,5,direct_scratch,,,,300.0
1,5,direct_spm,,120.0,3.413336235528151,
1,5,direct_spm,,300.0,3.2637551798445354,
1,5,direct_spm,,600.0,3.450015467148104,
1,5,direct_spm,,,,300.0
1,5,direct_multifidelity,,120.0,6.581035062856921,
1,5,direct_multifidelity,,300.0,3.2603312780308578,
1,5,direct_multifidelity,,600.0,3.3653786920383575,
1,5,direct_multifidelity,,,,300.0
1,5,components_scratch,,120.0,3.5708223547023072,
1,5,components_scratch,,300.0,3.2325307108136774,
1,5,components_scratch,,600.0,3.3036452909527094,
1,5,components_scratch,,,,300.0
1,5,components_spm,,120.0,3.5229866832724674,
1,5,components_spm,,300.0,3.2579063403420685,
1,5,components_spm,,600.0,3.4798294766173283,
1,5,components_spm,,,,300.0
1,5,components_multifidelity,,120.0,6.772375987742606,
1,5,components_multifidelity,,300.0,3.271901990149499,
1,5,components_multifidelity,,600.0,3.4001997498679826,
1,5,components_multifidelity,,,,300.0
2,1,ridge,10000.0,,,
2,1,direct_scratch,,120.0,4.739211226585417,
2,1,direct_scratch,,300.0,3.9644993563233477,
2,1,direct_scratch,,600.0,3.8113251197923583,
2,1,direct_scratch,,,,600.0
2,1,direct_spm,,120.0,3.4396290372541545,
2,1,direct_spm,,300.0,3.420371430675427,
2,1,direct_spm,,600.0,3.615831254284216,
2,1,direct_spm,,,,300.0
2,1,direct_multifidelity,,120.0,6.662968188638802,
2,1,direct_multifidelity,,300.0,3.3575387211051355,
2,1,direct_multifidelity,,600.0,3.577657111408536,
2,1,direct_multifidelity,,,,300.0
2,1,components_scratch,,120.0,4.6302997204925385,
2,1,components_scratch,,300.0,3.8859416806627634,
2,1,components_scratch,,600.0,3.788152011932452,
2,1,components_scratch,,,,600.0
2,1,components_spm,,120.0,3.421496791971228,
2,1,components_spm,,300.0,3.388601827380498,
2,1,components_spm,,600.0,3.6173836679196842,
2,1,components_spm,,,,300.0
2,1,components_multifidelity,,120.0,6.854620384384454,
2,1,components_multifidelity,,300.0,3.2563944220873315,
2,1,components_multifidelity,,600.0,3.537514712493781,
2,1,components_multifidelity,,,,300.0
2,2,ridge,100.0,,,
2,2,direct_scratch,,120.0,3.955066455082963,
2,2,direct_scratch,,300.0,3.3996581245289637,
2,2,direct_scratch,,600.0,3.520245784707792,
2,2,direct_scratch,,,,300.0
2,2,direct_spm,,120.0,3.122003533023002,
2,2,direct_spm,,300.0,3.140294875116169,
2,2,direct_spm,,600.0,3.3058445843300204,
2,2,direct_spm,,,,120.0
2,2,direct_multifidelity,,120.0,6.7992970892861155,
2,2,direct_multifidelity,,300.0,3.0517341830613542,
2,2,direct_multifidelity,,600.0,3.2763416859942915,
2,2,direct_multifidelity,,,,300.0
2,2,components_scratch,,120.0,3.987054427496572,
2,2,components_scratch,,300.0,3.371101319718539,
2,2,components_scratch,,600.0,3.508875244460935,
2,2,components_scratch,,,,300.0
2,2,components_spm,,120.0,3.3451170875913276,
2,2,components_spm,,300.0,3.1346252330183493,
2,2,components_spm,,600.0,3.3696183742600985,
2,2,components_spm,,,,300.0
2,2,components_multifidelity,,120.0,7.004030230320028,
2,2,components_multifidelity,,300.0,3.038768283637644,
2,2,components_multifidelity,,600.0,3.3434823180886513,
2,2,components_multifidelity,,,,300.0
2,3,ridge,10000.0,,,
2,3,direct_scratch,,120.0,4.251193645276613,
2,3,direct_scratch,,300.0,3.605247597806648,
2,3,direct_scratch,,600.0,4.007043673042316,
2,3,direct_scratch,,,,300.0
2,3,direct_spm,,120.0,3.184229964011031,
2,3,direct_spm,,300.0,3.4318610308638826,
2,3,direct_spm,,600.0,4.203023033487437,
2,3,direct_spm,,,,120.0
2,3,direct_multifidelity,,120.0,5.350397173131022,
2,3,direct_multifidelity,,300.0,3.2589848823309358,
2,3,direct_multifidelity,,600.0,4.010390244969959,
2,3,direct_multifidelity,,,,300.0
2,3,components_scratch,,120.0,4.021755406317691,
2,3,components_scratch,,300.0,3.361357230701975,
2,3,components_scratch,,600.0,3.8249401560713956,
2,3,components_scratch,,,,300.0
2,3,components_spm,,120.0,3.0190926995840517,
2,3,components_spm,,300.0,3.3736726972433204,
2,3,components_spm,,600.0,3.7316755717234615,
2,3,components_spm,,,,120.0
2,3,components_multifidelity,,120.0,5.4203369571538245,
2,3,components_multifidelity,,300.0,3.116990156965204,
2,3,components_multifidelity,,600.0,3.6751406504562825,
2,3,components_multifidelity,,,,300.0
2,4,ridge,1.0,,,
2,4,direct_scratch,,120.0,4.220654529532874,
2,4,direct_scratch,,300.0,3.760625735173726,
2,4,direct_scratch,,600.0,4.175783185812807,
2,4,direct_scratch,,,,300.0
2,4,direct_spm,,120.0,3.506056280306665,
2,4,direct_spm,,300.0,3.4600316226366967,
2,4,direct_spm,,600.0,3.8967804975941744,
2,4,direct_spm,,,,300.0
2,4,direct_multifidelity,,120.0,6.626262403950807,
2,4,direct_multifidelity,,300.0,3.3493006956823175,
2,4,direct_multifidelity,,600.0,3.754694363885238,
2,4,direct_multifidelity,,,,300.0
2,4,components_scratch,,120.0,4.040947020634052,
2,4,components_scratch,,300.0,3.6758119078415463,
2,4,components_scratch,,600.0,3.98492686755608,
2,4,components_scratch,,,,300.0
2,4,components_spm,,120.0,3.630069271141863,
2,4,components_spm,,300.0,3.344294051791394,
2,4,components_spm,,600.0,3.7791238223539834,
2,4,components_spm,,,,300.0
2,4,components_multifidelity,,120.0,6.721414731467294,
2,4,components_multifidelity,,300.0,3.312171067712206,
2,4,components_multifidelity,,600.0,3.7808561463057213,
2,4,components_multifidelity,,,,300.0
2,5,ridge,10000.0,,,
2,5,direct_scratch,,120.0,4.0757672265128395,
2,5,direct_scratch,,300.0,3.1400619144787183,
2,5,direct_scratch,,600.0,3.512543480011556,
2,5,direct_scratch,,,,300.0
2,5,direct_spm,,120.0,3.3636816854310556,
2,5,direct_spm,,300.0,3.361526360724578,
2,5,direct_spm,,600.0,3.6924028785554333,
2,5,direct_spm,,,,300.0
2,5,direct_multifidelity,,120.0,6.497848625030704,
2,5,direct_multifidelity,,300.0,3.263846957638169,
2,5,direct_multifidelity,,600.0,3.5626274009131187,
2,5,direct_multifidelity,,,,300.0
2,5,components_scratch,,120.0,3.910964798183497,
2,5,components_scratch,,300.0,3.2584445153414006,
2,5,components_scratch,,600.0,3.60106372930917,
2,5,components_scratch,,,,300.0
2,5,components_spm,,120.0,3.6242366743083787,
2,5,components_spm,,300.0,3.305757256325262,
2,5,components_spm,,600.0,3.4468376443908344,
2,5,components_spm,,,,300.0
2,5,components_multifidelity,,120.0,6.703050271013023,
2,5,components_multifidelity,,300.0,3.3217258308325164,
2,5,components_multifidelity,,600.0,3.399817306138978,
2,5,components_multifidelity,,,,300.0
3,1,ridge,10000.0,,,
3,1,direct_scratch,,120.0,4.055853071290194,
3,1,direct_scratch,,300.0,3.549796981264241,
3,1,direct_scratch,,600.0,3.637992274491796,
3,1,direct_scratch,,,,300.0
3,1,direct_spm,,120.0,3.4099094533122782,
3,1,direct_spm,,300.0,3.495642345268945,
3,1,direct_spm,,600.0,3.6686845279583737,
3,1,direct_spm,,,,120.0
3,1,direct_multifidelity,,120.0,6.670177366938789,
3,1,direct_multifidelity,,300.0,3.415766594857411,
3,1,direct_multifidelity,,600.0,3.62543346639713,
3,1,direct_multifidelity,,,,300.0
3,1,components_scratch,,120.0,4.059114342433199,
3,1,components_scratch,,300.0,3.4609869356880534,
3,1,components_scratch,,600.0,3.621607414821024,
3,1,components_scratch,,,,300.0
3,1,components_spm,,120.0,3.342471194438762,
3,1,components_spm,,300.0,3.3957775058153787,
3,1,components_spm,,600.0,3.503398998745374,
3,1,components_spm,,,,120.0
3,1,components_multifidelity,,120.0,7.017144373260523,
3,1,components_multifidelity,,300.0,3.312749885613484,
3,1,components_multifidelity,,600.0,3.47792150970634,
3,1,components_multifidelity,,,,300.0
3,2,ridge,100.0,,,
3,2,direct_scratch,,120.0,3.451870046498444,
3,2,direct_scratch,,300.0,3.221691729354998,
3,2,direct_scratch,,600.0,3.4512497089194185,
3,2,direct_scratch,,,,300.0
3,2,direct_spm,,120.0,3.1507747404895907,
3,2,direct_spm,,300.0,3.2351022153480464,
3,2,direct_spm,,600.0,3.5148129528043492,
3,2,direct_spm,,,,120.0
3,2,direct_multifidelity,,120.0,6.831738568586152,
3,2,direct_multifidelity,,300.0,3.1166440336568186,
3,2,direct_multifidelity,,600.0,3.439670019940717,
3,2,direct_multifidelity,,,,300.0
3,2,components_scratch,,120.0,3.4231328089092248,
3,2,components_scratch,,300.0,3.123281872874396,
3,2,components_scratch,,600.0,3.369290356849781,
3,2,components_scratch,,,,300.0
3,2,components_spm,,120.0,3.2280558595772293,
3,2,components_spm,,300.0,3.1678860850193846,
3,2,components_spm,,600.0,3.2789847548396924,
3,2,components_spm,,,,300.0
3,2,components_multifidelity,,120.0,7.20469935000581,
3,2,components_multifidelity,,300.0,3.080065781072194,
3,2,components_multifidelity,,600.0,3.2833100436086964,
3,2,components_multifidelity,,,,300.0
3,3,ridge,10000.0,,,
3,3,direct_scratch,,120.0,3.980303968243864,
3,3,direct_scratch,,300.0,3.5678043193281646,
3,3,direct_scratch,,600.0,3.9102959497853718,
3,3,direct_scratch,,,,300.0
3,3,direct_spm,,120.0,3.2062150469309127,
3,3,direct_spm,,300.0,3.6661357512159944,
3,3,direct_spm,,600.0,4.33963392262166,
3,3,direct_spm,,,,120.0
3,3,direct_multifidelity,,120.0,5.3450598219979675,
3,3,direct_multifidelity,,300.0,3.364731244033816,
3,3,direct_multifidelity,,600.0,4.200321885036651,
3,3,direct_multifidelity,,,,300.0
3,3,components_scratch,,120.0,3.906089589073468,
3,3,components_scratch,,300.0,3.2881539432995694,
3,3,components_scratch,,600.0,3.847758388409517,
3,3,components_scratch,,,,300.0
3,3,components_spm,,120.0,3.0279469441201328,
3,3,components_spm,,300.0,3.5273191623116658,
3,3,components_spm,,600.0,4.283287493418907,
3,3,components_spm,,,,120.0
3,3,components_multifidelity,,120.0,5.527171476257324,
3,3,components_multifidelity,,300.0,3.257924126012107,
3,3,components_multifidelity,,600.0,4.12785741614605,
3,3,components_multifidelity,,,,300.0
3,4,ridge,1.0,,,
3,4,direct_scratch,,120.0,4.151756200124552,
3,4,direct_scratch,,300.0,3.6131798301812843,
3,4,direct_scratch,,600.0,3.9476125704125176,
3,4,direct_scratch,,,,300.0
3,4,direct_spm,,120.0,3.5272875216281125,
3,4,direct_spm,,300.0,3.6749277349481377,
3,4,direct_spm,,600.0,4.174684878283922,
3,4,direct_spm,,,,120.0
3,4,direct_multifidelity,,120.0,6.690860235055284,
3,4,direct_multifidelity,,300.0,3.456255399496139,
3,4,direct_multifidelity,,600.0,4.0975598608671655,
3,4,direct_multifidelity,,,,300.0
3,4,components_scratch,,120.0,4.164923189323483,
3,4,components_scratch,,300.0,3.499874337169818,
3,4,components_scratch,,600.0,3.854999604007717,
3,4,components_scratch,,,,300.0
3,4,components_spm,,120.0,3.6702479806022827,
3,4,components_spm,,300.0,3.524606385409,
3,4,components_spm,,600.0,3.879171215195547,
3,4,components_spm,,,,300.0
3,4,components_multifidelity,,120.0,6.868418837651111,
3,4,components_multifidelity,,300.0,3.3989856055434444,
3,4,components_multifidelity,,600.0,3.769324202034041,
3,4,components_multifidelity,,,,300.0
3,5,ridge,10000.0,,,
3,5,direct_scratch,,120.0,3.5659352566225033,
3,5,direct_scratch,,300.0,3.3591258463281184,
3,5,direct_scratch,,600.0,3.5191956161627163,
3,5,direct_scratch,,,,300.0
3,5,direct_spm,,120.0,3.4832554225618297,
3,5,direct_spm,,300.0,3.3830656420151377,
3,5,direct_spm,,600.0,3.6045223109289424,
3,5,direct_spm,,,,300.0
3,5,direct_multifidelity,,120.0,6.488179590848649,
3,5,direct_multifidelity,,300.0,3.2960101219313156,
3,5,direct_multifidelity,,600.0,3.5758031553111946,
3,5,direct_multifidelity,,,,300.0
3,5,components_scratch,,120.0,3.6220634842879464,
3,5,components_scratch,,300.0,3.253449574513232,
3,5,components_scratch,,600.0,3.5342848205712416,
3,5,components_scratch,,,,300.0
3,5,components_spm,,120.0,3.4045196530921684,
3,5,components_spm,,300.0,3.3450118232610446,
3,5,components_spm,,600.0,3.4980239206037,
3,5,components_spm,,,,300.0
3,5,components_multifidelity,,120.0,6.835202134402746,
3,5,components_multifidelity,,300.0,3.262207160993359,
3,5,components_multifidelity,,600.0,3.4387039091281677,
3,5,components_multifidelity,,,,300.0
4,1,ridge,10000.0,,,
4,1,direct_scratch,,120.0,4.070403438852402,
4,1,direct_scratch,,300.0,3.6377090225353954,
4,1,direct_scratch,,600.0,3.7300733244043776,
4,1,direct_scratch,,,,300.0
4,1,direct_spm,,120.0,3.632424491636404,
4,1,direct_spm,,300.0,3.447640055647688,
4,1,direct_spm,,600.0,3.5870486212128823,
4,1,direct_spm,,,,300.0
4,1,direct_multifidelity,,120.0,6.759848105569972,
4,1,direct_multifidelity,,300.0,3.4020854195945507,
4,1,direct_multifidelity,,600.0,3.5555787806465284,
4,1,direct_multifidelity,,,,300.0
4,1,components_scratch,,120.0,3.976320914228002,
4,1,components_scratch,,300.0,3.605127648560937,
4,1,components_scratch,,600.0,3.9144482669681446,
4,1,components_scratch,,,,300.0
4,1,components_spm,,120.0,3.572095308066997,
4,1,components_spm,,300.0,3.496830902582164,
4,1,components_spm,,600.0,3.6549198203756914,
4,1,components_spm,,,,300.0
4,1,components_multifidelity,,120.0,6.826017110997707,
4,1,components_multifidelity,,300.0,3.394905952907858,
4,1,components_multifidelity,,600.0,3.611877255489687,
4,1,components_multifidelity,,,,300.0
4,2,ridge,100.0,,,
4,2,direct_scratch,,120.0,3.5440160341961846,
4,2,direct_scratch,,300.0,3.2728733989729175,
4,2,direct_scratch,,600.0,3.614343139355715,
4,2,direct_scratch,,,,300.0
4,2,direct_spm,,120.0,3.4119347599665293,
4,2,direct_spm,,300.0,3.1625208613387272,
4,2,direct_spm,,600.0,3.315972243298241,
4,2,direct_spm,,,,300.0
4,2,direct_multifidelity,,120.0,6.9397890106776075,
4,2,direct_multifidelity,,300.0,3.115677995529224,
4,2,direct_multifidelity,,600.0,3.259130702907415,
4,2,direct_multifidelity,,,,300.0
4,2,components_scratch,,120.0,3.5528873746467196,
4,2,components_scratch,,300.0,3.204816338423628,
4,2,components_scratch,,600.0,3.4825130445936443,
4,2,components_scratch,,,,300.0
4,2,components_spm,,120.0,3.3692754989803557,
4,2,components_spm,,300.0,3.1639346597128926,
4,2,components_spm,,600.0,3.390327671707837,
4,2,components_spm,,,,300.0
4,2,components_multifidelity,,120.0,7.0186762853234175,
4,2,components_multifidelity,,300.0,3.089891886787846,
4,2,components_multifidelity,,600.0,3.3014525568143664,
4,2,components_multifidelity,,,,300.0
4,3,ridge,10000.0,,,
4,3,direct_scratch,,120.0,4.462962226840922,
4,3,direct_scratch,,300.0,3.558938804245609,
4,3,direct_scratch,,600.0,3.9696898800193985,
4,3,direct_scratch,,,,300.0
4,3,direct_spm,,120.0,3.2629257025901364,
4,3,direct_spm,,300.0,3.4975142480290033,
4,3,direct_spm,,600.0,4.088185009749203,
4,3,direct_spm,,,,120.0
4,3,direct_multifidelity,,120.0,5.4449056063467705,
4,3,direct_multifidelity,,300.0,3.239301221084653,
4,3,direct_multifidelity,,600.0,3.969505095156247,
4,3,direct_multifidelity,,,,300.0
4,3,components_scratch,,120.0,4.161599728657659,
4,3,components_scratch,,300.0,3.2017584815912095,
4,3,components_scratch,,600.0,3.7809346515055555,
4,3,components_scratch,,,,300.0
4,3,components_spm,,120.0,3.2044066316200555,
4,3,components_spm,,300.0,3.6201308552851823,
4,3,components_spm,,600.0,4.182719611977171,
4,3,components_spm,,,,120.0
4,3,components_multifidelity,,120.0,5.4076971152218665,
4,3,components_multifidelity,,300.0,3.2411023760229147,
4,3,components_multifidelity,,600.0,4.1098447993632465,
4,3,components_multifidelity,,,,300.0
4,4,ridge,1.0,,,
4,4,direct_scratch,,120.0,3.970918002163189,
4,4,direct_scratch,,300.0,3.574385419426013,
4,4,direct_scratch,,600.0,4.029673262387123,
4,4,direct_scratch,,,,300.0
4,4,direct_spm,,120.0,3.7139450870760045,
4,4,direct_spm,,300.0,3.385796337757079,
4,4,direct_spm,,600.0,3.81209716683223,
4,4,direct_spm,,,,300.0
4,4,direct_multifidelity,,120.0,6.737398949304894,
4,4,direct_multifidelity,,300.0,3.328610456758678,
4,4,direct_multifidelity,,600.0,3.70485970276473,
4,4,direct_multifidelity,,,,300.0
4,4,components_scratch,,120.0,3.929706674457174,
4,4,components_scratch,,300.0,3.399053020913733,
4,4,components_scratch,,600.0,3.870377487270886,
4,4,components_scratch,,,,300.0
4,4,components_spm,,120.0,3.690245208077582,
4,4,components_spm,,300.0,3.4689962005070942,
4,4,components_spm,,600.0,4.287915364072423,
4,4,components_spm,,,,300.0
4,4,components_multifidelity,,120.0,6.7396874848610615,
4,4,components_multifidelity,,300.0,3.3792096887740444,
4,4,components_multifidelity,,600.0,3.9282081515564222,
4,4,components_multifidelity,,,,300.0
4,5,ridge,10000.0,,,
4,5,direct_scratch,,120.0,3.3602660217878393,
4,5,direct_scratch,,300.0,3.3696149738240018,
4,5,direct_scratch,,600.0,3.47560277598126,
4,5,direct_scratch,,,,120.0
4,5,direct_spm,,120.0,3.6344090207372792,
4,5,direct_spm,,300.0,3.271009812733365,
4,5,direct_spm,,600.0,3.5053937776071806,
4,5,direct_spm,,,,300.0
4,5,direct_multifidelity,,120.0,6.580430879841101,
4,5,direct_multifidelity,,300.0,3.2687144465092883,
4,5,direct_multifidelity,,600.0,3.448351577634388,
4,5,direct_multifidelity,,,,300.0
4,5,components_scratch,,120.0,3.7002739776955087,
4,5,components_scratch,,300.0,3.324614870756279,
4,5,components_scratch,,600.0,3.542256376644958,
4,5,components_scratch,,,,300.0
4,5,components_spm,,120.0,3.651237349039482,
4,5,components_spm,,300.0,3.2852966708263662,
4,5,components_spm,,600.0,3.492335867364896,
4,5,components_spm,,,,300.0
4,5,components_multifidelity,,120.0,6.6604840717417995,
4,5,components_multifidelity,,300.0,3.2215170662945085,
4,5,components_multifidelity,,600.0,3.413711033355167,
4,5,components_multifidelity,,,,300.0
5,1,ridge,10000.0,,,
5,1,direct_scratch,,120.0,4.242424261192829,
5,1,direct_scratch,,300.0,3.6631038701659264,
5,1,direct_scratch,,600.0,3.8614861367895266,
5,1,direct_scratch,,,,300.0
5,1,direct_spm,,120.0,3.4591366124571685,
5,1,direct_spm,,300.0,3.4241251867699103,
5,1,direct_spm,,600.0,3.591865544814736,
5,1,direct_spm,,,,300.0
5,1,direct_multifidelity,,120.0,6.888885928664868,
5,1,direct_multifidelity,,300.0,3.3593122525433374,
5,1,direct_multifidelity,,600.0,3.5493486771925307,
5,1,direct_multifidelity,,,,300.0
5,1,components_scratch,,120.0,4.100390981010418,
5,1,components_scratch,,300.0,3.597550733739787,
5,1,components_scratch,,600.0,3.8267517819509527,
5,1,components_scratch,,,,300.0
5,1,components_spm,,120.0,3.466346309645071,
5,1,components_spm,,300.0,3.347957836031092,
5,1,components_spm,,600.0,3.6106477926222516,
5,1,components_spm,,,,300.0
5,1,components_multifidelity,,120.0,7.12749432281035,
5,1,components_multifidelity,,300.0,3.2664359652573913,
5,1,components_multifidelity,,600.0,3.5235199002417374,
5,1,components_multifidelity,,,,300.0
5,2,ridge,100.0,,,
5,2,direct_scratch,,120.0,3.662903016785793,
5,2,direct_scratch,,300.0,3.2008472899867737,
5,2,direct_scratch,,600.0,3.3623988789889028,
5,2,direct_scratch,,,,300.0
5,2,direct_spm,,120.0,3.247686423399351,
5,2,direct_spm,,300.0,3.115366205011315,
5,2,direct_spm,,600.0,3.3401052589521356,
5,2,direct_spm,,,,300.0
5,2,direct_multifidelity,,120.0,7.0414237694662525,
5,2,direct_multifidelity,,300.0,3.0395068500604827,
5,2,direct_multifidelity,,600.0,3.3054075250804855,
5,2,direct_multifidelity,,,,300.0
5,2,components_scratch,,120.0,3.5599603644774005,
5,2,components_scratch,,300.0,3.1463527939467806,
5,2,components_scratch,,600.0,3.2912045736581246,
5,2,components_scratch,,,,300.0
5,2,components_spm,,120.0,3.488946122829872,
5,2,components_spm,,300.0,3.1542787891999025,
5,2,components_spm,,600.0,3.3031370951438523,
5,2,components_spm,,,,300.0
5,2,components_multifidelity,,120.0,7.311079660495258,
5,2,components_multifidelity,,300.0,3.1777526197610877,
5,2,components_multifidelity,,600.0,3.2619379307359235,
5,2,components_multifidelity,,,,300.0
5,3,ridge,10000.0,,,
5,3,direct_scratch,,120.0,3.5510128862678094,
5,3,direct_scratch,,300.0,3.578226346101276,
5,3,direct_scratch,,600.0,4.006749107674073,
5,3,direct_scratch,,,,120.0
5,3,direct_spm,,120.0,3.2607485471895092,
5,3,direct_spm,,300.0,3.653690433831314,
5,3,direct_spm,,600.0,4.193384374796395,
5,3,direct_spm,,,,120.0
5,3,direct_multifidelity,,120.0,5.507375080080914,
5,3,direct_multifidelity,,300.0,3.32374856182594,
5,3,direct_multifidelity,,600.0,4.042627223327257,
5,3,direct_multifidelity,,,,300.0
5,3,components_scratch,,120.0,3.4305100062870375,
5,3,components_scratch,,300.0,3.573399015395636,
5,3,components_scratch,,600.0,3.9505101189765215,
5,3,components_scratch,,,,120.0
5,3,components_spm,,120.0,3.134994242627723,
5,3,components_spm,,300.0,3.6299981917976885,
5,3,components_spm,,600.0,4.101961107028304,
5,3,components_spm,,,,120.0
5,3,components_multifidelity,,120.0,5.651498964607082,
5,3,components_multifidelity,,300.0,3.243899053605154,
5,3,components_multifidelity,,600.0,4.076969014437788,
5,3,components_multifidelity,,,,300.0
5,4,ridge,1.0,,,
5,4,direct_scratch,,120.0,3.740011578627227,
5,4,direct_scratch,,300.0,3.5596381844706038,
5,4,direct_scratch,,600.0,3.9123207453177367,
5,4,direct_scratch,,,,300.0
5,4,direct_spm,,120.0,3.653323844602445,
5,4,direct_spm,,300.0,3.536608690661632,
5,4,direct_spm,,600.0,4.081701431134651,
5,4,direct_spm,,,,300.0
5,4,direct_multifidelity,,120.0,6.844259511880707,
5,4,direct_multifidelity,,300.0,3.3961298292916826,
5,4,direct_multifidelity,,600.0,3.980777785151699,
5,4,direct_multifidelity,,,,300.0
5,4,components_scratch,,120.0,3.676380071192761,
5,4,components_scratch,,300.0,3.431073531222559,
5,4,components_scratch,,600.0,3.7654500808286704,
5,4,components_scratch,,,,300.0
5,4,components_spm,,120.0,3.773113606563813,
5,4,components_spm,,300.0,3.587868966799874,
5,4,components_spm,,600.0,4.08273073600478,
5,4,components_spm,,,,300.0
5,4,components_multifidelity,,120.0,6.939952658540644,
5,4,components_multifidelity,,300.0,3.4944868448335074,
5,4,components_multifidelity,,600.0,4.046591367223948,
5,4,components_multifidelity,,,,300.0
5,5,ridge,10000.0,,,
5,5,direct_scratch,,120.0,3.757603224821677,
5,5,direct_scratch,,300.0,3.45154079103098,
5,5,direct_scratch,,600.0,3.5889372152331984,
5,5,direct_scratch,,,,300.0
5,5,direct_spm,,120.0,3.4435269549370604,
5,5,direct_spm,,300.0,3.2757170806011606,
5,5,direct_spm,,600.0,3.442488005364164,
5,5,direct_spm,,,,300.0
5,5,direct_multifidelity,,120.0,6.690524890424021,
5,5,direct_multifidelity,,300.0,3.262276729345912,
5,5,direct_multifidelity,,600.0,3.390660500053036,
5,5,direct_multifidelity,,,,300.0
5,5,components_scratch,,120.0,3.7344974547427476,
5,5,components_scratch,,300.0,3.2726678640007076,
5,5,components_scratch,,600.0,3.5090500018232027,
5,5,components_scratch,,,,300.0
5,5,components_spm,,120.0,3.4572190220523455,
5,5,components_spm,,300.0,3.3807935723123697,
5,5,components_spm,,600.0,3.5967599170293942,
5,5,components_spm,,,,300.0
5,5,components_multifidelity,,120.0,6.9706089191024105,
5,5,components_multifidelity,,300.0,3.349254694207281,
5,5,components_multifidelity,,600.0,3.4764447789949227,
5,5,components_multifidelity,,,,300.0
