field_id,acquisition_date,row_id,fold
102,2012-06-22,0,1
102,2012-06-25,1,1
102,2012-06-27,2,1
102,2012-06-29,3,1
102,2012-07-03,4,1
102,2012-07-05,5,1
102,2012-07-08,6,1
102,2012-07-10,7,1
102,2012-07-13,8,1
102,2012-07-14,9,1
102,2012-07-17,10,1
102,2012-07-19,11,1
113,2012-06-22,52,1
113,2012-06-25,53,1
113,2012-06-27,54,1
113,2012-06-29,55,1
113,2012-07-03,56,1
113,2012-07-05,57,1
113,2012-07-08,58,1
113,2012-07-10,59,1
113,2012-07-13,60,1
113,2012-07-14,61,1
113,2012-07-17,62,1
113,2012-07-19,63,1
12,2012-06-22,64,1
12,2012-06-25,65,1
12,2012-06-27,66,1
12,2012-06-29,67,1
12,2012-07-03,68,1
12,2012-07-08,69,1
12,2012-07-10,70,1
12,2012-07-13,71,1
12,2012-07-14,72,1
12,2012-07-17,73,1
32,2012-06-22,115,1
32,2012-06-25,116,1
32,2012-06-27,117,1
32,2012-07-05,118,1
32,2012-07-08,119,1
32,2012-07-10,120,1
32,2012-07-13,121,1
32,2012-07-14,122,1
32,2012-07-17,123,1
32,2012-07-19,124,1
103,2012-06-22,12,2
103,2012-06-25,13,2
103,2012-06-27,14,2
103,2012-06-29,15,2
103,2012-07-03,16,2
103,2012-07-05,17,2
103,2012-07-08,18,2
103,2012-07-10,19,2
103,2012-07-13,20,2
103,2012-07-14,21,2
103,2012-07-17,22,2
103,2012-07-19,23,2
13,2012-06-22,74,2
13,2012-06-25,75,2
13,2012-06-27,76,2
13,2012-06-29,77,2
13,2012-07-03,78,2
13,2012-07-05,79,2
13,2012-07-08,80,2
13,2012-07-10,81,2
13,2012-07-13,82,2
13,2012-07-14,83,2
13,2012-07-17,84,2
21,2012-06-22,85,2
21,2012-06-25,86,2
21,2012-06-27,87,2
21,2012-06-29,88,2
21,2012-07-03,89,2
21,2012-07-05,90,2
21,2012-07-08,91,2
21,2012-07-10,92,2
21,2012-07-13,93,2
21,2012-07-14,94,2
21,2012-07-17,95,2
31,2012-06-22,107,2
31,2012-06-25,108,2
31,2012-06-27,109,2
31,2012-07-05,110,2
31,2012-07-08,111,2
31,2012-07-10,112,2
31,2012-07-14,113,2
31,2012-07-19,114,2
41,2012-06-22,125,2
41,2012-06-25,126,2
41,2012-06-27,127,2
41,2012-07-05,128,2
41,2012-07-08,129,2
41,2012-07-10,130,2
41,2012-07-14,131,2
41,2012-07-17,132,2
41,2012-07-19,133,2
111,2012-06-25,34,3
111,2012-06-27,35,3
111,2012-07-03,36,3
111,2012-07-05,37,3
111,2012-07-08,38,3
111,2012-07-10,39,3
111,2012-07-13,40,3
111,2012-07-19,41,3
22,2012-06-22,96,3
22,2012-06-25,97,3
22,2012-06-27,98,3
22,2012-06-29,99,3
22,2012-07-03,100,3
22,2012-07-05,101,3
22,2012-07-08,102,3
22,2012-07-10,103,3
22,2012-07-13,104,3
22,2012-07-14,105,3
22,2012-07-17,106,3
54,2012-06-22,167,3
54,2012-06-25,168,3
54,2012-06-27,169,3
54,2012-06-29,170,3
54,2012-07-03,171,3
54,2012-07-05,172,3
54,2012-07-10,173,3
54,2012-07-13,174,3
54,2012-07-14,175,3
71,2012-06-22,199,3
71,2012-06-25,200,3
71,2012-06-27,201,3
71,2012-06-29,202,3
71,2012-07-03,203,3
71,2012-07-05,204,3
71,2012-07-08,205,3
71,2012-07-10,206,3
71,2012-07-13,207,3
71,2012-07-14,208,3
71,2012-07-17,209,3
71,2012-07-19,210,3
72,2012-06-22,211,3
72,2012-06-25,212,3
72,2012-06-27,213,3
72,2012-06-29,214,3
72,2012-07-03,215,3
72,2012-07-05,216,3
72,2012-07-08,217,3
72,2012-07-10,218,3
72,2012-07-13,219,3
72,2012-07-14,220,3
72,2012-07-17,221,3
11,2012-06-22,24,4
11,2012-06-25,25,4
11,2012-06-27,26,4
11,2012-06-29,27,4
11,2012-07-03,28,4
11,2012-07-05,29,4
11,2012-07-10,30,4
11,2012-07-13,31,4
11,2012-07-14,32,4
11,2012-07-17,33,4
61,2012-06-22,176,4
61,2012-06-25,177,4
61,2012-06-27,178,4
61,2012-06-29,179,4
61,2012-07-03,180,4
61,2012-07-05,181,4
61,2012-07-08,182,4
61,2012-07-10,183,4
61,2012-07-13,184,4
61,2012-07-14,185,4
61,2012-07-17,186,4
61,2012-07-19,187,4
62,2012-06-22,188,4
62,2012-06-25,189,4
62,2012-06-29,190,4
62,2012-07-03,191,4
62,2012-07-05,192,4
62,2012-07-08,193,4
62,2012-07-10,194,4
62,2012-07-13,195,4
62,2012-07-14,196,4
62,2012-07-17,197,4
62,2012-07-19,198,4
81,2012-06-22,222,4
81,2012-06-27,223,4
81,2012-07-05,224,4
81,2012-07-08,225,4
81,2012-07-13,226,4
81,2012-07-17,227,4
91,2012-06-22,230,4
91,2012-06-25,231,4
91,2012-06-27,232,4
91,2012-07-05,233,4
91,2012-07-08,234,4
91,2012-07-10,235,4
91,2012-07-13,236,4
91,2012-07-14,237,4
91,2012-07-17,238,4
91,2012-07-19,239,4
112,2012-06-22,42,5
112,2012-06-25,43,5
112,2012-06-27,44,5
112,2012-06-29,45,5
112,2012-07-03,46,5
112,2012-07-05,47,5
112,2012-07-08,48,5
112,2012-07-10,49,5
112,2012-07-13,50,5
112,2012-07-19,51,5
42,2012-06-22,134,5
42,2012-06-25,135,5
42,2012-06-27,136,5
42,2012-07-05,137,5
42,2012-07-08,138,5
42,2012-07-10,139,5
42,2012-07-13,140,5
42,2012-07-14,141,5
42,2012-07-17,142,5
42,2012-07-19,143,5
52,2012-06-22,144,5
52,2012-06-25,145,5
52,2012-06-27,146,5
52,2012-06-29,147,5
52,2012-07-03,148,5
52,2012-07-05,149,5
52,2012-07-08,150,5
52,2012-07-10,151,5
52,2012-07-13,152,5
52,2012-07-14,153,5
52,2012-07-17,154,5
52,2012-07-19,155,5
53,2012-06-22,156,5
53,2012-06-25,157,5
53,2012-06-27,158,5
53,2012-06-29,159,5
53,2012-07-03,160,5
53,2012-07-05,161,5
53,2012-07-08,162,5
53,2012-07-10,163,5
53,2012-07-13,164,5
53,2012-07-14,165,5
53,2012-07-19,166,5
83,2012-06-29,228,5
83,2012-07-14,229,5
