method,mean,std
training_mean,3.1135462249442902,0.0
fixed_common_multifidelity,3.1213949796165474,0.0020004592503040405
fixed_common_spm,3.1230250443976635,0.0029093534659993463
fixed_common_scratch,3.134497804122396,0.012545676162969798
ridge,3.2692760344693284,0.0
components_multifidelity,3.2708801225894844,0.023737582836501483
direct_multifidelity,3.320676408562277,0.0369145813602476
components_scratch,3.383651719736465,0.07615301254444634
direct_scratch,3.48263517186965,0.07763360195573607
direct_spm,3.4953419513408948,0.0846022134629281
components_spm,3.554000574531589,0.053324774399239855
