repeat,fold,method,head,selected_epochs,selected_maximum,last_loss,loss_first,parameter_count
1,1,direct_scratch,0,300,False,0.29115674191669255,5.640043441647283,225
1,1,direct_scratch,1,300,False,0.5161124185507306,1.794378351385003,225
1,1,direct_spm,0,300,False,0.276687906535368,0.00015908455373788468,225
1,1,direct_spm,1,300,False,0.5122438834597811,0.00015998980948810513,225
1,1,direct_multifidelity,0,300,False,0.300319136722342,0.00015908455373788468,225
1,1,direct_multifidelity,1,300,False,0.5316781542753852,0.00015998980948810513,225
1,1,components_scratch,0,300,False,0.7393756392271,6.218258129554398,225
1,1,components_scratch,1,300,False,0.08010607387834141,0.43191565760930106,225
1,1,components_spm,0,300,False,0.7258916755646002,0.00021813386357274223,225
1,1,components_spm,1,300,False,0.08140336373706768,0.4956788975234315,225
1,1,components_multifidelity,0,300,False,0.7516283523386335,0.00021813386357274223,225
1,1,components_multifidelity,1,300,False,0.08489890517376335,0.0018835560515953593,225
1,2,direct_scratch,0,300,False,0.30375481938534643,4.968869906984793,225
1,2,direct_scratch,1,300,False,0.3942517871020282,1.4082762729260627,225
1,2,direct_spm,0,300,False,0.26173561707977383,0.00015908455373788468,225
1,2,direct_spm,1,300,False,0.4408529540723282,0.00015998980948810513,225
1,2,direct_multifidelity,0,300,False,0.2764532763414114,0.00015908455373788468,225
1,2,direct_multifidelity,1,300,False,0.45804447726329856,0.00015998980948810513,225
1,2,components_scratch,0,300,False,0.7123876012156316,5.494103240516297,225
1,2,components_scratch,1,300,False,0.05693568259224295,0.5568021957294799,225
1,2,components_spm,0,300,False,0.6376674984489848,0.00021813386357274223,225
1,2,components_spm,1,300,False,0.06281071746295656,0.48944196527511036,225
1,2,components_multifidelity,0,300,False,0.666770319200169,0.00021813386357274223,225
1,2,components_multifidelity,1,300,False,0.06666249506691421,0.0018835560515953593,225
1,3,direct_scratch,0,300,False,0.25401610642927885,1.9605139774842313,225
1,3,direct_scratch,1,300,False,0.3523747227096844,0.8175590077069198,225
1,3,direct_spm,0,120,False,0.35093745404595156,0.00015908455373788468,225
1,3,direct_spm,1,120,False,0.43401483124340223,0.00015998980948810513,225
1,3,direct_multifidelity,0,300,False,0.27557022931587466,0.00015908455373788468,225
1,3,direct_multifidelity,1,300,False,0.42425793045829857,0.00015998980948810513,225
1,3,components_scratch,0,300,False,0.6111906949223413,2.2177123383081314,225
1,3,components_scratch,1,300,False,0.055375490308516434,1.2565684086554647,225
1,3,components_spm,0,120,False,0.7314451513263658,0.00021813386357274223,225
1,3,components_spm,1,120,False,0.05425815761438157,0.5271896205566037,225
1,3,components_multifidelity,0,300,False,0.6502133740374963,0.00021813386357274223,225
1,3,components_multifidelity,1,300,False,0.050546064161312486,0.0018835560515953593,225
1,4,direct_scratch,0,300,False,0.27782838353684364,2.3834765636547157,225
1,4,direct_scratch,1,300,False,0.4421914100723265,2.0505857923617703,225
1,4,direct_spm,0,300,False,0.2830443254365864,0.00015908455373788468,225
1,4,direct_spm,1,300,False,0.4592375551121684,0.00015998980948810513,225
1,4,direct_multifidelity,0,300,False,0.30874874047234646,0.00015908455373788468,225
1,4,direct_multifidelity,1,300,False,0.49031383415608304,0.00015998980948810513,225
1,4,components_scratch,0,300,False,0.6945805848079653,2.8636481320704186,225
1,4,components_scratch,1,300,False,0.06609610833829543,0.48869446082858026,225
1,4,components_spm,0,300,False,0.702577060878724,0.00021813386357274223,225
1,4,components_spm,1,300,False,0.07265245326423568,0.5376198144915326,225
1,4,components_multifidelity,0,300,False,0.7608021493424912,0.00021813386357274223,225
1,4,components_multifidelity,1,300,False,0.07431559592125617,0.0018835560515953593,225
1,5,direct_scratch,0,300,False,0.2504092783431472,4.138095310634392,225
1,5,direct_scratch,1,300,False,0.30609049014957634,0.7206227174729023,225
1,5,direct_spm,0,300,False,0.2555579654545573,0.00015908455373788468,225
1,5,direct_spm,1,300,False,0.42918006570058803,0.00015998980948810513,225
1,5,direct_multifidelity,0,300,False,0.2845929281159231,0.00015908455373788468,225
1,5,direct_multifidelity,1,300,False,0.4461491077056451,0.00015998980948810513,225
1,5,components_scratch,0,300,False,0.6209477369401789,4.806455925770636,225
1,5,components_scratch,1,300,False,0.07537323941052455,2.1180419562475814,225
1,5,components_spm,0,300,False,0.6255321764763365,0.00021813386357274223,225
1,5,components_spm,1,300,False,0.07133727238662792,0.4717103388693122,225
1,5,components_multifidelity,0,300,False,0.6693755675996963,0.00021813386357274223,225
1,5,components_multifidelity,1,300,False,0.07435479622316717,0.0018835560515953593,225
2,1,direct_scratch,0,600,True,0.22080252769746128,1.2262110862360138,225
2,1,direct_scratch,1,600,True,0.3177264089593152,0.8594528429087022,225
2,1,direct_spm,0,300,False,0.2683920316996266,4.992358553610546,225
2,1,direct_spm,1,300,False,0.49616535948794893,0.0001736876948157881,225
2,1,direct_multifidelity,0,300,False,0.27699974576272135,0.002481699821120861,225
2,1,direct_multifidelity,1,300,False,0.5149547551717821,0.0001736876948157881,225
2,1,components_scratch,0,600,True,0.5264381510398133,1.7108203548534722,225
2,1,components_scratch,1,600,True,0.07522226428090069,1.278556251192906,225
2,1,components_spm,0,300,False,0.6931681085938692,0.00024320518222080263,225
2,1,components_spm,1,300,False,0.07978192206135448,5.077076024232247e-05,225
2,1,components_multifidelity,0,300,False,0.7023561566579013,0.00024320518222080263,225
2,1,components_multifidelity,1,300,False,0.08482099885946884,5.077076024232247e-05,225
2,2,direct_scratch,0,300,False,0.27386629300325094,3.0801918661745082,225
2,2,direct_scratch,1,300,False,0.4244499696634082,1.9363544330841869,225
2,2,direct_spm,0,120,False,0.31291118734015644,5.078781401403549,225
2,2,direct_spm,1,120,False,0.4632775805512751,0.0001736876948157881,225
2,2,direct_multifidelity,0,300,False,0.26899643415418356,0.002481699821120861,225
2,2,direct_multifidelity,1,300,False,0.4426734080595501,0.0001736876948157881,225
2,2,components_scratch,0,300,False,0.6557385318370497,3.515875814812154,225
2,2,components_scratch,1,300,False,0.06492000536960717,0.4698854582048082,225
2,2,components_spm,0,300,False,0.6264343196617964,0.00024320518222080263,225
2,2,components_spm,1,300,False,0.06069162337867744,5.077076024232247e-05,225
2,2,components_multifidelity,0,300,False,0.6494085063890014,0.00024320518222080263,225
2,2,components_multifidelity,1,300,False,0.0666925743870748,5.077076024232247e-05,225
2,3,direct_scratch,0,300,False,0.32443153075697956,6.661336008001792,225
2,3,direct_scratch,1,300,False,0.2744132936560591,0.4952682556989254,225
2,3,direct_spm,0,120,False,0.31308961854172057,3.487049165706939,225
2,3,direct_spm,1,120,False,0.42962029495057313,0.0001736876948157881,225
2,3,direct_multifidelity,0,300,False,0.27708714931812173,0.002481699821120861,225
2,3,direct_multifidelity,1,300,False,0.41590105824437235,0.0001736876948157881,225
2,3,components_scratch,0,300,False,0.6880742537037638,6.780989947486229,225
2,3,components_scratch,1,300,False,0.057370384031455,2.0326627132920074,225
2,3,components_spm,0,120,False,0.7053396980333586,0.00024320518222080263,225
2,3,components_spm,1,120,False,0.05546317578015615,5.077076024232247e-05,225
2,3,components_multifidelity,0,300,False,0.6472212140870288,0.00024320518222080263,225
2,3,components_multifidelity,1,300,False,0.04965246503403093,5.077076024232247e-05,225
2,4,direct_scratch,0,300,False,0.28619956831000276,4.825455098704399,225
2,4,direct_scratch,1,300,False,0.4514623015955166,2.303207502879658,225
2,4,direct_spm,0,300,False,0.2719755241142082,4.543043483880262,225
2,4,direct_spm,1,300,False,0.46207040924000703,0.0001736876948157881,225
2,4,direct_multifidelity,0,300,False,0.2928146084058195,0.002481699821120861,225
2,4,direct_multifidelity,1,300,False,0.4698214059730775,0.0001736876948157881,225
2,4,components_scratch,0,300,False,0.7122462846528775,5.367403907204615,225
2,4,components_scratch,1,300,False,0.06305736434497664,0.19011360585053502,225
2,4,components_spm,0,300,False,0.6591298107575725,0.00024320518222080263,225
2,4,components_spm,1,300,False,0.07081337905629889,5.077076024232247e-05,225
2,4,components_multifidelity,0,300,False,0.7085592644472697,0.00024320518222080263,225
2,4,components_multifidelity,1,300,False,0.07393154041962634,5.077076024232247e-05,225
2,5,direct_scratch,0,300,False,0.2712435720008116,5.1447674715935925,225
2,5,direct_scratch,1,300,False,0.4143172610320765,1.7226404338300279,225
2,5,direct_spm,0,300,False,0.2504236723798358,4.858257777604966,225
2,5,direct_spm,1,300,False,0.41454056389664323,0.0001736876948157881,225
2,5,direct_multifidelity,0,300,False,0.269304594182734,0.002481699821120861,225
2,5,direct_multifidelity,1,300,False,0.43142913506977904,0.0001736876948157881,225
2,5,components_scratch,0,300,False,0.6600631903614315,5.762618118199102,225
2,5,components_scratch,1,300,False,0.06783546753035734,1.0239246202038441,225
2,5,components_spm,0,300,False,0.6015282742484349,0.00024320518222080263,225
2,5,components_spm,1,300,False,0.06882362875166771,5.077076024232247e-05,225
2,5,components_multifidelity,0,300,False,0.6445425494210465,0.00024320518222080263,225
2,5,components_multifidelity,1,300,False,0.07318372674126765,5.077076024232247e-05,225
3,1,direct_scratch,0,300,False,0.2622909830866698,2.431471654186294,225
3,1,direct_scratch,1,300,False,0.4527759692140985,1.0396413327980114,225
3,1,direct_spm,0,120,False,0.3394468036679953,5.062703346510382,225
3,1,direct_spm,1,120,False,0.5599451500518072,0.00015171698940939578,225
3,1,direct_multifidelity,0,300,False,0.2808914993410176,0.0027265215855511735,225
3,1,direct_multifidelity,1,300,False,0.5307192000268787,0.00015171698940939578,225
3,1,components_scratch,0,300,False,0.7057216074658141,3.0413560656437593,225
3,1,components_scratch,1,300,False,0.07951680838972373,0.8108456917439345,225
3,1,components_spm,0,120,False,0.7896695133564647,7.443032314628685,225
3,1,components_spm,1,120,False,0.08500795880926629,4.902623166228878e-05,225
3,1,components_multifidelity,0,300,False,0.7006690111234744,0.000890424801336113,225
3,1,components_multifidelity,1,300,False,0.08177491464342487,4.902623166228878e-05,225
3,2,direct_scratch,0,300,False,0.2662398573332576,1.8416322535015897,225
3,2,direct_scratch,1,300,False,0.42529641897557696,1.3406527411790596,225
3,2,direct_spm,0,120,False,0.28389578316351693,5.145355952102617,225
3,2,direct_spm,1,120,False,0.49558770880822317,0.00015171698940939578,225
3,2,direct_multifidelity,0,300,False,0.2592410959743712,0.0027265215855511735,225
3,2,direct_multifidelity,1,300,False,0.4523492483278213,0.00015171698940939578,225
3,2,components_scratch,0,300,False,0.6555315275173635,2.3357646925797004,225
3,2,components_scratch,1,300,False,0.06008329515423625,0.39447769923247683,225
3,2,components_spm,0,300,False,0.6197423687926319,7.630274422811553,225
3,2,components_spm,1,300,False,0.06318091009248253,4.902623166228878e-05,225
3,2,components_multifidelity,0,300,False,0.6499119456867316,0.000890424801336113,225
3,2,components_multifidelity,1,300,False,0.06589002059589352,4.902623166228878e-05,225
3,3,direct_scratch,0,300,False,0.25212264024787334,2.7345479677452262,225
3,3,direct_scratch,1,300,False,0.34900806109687305,1.3071521458090243,225
3,3,direct_spm,0,120,False,0.31121157119445336,3.5388133592241657,225
3,3,direct_spm,1,120,False,0.43789530745779154,0.00015171698940939578,225
3,3,direct_multifidelity,0,300,False,0.28036790848824034,0.0027265215855511735,225
3,3,direct_multifidelity,1,300,False,0.4192662948641627,0.00015171698940939578,225
3,3,components_scratch,0,300,False,0.5938962376303037,2.974031169351114,225
3,3,components_scratch,1,300,False,0.03793507515668294,0.44221509994668157,225
3,3,components_spm,0,120,False,0.6795264107741319,4.508463916287662,225
3,3,components_spm,1,120,False,0.05215331728529881,4.902623166228878e-05,225
3,3,components_multifidelity,0,300,False,0.6452178434426845,0.000890424801336113,225
3,3,components_multifidelity,1,300,False,0.05028451919983468,4.902623166228878e-05,225
3,4,direct_scratch,0,300,False,0.25481630516883247,2.44457767668697,225
3,4,direct_scratch,1,300,False,0.41753661699956907,1.0461030066622576,225
3,4,direct_spm,0,120,False,0.3257502938753743,4.585793743857232,225
3,4,direct_spm,1,120,False,0.5443746680809273,0.00015171698940939578,225
3,4,direct_multifidelity,0,300,False,0.2867225709846709,0.0027265215855511735,225
3,4,direct_multifidelity,1,300,False,0.502871985188672,0.00015171698940939578,225
3,4,components_scratch,0,300,False,0.6232544641279145,2.9579518008118195,225
3,4,components_scratch,1,300,False,0.08034946088671008,2.083165732484235,225
3,4,components_spm,0,300,False,0.6631215408247537,6.583372291954901,225
3,4,components_spm,1,300,False,0.07294041917633362,4.902623166228878e-05,225
3,4,components_multifidelity,0,300,False,0.6902843063400165,0.000890424801336113,225
3,4,components_multifidelity,1,300,False,0.0737815649782675,4.902623166228878e-05,225
3,5,direct_scratch,0,300,False,0.204891455477644,1.443951830073056,225
3,5,direct_scratch,1,300,False,0.3475073936158667,1.4598285180947874,225
3,5,direct_spm,0,300,False,0.26036899999092256,4.916450832749205,225
3,5,direct_spm,1,300,False,0.43073069294989547,0.00015171698940939578,225
3,5,direct_multifidelity,0,300,False,0.26840423055842594,0.0027265215855511735,225
3,5,direct_multifidelity,1,300,False,0.45138407840746414,0.00015171698940939578,225
3,5,components_scratch,0,300,False,0.5015331813055444,1.9635566230030985,225
3,5,components_scratch,1,300,False,0.059136342585731576,0.4446475947873622,225
3,5,components_spm,0,300,False,0.6027800030966353,7.139023781471515,225
3,5,components_spm,1,300,False,0.0738882022727113,4.902623166228878e-05,225
3,5,components_multifidelity,0,300,False,0.6273914720007379,0.000890424801336113,225
3,5,components_multifidelity,1,300,False,0.07510001654905174,4.902623166228878e-05,225
4,1,direct_scratch,0,300,False,0.2870409991278553,3.8498933216532394,225
4,1,direct_scratch,1,300,False,0.45596296678770915,1.0543613972166817,225
4,1,direct_spm,0,300,False,0.27201099540273543,5.026775597140356,225
4,1,direct_spm,1,300,False,0.5033503130108259,2.868864560271227,225
4,1,direct_multifidelity,0,300,False,0.28838074318616774,0.000829893276334177,225
4,1,direct_multifidelity,1,300,False,0.5269442082884485,0.0006806044935034776,225
4,1,components_scratch,0,300,False,0.734638283711771,4.47190924019892,225
4,1,components_scratch,1,300,False,0.0802487709198292,1.5235826236015781,225
4,1,components_spm,0,300,False,0.7188935422604803,7.436109741916924,225
4,1,components_spm,1,300,False,0.0824840110953854,0.49309096234926225,225
4,1,components_multifidelity,0,300,False,0.7283158622451074,0.00042129389277565765,225
4,1,components_multifidelity,1,300,False,0.08626049347503843,0.0008658161793447944,225
4,2,direct_scratch,0,300,False,0.2559183137288945,2.4316369094605386,225
4,2,direct_scratch,1,300,False,0.4001992948709695,1.2480263611537794,225
4,2,direct_spm,0,300,False,0.2549852473743452,5.11104227878776,225
4,2,direct_spm,1,300,False,0.4305386154866519,2.966073925785502,225
4,2,direct_multifidelity,0,300,False,0.2670833950578465,0.000829893276334177,225
4,2,direct_multifidelity,1,300,False,0.4568508138834982,0.0006806044935034776,225
4,2,components_scratch,0,300,False,0.617952366898296,2.8956391664634755,225
4,2,components_scratch,1,300,False,0.06199595905340142,1.2826430962420645,225
4,2,components_spm,0,300,False,0.6275965964452285,7.625503917249671,225
4,2,components_spm,1,300,False,0.06346779439937278,0.48611127040096064,225
4,2,components_multifidelity,0,300,False,0.6381205015026301,0.00042129389277565765,225
4,2,components_multifidelity,1,300,False,0.06672032342985858,0.0008658161793447944,225
4,3,direct_scratch,0,300,False,0.2874951482642564,5.780208483856905,225
4,3,direct_scratch,1,300,False,0.3628303152587689,0.9142725025151329,225
4,3,direct_spm,0,120,False,0.34987561931195227,3.512627188186959,225
4,3,direct_spm,1,120,False,0.43527811566844127,1.4975693818876863,225
4,3,direct_multifidelity,0,300,False,0.2801209541858838,0.000829893276334177,225
4,3,direct_multifidelity,1,300,False,0.4233704504176752,0.0006806044935034776,225
4,3,components_scratch,0,300,False,0.642465488721867,5.890680448894292,225
4,3,components_scratch,1,300,False,0.04932877239718843,1.1633131961327803,225
4,3,components_spm,0,120,False,0.7182676208702273,4.516695180996965,225
4,3,components_spm,1,120,False,0.054501667560914534,0.5242290079628351,225
4,3,components_multifidelity,0,300,False,0.6463391691997863,0.00042129389277565765,225
4,3,components_multifidelity,1,300,False,0.05106917088451105,0.0008658161793447944,225
4,4,direct_scratch,0,300,False,0.26271305706802167,2.3300784364500498,225
4,4,direct_scratch,1,300,False,0.4252555077525554,1.2547122052363118,225
4,4,direct_spm,0,300,False,0.266768806016903,4.551734866864152,225
4,4,direct_spm,1,300,False,0.46743595764317336,2.5409646869116083,225
4,4,direct_multifidelity,0,300,False,0.2865400508851585,0.000829893276334177,225
4,4,direct_multifidelity,1,300,False,0.48602228933154024,0.0006806044935034776,225
4,4,components_scratch,0,300,False,0.6376167917413211,2.836681064763583,225
4,4,components_scratch,1,300,False,0.07116050155392771,2.1222054273873483,225
4,4,components_spm,0,300,False,0.6762307075228106,6.561722639894676,225
4,4,components_spm,1,300,False,0.07338901683228549,0.5339022762631734,225
4,4,components_multifidelity,0,300,False,0.710562587913218,0.00042129389277565765,225
4,4,components_multifidelity,1,300,False,0.07485463411659105,0.0008658161793447944,225
4,5,direct_scratch,0,120,False,0.7946153317674446,3.720061328458802,225
4,5,direct_scratch,1,120,False,0.4620105477349993,1.1166591388668734,225
4,5,direct_spm,0,300,False,0.25494552268096615,4.884966860739934,225
4,5,direct_spm,1,300,False,0.41775051100173644,2.6920625550845223,225
4,5,direct_multifidelity,0,300,False,0.2770044864678734,0.000829893276334177,225
4,5,direct_multifidelity,1,300,False,0.44286829151884344,0.0006806044935034776,225
4,5,components_scratch,0,300,False,0.616054174104485,4.327476756569525,225
4,5,components_scratch,1,300,False,0.06853872287464476,1.2283145132604565,225
4,5,components_spm,0,300,False,0.6278869104381581,7.142487087474973,225
4,5,components_spm,1,300,False,0.07460485824648184,0.46849237490250617,225
4,5,components_multifidelity,0,300,False,0.6474440879070469,0.00042129389277565765,225
4,5,components_multifidelity,1,300,False,0.07648987023111616,0.0008658161793447944,225
5,1,direct_scratch,0,300,False,0.29842663413693904,3.4209962064024113,225
5,1,direct_scratch,1,300,False,0.41942178295611754,0.8208404858237557,225
5,1,direct_spm,0,300,False,0.26172261670371616,5.008648299636012,225
5,1,direct_spm,1,300,False,0.49463636479625184,0.00013449986780816908,225
5,1,direct_multifidelity,0,300,False,0.2738413132874387,0.0007785967700762402,225
5,1,direct_multifidelity,1,300,False,0.5158328287450935,0.00013449986780816908,225
5,1,components_scratch,0,300,False,0.7648141298906472,4.0557177634886745,225
5,1,components_scratch,1,300,False,0.09060520085066745,2.136963876418367,225
5,1,components_spm,0,300,False,0.7180782083805187,7.405686121729363,225
5,1,components_spm,1,300,False,0.0799765501574648,0.49019450175190254,225
5,1,components_multifidelity,0,300,False,0.7395267025457176,0.0012019670755981902,225
5,1,components_multifidelity,1,300,False,0.08189199269323703,0.0009971202420094617,225
5,2,direct_scratch,0,300,False,0.26407487194471807,3.637646971037355,225
5,2,direct_scratch,1,300,False,0.3252712360169845,0.649898376749291,225
5,2,direct_spm,0,300,False,0.2504592936943747,5.093204148167411,225
5,2,direct_spm,1,300,False,0.4182729406964144,0.00013449986780816908,225
5,2,direct_multifidelity,0,300,False,0.2616904971440136,0.0007785967700762402,225
5,2,direct_multifidelity,1,300,False,0.44160653752780615,0.00013449986780816908,225
5,2,components_scratch,0,300,False,0.6380503764140838,4.0957724204925094,225
5,2,components_scratch,1,300,False,0.064362833992921,1.3466508742630119,225
5,2,components_spm,0,300,False,0.6706607776294071,7.587785856323342,225
5,2,components_spm,1,300,False,0.0648049833940131,0.4858736399339329,225
5,2,components_multifidelity,0,300,False,0.7167826340757626,0.0012019670755981902,225
5,2,components_multifidelity,1,300,False,0.06561505609952425,0.0009971202420094617,225
5,3,direct_scratch,0,120,False,0.3167088987033525,2.1980045434018534,225
5,3,direct_scratch,1,120,False,0.5398338809411807,1.7922714036020742,225
5,3,direct_spm,0,120,False,0.32838320107333724,3.5011176711071585,225
5,3,direct_spm,1,120,False,0.435940450752803,0.00013449986780816908,225
5,3,direct_multifidelity,0,300,False,0.2702511203865802,0.0007785967700762402,225
5,3,direct_multifidelity,1,300,False,0.4162174898647699,0.00013449986780816908,225
5,3,components_scratch,0,120,False,0.6941245547612588,2.4558590747769227,225
5,3,components_scratch,1,120,False,0.046786105308200106,0.1194926096397641,225
5,3,components_spm,0,120,False,0.7226803420478038,4.491939444062324,225
5,3,components_spm,1,120,False,0.05223991703666077,0.523150741087753,225
5,3,components_multifidelity,0,300,False,0.6657646044779179,0.0012019670755981902,225
5,3,components_multifidelity,1,300,False,0.04919907619542986,0.0009971202420094617,225
5,4,direct_scratch,0,300,False,0.2684965393418265,4.586020648046756,225
5,4,direct_scratch,1,300,False,0.48339055489690735,1.9899184674287966,225
5,4,direct_spm,0,300,False,0.26894324471156195,4.534336637001454,225
5,4,direct_spm,1,300,False,0.4655540732255284,0.00013449986780816908,225
5,4,direct_multifidelity,0,300,False,0.29006828102496485,0.0007785967700762402,225
5,4,direct_multifidelity,1,300,False,0.4866331082271991,0.00013449986780816908,225
5,4,components_scratch,0,300,False,0.6555730932899619,5.067188420026464,225
5,4,components_scratch,1,300,False,0.07023863388453445,0.806839803292625,225
5,4,components_spm,0,300,False,0.7011415771544186,6.539524489782956,225
5,4,components_spm,1,300,False,0.0736573367018264,0.533497965949239,225
5,4,components_multifidelity,0,300,False,0.7541886715599802,0.0012019670755981902,225
5,4,components_multifidelity,1,300,False,0.07383063931883045,0.0009971202420094617,225
5,5,direct_scratch,0,300,False,0.29508409111963985,3.875995443625414,225
5,5,direct_scratch,1,300,False,0.4052361004514541,2.233013839013382,225
5,5,direct_spm,0,300,False,0.24478210290162486,4.867519839563921,225
5,5,direct_spm,1,300,False,0.4057579582547362,0.00013449986780816908,225
5,5,direct_multifidelity,0,300,False,0.26971302766460564,0.0007785967700762402,225
5,5,direct_multifidelity,1,300,False,0.4339614636464237,0.00013449986780816908,225
5,5,components_scratch,0,300,False,0.6846006158299548,4.516916648332032,225
5,5,components_scratch,1,300,False,0.057462325069023545,0.18417174738506215,225
5,5,components_spm,0,300,False,0.6374723394919695,7.110663381285177,225
5,5,components_spm,1,300,False,0.07339595712494941,0.46773510197355145,225
5,5,components_multifidelity,0,300,False,0.6839964430064968,0.0012019670755981902,225
5,5,components_multifidelity,1,300,False,0.07393366604716542,0.0009971202420094617,225
