field_id,acquisition_date,row_id,repeat,fold,method,observed_hh,observed_vv,predicted_hh,predicted_vv
102,2012-06-22,0,1,1,training_mean,-9.99305662822514,-8.79817877926706,-13.45663870750562,-12.61306981388145
102,2012-06-25,1,1,1,training_mean,-12.531601150465749,-11.66376412888952,-13.45663870750562,-12.61306981388145
102,2012-06-27,2,1,1,training_mean,-13.824150189036494,-13.092069934241463,-13.45663870750562,-12.61306981388145
102,2012-06-29,3,1,1,training_mean,-16.257897492533367,-15.208138461464548,-13.45663870750562,-12.61306981388145
102,2012-07-03,4,1,1,training_mean,-16.972854904933463,-16.006887187487745,-13.45663870750562,-12.61306981388145
102,2012-07-05,5,1,1,training_mean,-9.33924069770707,-8.656858782208532,-13.45663870750562,-12.61306981388145
102,2012-07-08,6,1,1,training_mean,-10.129457779827602,-9.071938641334588,-13.45663870750562,-12.61306981388145
102,2012-07-10,7,1,1,training_mean,-14.95434368762578,-14.112183043981709,-13.45663870750562,-12.61306981388145
102,2012-07-13,8,1,1,training_mean,-13.040928736232008,-12.623105650838758,-13.45663870750562,-12.61306981388145
102,2012-07-14,9,1,1,training_mean,-14.05307066181518,-13.624205649269282,-13.45663870750562,-12.61306981388145
102,2012-07-17,10,1,1,training_mean,-5.014295508188514,-4.452412337847899,-13.45663870750562,-12.61306981388145
102,2012-07-19,11,1,1,training_mean,-10.3251467740893,-11.06628687788346,-13.45663870750562,-12.61306981388145
113,2012-06-22,52,1,1,training_mean,-13.904265705279988,-12.764677230796163,-13.45663870750562,-12.61306981388145
113,2012-06-25,53,1,1,training_mean,-16.669071704883304,-15.628078749949356,-13.45663870750562,-12.61306981388145
113,2012-06-27,54,1,1,training_mean,-14.811475736323674,-13.35586717012636,-13.45663870750562,-12.61306981388145
113,2012-06-29,55,1,1,training_mean,-15.92598616952252,-15.461089933350909,-13.45663870750562,-12.61306981388145
113,2012-07-03,56,1,1,training_mean,-16.71830299690373,-16.40581203055868,-13.45663870750562,-12.61306981388145
113,2012-07-05,57,1,1,training_mean,-13.78856756792369,-13.696217585568537,-13.45663870750562,-12.61306981388145
113,2012-07-08,58,1,1,training_mean,-14.418687481499695,-13.97967004287996,-13.45663870750562,-12.61306981388145
113,2012-07-10,59,1,1,training_mean,-17.080441343912007,-16.174207082951458,-13.45663870750562,-12.61306981388145
113,2012-07-13,60,1,1,training_mean,-15.7154542397935,-15.429148237454791,-13.45663870750562,-12.61306981388145
113,2012-07-14,61,1,1,training_mean,-16.398165435484163,-15.965865563125584,-13.45663870750562,-12.61306981388145
113,2012-07-17,62,1,1,training_mean,-13.772013528373366,-13.330322847631932,-13.45663870750562,-12.61306981388145
113,2012-07-19,63,1,1,training_mean,-15.339653345452165,-14.756417517017454,-13.45663870750562,-12.61306981388145
12,2012-06-22,64,1,1,training_mean,-12.945592837955164,-13.621175265774452,-13.45663870750562,-12.61306981388145
12,2012-06-25,65,1,1,training_mean,-14.515020703038497,-14.66903662669498,-13.45663870750562,-12.61306981388145
12,2012-06-27,66,1,1,training_mean,-12.863896772641066,-14.252905240550222,-13.45663870750562,-12.61306981388145
12,2012-06-29,67,1,1,training_mean,-14.492924226367006,-14.921340450348202,-13.45663870750562,-12.61306981388145
12,2012-07-03,68,1,1,training_mean,-14.448141145411636,-15.00202312418917,-13.45663870750562,-12.61306981388145
12,2012-07-08,69,1,1,training_mean,-14.914279673093365,-14.773522086284936,-13.45663870750562,-12.61306981388145
12,2012-07-10,70,1,1,training_mean,-15.09795788808382,-15.53251252603237,-13.45663870750562,-12.61306981388145
12,2012-07-13,71,1,1,training_mean,-13.406426700413132,-13.68014012079193,-13.45663870750562,-12.61306981388145
12,2012-07-14,72,1,1,training_mean,-14.867982021875928,-14.80191273828741,-13.45663870750562,-12.61306981388145
12,2012-07-17,73,1,1,training_mean,-13.089522506330766,-13.652175532794685,-13.45663870750562,-12.61306981388145
32,2012-06-22,115,1,1,training_mean,-15.06141043899014,-15.128490659381375,-13.45663870750562,-12.61306981388145
32,2012-06-25,116,1,1,training_mean,-16.76615352729908,-16.21045729230626,-13.45663870750562,-12.61306981388145
32,2012-06-27,117,1,1,training_mean,-17.009874339814527,-15.91007270121822,-13.45663870750562,-12.61306981388145
32,2012-07-05,118,1,1,training_mean,-18.532027142875947,-17.61351226515993,-13.45663870750562,-12.61306981388145
32,2012-07-08,119,1,1,training_mean,-19.51691196321064,-18.66502996569921,-13.45663870750562,-12.61306981388145
32,2012-07-10,120,1,1,training_mean,-20.20667659920886,-19.288993971916742,-13.45663870750562,-12.61306981388145
32,2012-07-13,121,1,1,training_mean,-16.420978415919013,-16.21573089018048,-13.45663870750562,-12.61306981388145
32,2012-07-14,122,1,1,training_mean,-17.739515725707594,-17.16765829163566,-13.45663870750562,-12.61306981388145
32,2012-07-17,123,1,1,training_mean,-16.639945346572592,-14.987927440241748,-13.45663870750562,-12.61306981388145
32,2012-07-19,124,1,1,training_mean,-17.68072899591165,-18.28022745214581,-13.45663870750562,-12.61306981388145
102,2012-06-22,0,1,1,ridge,-9.99305662822514,-8.79817877926706,-13.484581664147795,-12.663428089946484
102,2012-06-25,1,1,1,ridge,-12.531601150465749,-11.66376412888952,-13.474826157284058,-12.646112456816832
102,2012-06-27,2,1,1,ridge,-13.824150189036494,-13.092069934241463,-13.468769960931382,-12.635329665542566
102,2012-06-29,3,1,1,ridge,-16.257897492533367,-15.208138461464548,-13.459201598598346,-12.618203120268554
102,2012-07-03,4,1,1,ridge,-16.972854904933463,-16.006887187487745,-13.454578726456932,-12.609865954066027
102,2012-07-05,5,1,1,ridge,-9.33924069770707,-8.656858782208532,-13.461213337715241,-12.621816203485931
102,2012-07-08,6,1,1,ridge,-10.129457779827602,-9.071938641334588,-13.454245432294536,-12.60926264558903
102,2012-07-10,7,1,1,ridge,-14.95434368762578,-14.112183043981709,-13.456090473012837,-12.612598347110952
102,2012-07-13,8,1,1,ridge,-13.040928736232008,-12.623105650838758,-13.453106736876547,-12.607198778827286
102,2012-07-14,9,1,1,ridge,-14.05307066181518,-13.624205649269282,-13.450398757039721,-12.602271676100253
102,2012-07-17,10,1,1,ridge,-5.014295508188514,-4.452412337847899,-13.45563641869117,-12.61177834542081
102,2012-07-19,11,1,1,ridge,-10.3251467740893,-11.06628687788346,-13.453947431293479,-12.608722930321408
113,2012-06-22,52,1,1,ridge,-13.904265705279988,-12.764677230796163,-13.471312756661384,-12.641426187684571
113,2012-06-25,53,1,1,ridge,-16.669071704883304,-15.628078749949356,-13.465898735995745,-12.631770068284453
113,2012-06-27,54,1,1,ridge,-14.811475736323674,-13.35586717012636,-13.461660985378032,-12.624185513163592
113,2012-06-29,55,1,1,ridge,-15.92598616952252,-15.461089933350909,-13.459457691731215,-12.620230302243629
113,2012-07-03,56,1,1,ridge,-16.71830299690373,-16.40581203055868,-13.452086355071168,-12.606914456320725
113,2012-07-05,57,1,1,ridge,-13.78856756792369,-13.696217585568537,-13.46028656281094,-12.621719316969367
113,2012-07-08,58,1,1,ridge,-14.418687481499695,-13.97967004287996,-13.457438008691772,-12.616596030400048
113,2012-07-10,59,1,1,ridge,-17.080441343912007,-16.174207082951458,-13.45448498924215,-12.611264371192558
113,2012-07-13,60,1,1,ridge,-15.7154542397935,-15.429148237454791,-13.453046420253719,-12.608657870858424
113,2012-07-14,61,1,1,ridge,-16.398165435484163,-15.965865563125584,-13.453001072181433,-12.608575595247073
113,2012-07-17,62,1,1,ridge,-13.772013528373366,-13.330322847631932,-13.457438378887716,-12.616596697382706
113,2012-07-19,63,1,1,ridge,-15.339653345452165,-14.756417517017454,-13.455801541552347,-12.613644288810995
12,2012-06-22,64,1,1,ridge,-12.945592837955164,-13.621175265774452,-13.453640333310716,-12.60881559705014
12,2012-06-25,65,1,1,ridge,-14.515020703038497,-14.66903662669498,-13.45202345699939,-12.605844589611689
12,2012-06-27,66,1,1,ridge,-12.863896772641066,-14.252905240550222,-13.452145244311579,-12.60606893008826
12,2012-06-29,67,1,1,ridge,-14.492924226367006,-14.921340450348202,-13.452808051896595,-12.607288221992578
12,2012-07-03,68,1,1,ridge,-14.448141145411636,-15.00202312418917,-13.453342070657822,-12.608268683499954
12,2012-07-08,69,1,1,ridge,-14.914279673093365,-14.773522086284936,-13.45116309077463,-12.60425686348198
12,2012-07-10,70,1,1,ridge,-15.09795788808382,-15.53251252603237,-13.452594238523913,-12.606895190035411
12,2012-07-13,71,1,1,ridge,-13.406426700413132,-13.68014012079193,-13.452070374623075,-12.605931026517323
12,2012-07-14,72,1,1,ridge,-14.867982021875928,-14.80191273828741,-13.451685176747525,-12.605220937743878
12,2012-07-17,73,1,1,ridge,-13.089522506330766,-13.652175532794685,-13.45473417690889,-12.610817364894118
32,2012-06-22,115,1,1,ridge,-15.06141043899014,-15.128490659381375,-13.488248040357291,-12.670900427377775
32,2012-06-25,116,1,1,ridge,-16.76615352729908,-16.21045729230626,-13.480476148388355,-12.657078007469773
32,2012-06-27,117,1,1,ridge,-17.009874339814527,-15.91007270121822,-13.477124488742016,-12.65109997187215
32,2012-07-05,118,1,1,ridge,-18.532027142875947,-17.61351226515993,-13.46245525871797,-12.624716049440282
32,2012-07-08,119,1,1,ridge,-19.51691196321064,-18.66502996569921,-13.460822193602933,-12.621742809407495
32,2012-07-10,120,1,1,ridge,-20.20667659920886,-19.288993971916742,-13.460789721714628,-12.621683576746957
32,2012-07-13,121,1,1,ridge,-16.420978415919013,-16.21573089018048,-13.48144083844908,-12.658796448540729
32,2012-07-14,122,1,1,ridge,-17.739515725707594,-17.16765829163566,-13.474154599543944,-12.645791332731935
32,2012-07-17,123,1,1,ridge,-16.639945346572592,-14.987927440241748,-13.480339825081249,-12.65683509587954
32,2012-07-19,124,1,1,ridge,-17.68072899591165,-18.28022745214581,-13.474413996500628,-12.646255492672397
102,2012-06-22,0,1,1,ridge_vwc,-9.99305662822514,-8.79817877926706,-13.491233819214001,-12.682183153192911
102,2012-06-25,1,1,1,ridge_vwc,-12.531601150465749,-11.66376412888952,-13.481559278992748,-12.665095797138209
102,2012-06-27,2,1,1,ridge_vwc,-13.824150189036494,-13.092069934241463,-13.475553558327368,-12.654455316844102
102,2012-06-29,3,1,1,ridge_vwc,-16.257897492533367,-15.208138461464548,-13.465763687724966,-12.636704251912894
102,2012-07-03,4,1,1,ridge_vwc,-16.972854904933463,-16.006887187487745,-13.461180021778144,-12.628477623521338
102,2012-07-05,5,1,1,ridge_vwc,-9.33924069770707,-8.656858782208532,-13.466822526802082,-12.637630732016582
102,2012-07-08,6,1,1,ridge_vwc,-10.129457779827602,-9.071938641334588,-13.45991363427897,-12.625243554881365
102,2012-07-10,7,1,1,ridge_vwc,-14.95434368762578,-14.112183043981709,-13.461742974908432,-12.6285349916265
102,2012-07-13,8,1,1,ridge_vwc,-13.040928736232008,-12.623105650838758,-13.45878466141572,-12.623207099857204
102,2012-07-14,9,1,1,ridge_vwc,-14.05307066181518,-13.624205649269282,-13.455195049797249,-12.615794327499763
102,2012-07-17,10,1,1,ridge_vwc,-5.014295508188514,-4.452412337847899,-13.460387904724247,-12.625174668894624
102,2012-07-19,11,1,1,ridge_vwc,-10.3251467740893,-11.06628687788346,-13.458713301254086,-12.622159807791315
113,2012-06-22,52,1,1,ridge_vwc,-13.904265705279988,-12.764677230796163,-13.478007157871229,-12.660300359563914
113,2012-06-25,53,1,1,ridge_vwc,-16.669071704883304,-15.628078749949356,-13.472638366859329,-12.65077176049488
113,2012-06-27,54,1,1,ridge_vwc,-14.811475736323674,-13.35586717012636,-13.468436186848063,-12.6432874930202
113,2012-06-29,55,1,1,ridge_vwc,-15.92598616952252,-15.461089933350909,-13.466251462453233,-12.639384636185794
113,2012-07-03,56,1,1,ridge_vwc,-16.71830299690373,-16.40581203055868,-13.458367192145065,-12.624622626889364
113,2012-07-05,57,1,1,ridge_vwc,-13.78856756792369,-13.696217585568537,-13.466497752092685,-12.639231122790981
113,2012-07-08,58,1,1,ridge_vwc,-14.418687481499695,-13.97967004287996,-13.463673267455693,-12.634175697637401
113,2012-07-10,59,1,1,ridge_vwc,-17.080441343912007,-16.174207082951458,-13.460745330531692,-12.628914756016878
113,2012-07-13,60,1,1,ridge_vwc,-15.7154542397935,-15.429148237454791,-13.458330619245537,-12.623556123426491
113,2012-07-14,61,1,1,ridge_vwc,-16.398165435484163,-15.965865563125584,-13.458285658897882,-12.623474940964634
113,2012-07-17,62,1,1,ridge_vwc,-13.772013528373366,-13.330322847631932,-13.462685214858844,-12.631389608777997
113,2012-07-19,63,1,1,ridge_vwc,-15.339653345452165,-14.756417517017454,-13.461062262188417,-12.628476346583145
12,2012-06-22,64,1,1,ridge_vwc,-12.945592837955164,-13.621175265774452,-13.460482874370177,-12.62810743391492
12,2012-06-25,65,1,1,ridge_vwc,-14.515020703038497,-14.66903662669498,-13.458940832914106,-12.625347415611474
12,2012-06-27,66,1,1,ridge_vwc,-12.863896772641066,-14.252905240550222,-13.459061557442425,-12.625568759678831
12,2012-06-29,67,1,1,ridge_vwc,-14.492924226367006,-14.921340450348202,-13.459718591463004,-12.62677177361532
12,2012-07-03,68,1,1,ridge_vwc,-14.448141145411636,-15.00202312418917,-13.46024797067605,-12.627739154396423
12,2012-07-08,69,1,1,ridge_vwc,-14.914279673093365,-14.773522086284936,-13.458101638779153,-12.623819381999374
12,2012-07-10,70,1,1,ridge_vwc,-15.09795788808382,-15.53251252603237,-13.459520284458646,-12.626422460259986
12,2012-07-13,71,1,1,ridge_vwc,-13.406426700413132,-13.68014012079193,-13.459000986809597,-12.625471170816573
12,2012-07-14,72,1,1,ridge_vwc,-14.867982021875928,-14.80191273828741,-13.458242846170956,-12.623709608492161
12,2012-07-17,73,1,1,ridge_vwc,-13.089522506330766,-13.652175532794685,-13.461265366549146,-12.629231378632266
32,2012-06-22,115,1,1,ridge_vwc,-15.06141043899014,-15.128490659381375,-13.482396293798041,-12.654402033138846
32,2012-06-25,116,1,1,ridge_vwc,-16.76615352729908,-16.21045729230626,-13.474689081049352,-12.640761969603226
32,2012-06-27,117,1,1,ridge_vwc,-17.009874339814527,-15.91007270121822,-13.471365423130093,-12.634862881979185
32,2012-07-05,118,1,1,ridge_vwc,-18.532027142875947,-17.61351226515993,-13.458260686670053,-12.612889887351843
32,2012-07-08,119,1,1,ridge_vwc,-19.51691196321064,-18.66502996569921,-13.456641650052426,-12.609956199216684
32,2012-07-10,120,1,1,ridge_vwc,-20.20667659920886,-19.288993971916742,-13.456609457824106,-12.609897755028554
32,2012-07-13,121,1,1,ridge_vwc,-16.420978415919013,-16.21573089018048,-13.47706536998141,-12.64646026770502
32,2012-07-14,122,1,1,ridge_vwc,-17.739515725707594,-17.16765829163566,-13.469840064049249,-12.63362694611187
32,2012-07-17,123,1,1,ridge_vwc,-16.639945346572592,-14.987927440241748,-13.47597353972757,-12.64452480588402
32,2012-07-19,124,1,1,ridge_vwc,-17.68072899591165,-18.28022745214581,-13.47009728431875,-12.63408496910793
103,2012-06-22,12,1,2,training_mean,-13.28404803220713,-14.50588749676858,-13.76737493599684,-13.032249531046768
103,2012-06-25,13,1,2,training_mean,-16.131145095034995,-15.46262940062864,-13.76737493599684,-13.032249531046768
103,2012-06-27,14,1,2,training_mean,-17.302172301136643,-16.600968273984137,-13.76737493599684,-13.032249531046768
103,2012-06-29,15,1,2,training_mean,-18.92242109331228,-19.84632772841422,-13.76737493599684,-13.032249531046768
103,2012-07-03,16,1,2,training_mean,-19.721002788928228,-19.15218621961358,-13.76737493599684,-13.032249531046768
103,2012-07-05,17,1,2,training_mean,-15.574795029478718,-16.124130866471255,-13.76737493599684,-13.032249531046768
103,2012-07-08,18,1,2,training_mean,-15.86824246394819,-13.95091862281008,-13.76737493599684,-13.032249531046768
103,2012-07-10,19,1,2,training_mean,-18.213341870266973,-18.550990854715437,-13.76737493599684,-13.032249531046768
103,2012-07-13,20,1,2,training_mean,-17.380179341408088,-18.568000178127388,-13.76737493599684,-13.032249531046768
103,2012-07-14,21,1,2,training_mean,-17.84275788106028,-18.72912571156667,-13.76737493599684,-13.032249531046768
103,2012-07-17,22,1,2,training_mean,-12.595339414809716,-16.21757943788777,-13.76737493599684,-13.032249531046768
103,2012-07-19,23,1,2,training_mean,-13.27427678242666,-15.321122470570982,-13.76737493599684,-13.032249531046768
13,2012-06-22,74,1,2,training_mean,-10.95121562728075,-10.836542679634643,-13.76737493599684,-13.032249531046768
13,2012-06-25,75,1,2,training_mean,-11.458297201471416,-10.898435818050771,-13.76737493599684,-13.032249531046768
13,2012-06-27,76,1,2,training_mean,-12.223609920228132,-12.934752148036708,-13.76737493599684,-13.032249531046768
13,2012-06-29,77,1,2,training_mean,-11.448270309198136,-11.2433082687523,-13.76737493599684,-13.032249531046768
13,2012-07-03,78,1,2,training_mean,-12.551702173139232,-12.419073457363856,-13.76737493599684,-13.032249531046768
13,2012-07-05,79,1,2,training_mean,-11.669499780585308,-11.286786750538766,-13.76737493599684,-13.032249531046768
13,2012-07-08,80,1,2,training_mean,-11.321650078114684,-11.1656550129835,-13.76737493599684,-13.032249531046768
13,2012-07-10,81,1,2,training_mean,-11.727868729384712,-11.935053682323652,-13.76737493599684,-13.032249531046768
13,2012-07-13,82,1,2,training_mean,-12.026032448831875,-11.872937682586244,-13.76737493599684,-13.032249531046768
13,2012-07-14,83,1,2,training_mean,-11.972256235669958,-11.943871245857252,-13.76737493599684,-13.032249531046768
13,2012-07-17,84,1,2,training_mean,-11.82663223841094,-11.483975197550755,-13.76737493599684,-13.032249531046768
21,2012-06-22,85,1,2,training_mean,-12.060684803223303,-12.00798502229204,-13.76737493599684,-13.032249531046768
21,2012-06-25,86,1,2,training_mean,-11.883841971912686,-12.210536948445432,-13.76737493599684,-13.032249531046768
21,2012-06-27,87,1,2,training_mean,-12.365598290861646,-12.30940230521551,-13.76737493599684,-13.032249531046768
21,2012-06-29,88,1,2,training_mean,-12.329567928959571,-12.661731465224886,-13.76737493599684,-13.032249531046768
21,2012-07-03,89,1,2,training_mean,-12.372478416020387,-12.607187868485305,-13.76737493599684,-13.032249531046768
21,2012-07-05,90,1,2,training_mean,-13.469467864213264,-13.597165841674228,-13.76737493599684,-13.032249531046768
21,2012-07-08,91,1,2,training_mean,-12.336402358206886,-12.252348442564678,-13.76737493599684,-13.032249531046768
21,2012-07-10,92,1,2,training_mean,-12.541026866239491,-12.812605872689588,-13.76737493599684,-13.032249531046768
21,2012-07-13,93,1,2,training_mean,-12.4089785153199,-12.554376658633377,-13.76737493599684,-13.032249531046768
21,2012-07-14,94,1,2,training_mean,-12.379464552633484,-12.44514025029632,-13.76737493599684,-13.032249531046768
21,2012-07-17,95,1,2,training_mean,-12.042182130233446,-11.668944707481812,-13.76737493599684,-13.032249531046768
31,2012-06-22,107,1,2,training_mean,-12.261406145930293,-7.675525079895581,-13.76737493599684,-13.032249531046768
31,2012-06-25,108,1,2,training_mean,-13.7206393003222,-8.753125563605451,-13.76737493599684,-13.032249531046768
31,2012-06-27,109,1,2,training_mean,-15.56720520685795,-10.869677151623607,-13.76737493599684,-13.032249531046768
31,2012-07-05,110,1,2,training_mean,-14.630903606681327,-11.607199044191669,-13.76737493599684,-13.032249531046768
31,2012-07-08,111,1,2,training_mean,-15.85527387686205,-13.88497530384446,-13.76737493599684,-13.032249531046768
31,2012-07-10,112,1,2,training_mean,-15.57735025790433,-12.952276282179165,-13.76737493599684,-13.032249531046768
31,2012-07-14,113,1,2,training_mean,-12.061582027927042,-8.958668222109942,-13.76737493599684,-13.032249531046768
31,2012-07-19,114,1,2,training_mean,-12.650706086949413,-10.232511026694295,-13.76737493599684,-13.032249531046768
41,2012-06-22,125,1,2,training_mean,-9.893244615306044,-8.032288058491003,-13.76737493599684,-13.032249531046768
41,2012-06-25,126,1,2,training_mean,-11.472227604071437,-9.15859918683018,-13.76737493599684,-13.032249531046768
41,2012-06-27,127,1,2,training_mean,-12.472382986190222,-8.801892289617859,-13.76737493599684,-13.032249531046768
41,2012-07-05,128,1,2,training_mean,-12.028670241841908,-9.29119256932756,-13.76737493599684,-13.032249531046768
41,2012-07-08,129,1,2,training_mean,-13.748748630293996,-9.894634362662554,-13.76737493599684,-13.032249531046768
41,2012-07-10,130,1,2,training_mean,-13.74442709563778,-12.417942595591338,-13.76737493599684,-13.032249531046768
41,2012-07-14,131,1,2,training_mean,-11.651468732388375,-9.450060398721016,-13.76737493599684,-13.032249531046768
41,2012-07-17,132,1,2,training_mean,-11.500314383218642,-8.561757537563716,-13.76737493599684,-13.032249531046768
41,2012-07-19,133,1,2,training_mean,-12.348418871911427,-10.04476099949582,-13.76737493599684,-13.032249531046768
103,2012-06-22,12,1,2,ridge,-13.28404803220713,-14.50588749676858,-14.387232424521159,-14.456967579100532
103,2012-06-25,13,1,2,ridge,-16.131145095034995,-15.46262940062864,-14.07815575316848,-13.89690228486304
103,2012-06-27,14,1,2,ridge,-17.302172301136643,-16.600968273984137,-13.736759111199884,-13.272705877139725
103,2012-06-29,15,1,2,ridge,-18.92242109331228,-19.84632772841422,-13.475238822272894,-12.78630697025793
103,2012-07-03,16,1,2,ridge,-19.721002788928228,-19.15218621961358,-13.344235626224492,-12.537822196178759
103,2012-07-05,17,1,2,ridge,-15.574795029478718,-16.124130866471255,-13.522537618340099,-12.875078215478943
103,2012-07-08,18,1,2,ridge,-15.86824246394819,-13.95091862281008,-13.402762067663067,-12.64936691870223
103,2012-07-10,19,1,2,ridge,-18.213341870266973,-18.550990854715437,-13.320828521666702,-12.492928032709035
103,2012-07-13,20,1,2,ridge,-17.380179341408088,-18.568000178127388,-13.288881760311623,-12.43135844397209
103,2012-07-14,21,1,2,ridge,-17.84275788106028,-18.72912571156667,-13.312154674064585,-12.476246455442746
103,2012-07-17,22,1,2,ridge,-12.595339414809716,-16.21757943788777,-13.439864335169467,-12.71961852862048
103,2012-07-19,23,1,2,ridge,-13.27427678242666,-15.321122470570982,-13.37382862990271,-12.59434216555814
13,2012-06-22,74,1,2,ridge,-10.95121562728075,-10.836542679634643,-13.500307128015612,-12.833158141724667
13,2012-06-25,75,1,2,ridge,-11.458297201471416,-10.898435818050771,-13.522502675919302,-12.874384241976971
13,2012-06-27,76,1,2,ridge,-12.223609920228132,-12.934752148036708,-13.48536866341459,-12.805371161687932
13,2012-06-29,77,1,2,ridge,-11.448270309198136,-11.2433082687523,-13.395101579692392,-12.636697849696816
13,2012-07-03,78,1,2,ridge,-12.551702173139232,-12.419073457363856,-13.305559103299789,-12.467826405123455
13,2012-07-05,79,1,2,ridge,-11.669499780585308,-11.286786750538766,-13.329491799192793,-12.51313622588632
13,2012-07-08,80,1,2,ridge,-11.321650078114684,-11.1656550129835,-13.327312068220067,-12.50901513142798
13,2012-07-10,81,1,2,ridge,-11.727868729384712,-11.935053682323652,-13.291542758990364,-12.44122513503725
13,2012-07-13,82,1,2,ridge,-12.026032448831875,-11.872937682586244,-13.356371874397402,-12.563868902568402
13,2012-07-14,83,1,2,ridge,-11.972256235669958,-11.943871245857252,-13.301625780983281,-12.460366455376445
13,2012-07-17,84,1,2,ridge,-11.82663223841094,-11.483975197550755,-13.43350011219026,-12.708619892362096
21,2012-06-22,85,1,2,ridge,-12.060684803223303,-12.00798502229204,-14.121355433425602,-13.769626524767464
21,2012-06-25,86,1,2,ridge,-11.883841971912686,-12.210536948445432,-14.039114084635399,-13.617343466820028
21,2012-06-27,87,1,2,ridge,-12.365598290861646,-12.30940230521551,-13.941620729901585,-13.435560013562414
21,2012-06-29,88,1,2,ridge,-12.329567928959571,-12.661731465224886,-13.893256387251784,-13.344766967127876
21,2012-07-03,89,1,2,ridge,-12.372478416020387,-12.607187868485305,-13.855183451113167,-13.272956272487116
21,2012-07-05,90,1,2,ridge,-13.469467864213264,-13.597165841674228,-13.81659487359758,-13.199831237928425
21,2012-07-08,91,1,2,ridge,-12.336402358206886,-12.252348442564678,-13.795513759653156,-13.159722474674574
21,2012-07-10,92,1,2,ridge,-12.541026866239491,-12.812605872689588,-13.822062040370636,-13.210213909925011
21,2012-07-13,93,1,2,ridge,-12.4089785153199,-12.554376658633377,-13.977852531030974,-13.503296033630464
21,2012-07-14,94,1,2,ridge,-12.379464552633484,-12.44514025029632,-13.777044620875508,-13.124482318846738
21,2012-07-17,95,1,2,ridge,-12.042182130233446,-11.668944707481812,-13.94781172266878,-13.447150413130604
31,2012-06-22,107,1,2,ridge,-12.261406145930293,-7.675525079895581,-13.961396941712254,-13.702872910699579
31,2012-06-25,108,1,2,ridge,-13.7206393003222,-8.753125563605451,-13.695561494045306,-13.217343788658194
31,2012-06-27,109,1,2,ridge,-15.56720520685795,-10.869677151623607,-13.660547023377182,-13.152980211482358
31,2012-07-05,110,1,2,ridge,-14.630903606681327,-11.607199044191669,-13.402066997915352,-12.673246239204845
31,2012-07-08,111,1,2,ridge,-15.85527387686205,-13.88497530384446,-13.299270158909797,-12.479311437056522
31,2012-07-10,112,1,2,ridge,-15.57735025790433,-12.952276282179165,-13.259489263414787,-12.403579264878363
31,2012-07-14,113,1,2,ridge,-12.061582027927042,-8.958668222109942,-13.711906753503214,-13.247350242162925
31,2012-07-19,114,1,2,ridge,-12.650706086949413,-10.232511026694295,-13.622158305903135,-13.082272363055257
41,2012-06-22,125,1,2,ridge,-9.893244615306044,-8.032288058491003,-14.960604680146645,-14.988133635533014
41,2012-06-25,126,1,2,ridge,-11.472227604071437,-9.15859918683018,-14.793380191575945,-14.68173666100957
41,2012-06-27,127,1,2,ridge,-12.472382986190222,-8.801892289617859,-14.672930069396244,-14.459362047736201
41,2012-07-05,128,1,2,ridge,-12.028670241841908,-9.29119256932756,-14.541158390082819,-14.213845961531977
41,2012-07-08,129,1,2,ridge,-13.748748630293996,-9.894634362662554,-14.456692729954254,-14.05483676165996
41,2012-07-10,130,1,2,ridge,-13.74442709563778,-12.417942595591338,-14.335028521552838,-13.822711743680037
41,2012-07-14,131,1,2,ridge,-11.651468732388375,-9.450060398721016,-14.531358503799346,-14.195471188157068
41,2012-07-17,132,1,2,ridge,-11.500314383218642,-8.561757537563716,-14.910719840329099,-14.8969669913679
41,2012-07-19,133,1,2,ridge,-12.348418871911427,-10.04476099949582,-14.497969332271676,-14.132726696275295
103,2012-06-22,12,1,2,ridge_vwc,-13.28404803220713,-14.50588749676858,-14.428906425075649,-14.605902516928634
103,2012-06-25,13,1,2,ridge_vwc,-16.131145095034995,-15.46262940062864,-14.146444873313001,-14.140954589123146
103,2012-06-27,14,1,2,ridge_vwc,-17.302172301136643,-16.600968273984137,-13.837203637269058,-13.631675475600163
103,2012-06-29,15,1,2,ridge_vwc,-18.92242109331228,-19.84632772841422,-13.601208942350416,-13.23650017830891
103,2012-07-03,16,1,2,ridge_vwc,-19.721002788928228,-19.15218621961358,-13.47333756583634,-12.999207930539365
103,2012-07-05,17,1,2,ridge_vwc,-15.574795029478718,-16.124130866471255,-13.633625888139619,-13.272086526077533
103,2012-07-08,18,1,2,ridge_vwc,-15.86824246394819,-13.95091862281008,-13.525859816704559,-13.089294819943722
103,2012-07-10,19,1,2,ridge_vwc,-18.213341870266973,-18.550990854715437,-13.452362439017108,-12.963005192142164
103,2012-07-13,20,1,2,ridge_vwc,-17.380179341408088,-18.568000178127388,-13.404611983085188,-12.844956210067911
103,2012-07-14,21,1,2,ridge_vwc,-17.84275788106028,-18.72912571156667,-13.425439635816799,-12.881105324544215
103,2012-07-17,22,1,2,ridge_vwc,-12.595339414809716,-16.21757943788777,-13.540050675457193,-13.077665420290204
103,2012-07-19,23,1,2,ridge_vwc,-13.27427678242666,-15.321122470570982,-13.48072665796599,-12.976375350558802
13,2012-06-22,74,1,2,ridge_vwc,-10.95121562728075,-10.836542679634643,-13.592066132044533,-13.161087339267073
13,2012-06-25,75,1,2,ridge_vwc,-11.458297201471416,-10.898435818050771,-13.620554610907181,-13.224803175773602
13,2012-06-27,76,1,2,ridge_vwc,-12.223609920228132,-12.934752148036708,-13.58703940533041,-13.168723021953191
13,2012-06-29,77,1,2,ridge_vwc,-11.448270309198136,-11.2433082687523,-13.505668041608505,-13.031841318340243
13,2012-07-03,78,1,2,ridge_vwc,-12.551702173139232,-12.419073457363856,-13.425118084909556,-12.895107425805865
13,2012-07-05,79,1,2,ridge_vwc,-11.669499780585308,-11.286786750538766,-13.451228098111855,-12.948198563787551
13,2012-07-08,80,1,2,ridge_vwc,-11.321650078114684,-11.1656550129835,-13.449268383769828,-12.944863766847531
13,2012-07-10,81,1,2,ridge_vwc,-11.727868729384712,-11.935053682323652,-13.417127202344751,-12.890040007962789
13,2012-07-13,82,1,2,ridge_vwc,-12.026032448831875,-11.872937682586244,-13.475404498389937,-12.989268821413818
13,2012-07-14,83,1,2,ridge_vwc,-11.972256235669958,-11.943871245857252,-13.42077022156256,-12.886165985398446
13,2012-07-17,84,1,2,ridge_vwc,-11.82663223841094,-11.483975197550755,-13.539449869427054,-13.087264138103087
21,2012-06-22,85,1,2,ridge_vwc,-12.060684803223303,-12.00798502229204,-14.20490723944776,-14.068224760352381
21,2012-06-25,86,1,2,ridge_vwc,-11.883841971912686,-12.210536948445432,-14.130619683154649,-13.944367041352258
21,2012-06-27,87,1,2,ridge_vwc,-12.365598290861646,-12.30940230521551,-14.04269161106543,-13.796768085791678
21,2012-06-29,88,1,2,ridge_vwc,-12.329567928959571,-12.661731465224886,-13.99430304460438,-13.705888468071102
21,2012-07-03,89,1,2,ridge_vwc,-12.372478416020387,-12.607187868485305,-13.960054492933033,-13.64774539485581
21,2012-07-05,90,1,2,ridge_vwc,-13.469467864213264,-13.597165841674228,-13.925901102684271,-13.59047087455185
21,2012-07-08,91,1,2,ridge_vwc,-12.336402358206886,-12.252348442564678,-13.906975161951783,-13.558064289731982
21,2012-07-10,92,1,2,ridge_vwc,-12.541026866239491,-12.812605872689588,-13.930811419540756,-13.598863471043316
21,2012-07-13,93,1,2,ridge_vwc,-12.4089785153199,-12.554376658633377,-14.071035264509149,-13.836313368961118
21,2012-07-14,94,1,2,ridge_vwc,-12.379464552633484,-12.44514025029632,-13.882012146597157,-13.499616256297314
21,2012-07-17,95,1,2,ridge_vwc,-12.042182130233446,-11.668944707481812,-14.035563209491189,-13.760757507729796
31,2012-06-22,107,1,2,ridge_vwc,-12.261406145930293,-7.675525079895581,-13.896265120576317,-13.4701041915355
31,2012-06-25,108,1,2,ridge_vwc,-13.7206393003222,-8.753125563605451,-13.518471026021103,-12.58445619701343
31,2012-06-27,109,1,2,ridge_vwc,-15.56720520685795,-10.869677151623607,-13.486791823603822,-12.532012233096937
31,2012-07-05,110,1,2,ridge_vwc,-14.630903606681327,-11.607199044191669,-13.35199115861382,-12.494284730498428
31,2012-07-08,111,1,2,ridge_vwc,-15.85527387686205,-13.88497530384446,-13.25952514406262,-12.337270326616412
31,2012-07-10,112,1,2,ridge_vwc,-15.57735025790433,-12.952276282179165,-13.223816060338631,-12.276090033904971
31,2012-07-14,113,1,2,ridge_vwc,-12.061582027927042,-8.958668222109942,-13.586488881910952,-12.799130664978279
31,2012-07-19,114,1,2,ridge_vwc,-12.650706086949413,-10.232511026694295,-13.505300423561255,-12.664644556515425
41,2012-06-22,125,1,2,ridge_vwc,-9.893244615306044,-8.032288058491003,-14.721134134384393,-14.132311531338136
41,2012-06-25,126,1,2,ridge_vwc,-11.472227604071437,-9.15859918683018,-14.57878055562064,-13.914798449806499
41,2012-06-27,127,1,2,ridge_vwc,-12.472382986190222,-8.801892289617859,-14.469908181718186,-13.733800502965872
41,2012-07-05,128,1,2,ridge_vwc,-12.028670241841908,-9.29119256932756,-14.517492386440956,-14.129268173603226
41,2012-07-08,129,1,2,ridge_vwc,-13.748748630293996,-9.894634362662554,-14.44147821670352,-14.000462990125346
41,2012-07-10,130,1,2,ridge_vwc,-13.74442709563778,-12.417942595591338,-14.332322220938725,-13.813039940917061
41,2012-07-14,131,1,2,ridge_vwc,-11.651468732388375,-9.450060398721016,-14.500968202858392,-14.086862042862744
41,2012-07-17,132,1,2,ridge_vwc,-11.500314383218642,-8.561757537563716,-14.843743672001862,-14.657606926745865
41,2012-07-19,133,1,2,ridge_vwc,-12.348418871911427,-10.04476099949582,-14.470907795374703,-14.036013919444244
111,2012-06-25,34,1,3,training_mean,-14.238383836743218,-9.045542576988222,-14.098926826491077,-13.52381026418672
111,2012-06-27,35,1,3,training_mean,-15.147228418373352,-9.881794018641486,-14.098926826491077,-13.52381026418672
111,2012-07-03,36,1,3,training_mean,-16.20655494641449,-12.240198837098903,-14.098926826491077,-13.52381026418672
111,2012-07-05,37,1,3,training_mean,-12.029504968523373,-8.07249068497214,-14.098926826491077,-13.52381026418672
111,2012-07-08,38,1,3,training_mean,-10.432732239997303,-7.011457229997938,-14.098926826491077,-13.52381026418672
111,2012-07-10,39,1,3,training_mean,-12.332899347459149,-7.340003351417149,-14.098926826491077,-13.52381026418672
111,2012-07-13,40,1,3,training_mean,-14.054169866092916,-11.5301796466346,-14.098926826491077,-13.52381026418672
111,2012-07-19,41,1,3,training_mean,-13.429778660777457,-11.904793601312772,-14.098926826491077,-13.52381026418672
22,2012-06-22,96,1,3,training_mean,-14.06874113337972,-14.071044446046743,-14.098926826491077,-13.52381026418672
22,2012-06-25,97,1,3,training_mean,-14.018031173978704,-14.77165243150176,-14.098926826491077,-13.52381026418672
22,2012-06-27,98,1,3,training_mean,-14.52803760578295,-13.986810674175691,-14.098926826491077,-13.52381026418672
22,2012-06-29,99,1,3,training_mean,-14.73472458342086,-15.474752085663306,-14.098926826491077,-13.52381026418672
22,2012-07-03,100,1,3,training_mean,-14.42966388900174,-14.829544974500068,-14.098926826491077,-13.52381026418672
22,2012-07-05,101,1,3,training_mean,-15.05532287787254,-15.055072978842215,-14.098926826491077,-13.52381026418672
22,2012-07-08,102,1,3,training_mean,-14.817135252239112,-15.322220725691055,-14.098926826491077,-13.52381026418672
22,2012-07-10,103,1,3,training_mean,-14.95241356410393,-15.432648396871452,-14.098926826491077,-13.52381026418672
22,2012-07-13,104,1,3,training_mean,-14.717210249152869,-14.113650477312552,-14.098926826491077,-13.52381026418672
22,2012-07-14,105,1,3,training_mean,-14.429262660073372,-14.834682689018504,-14.098926826491077,-13.52381026418672
22,2012-07-17,106,1,3,training_mean,-13.95505270639354,-12.9206874664521,-14.098926826491077,-13.52381026418672
54,2012-06-22,167,1,3,training_mean,-10.417640310145606,-12.93767695335395,-14.098926826491077,-13.52381026418672
54,2012-06-25,168,1,3,training_mean,-12.145619340603044,-13.665809902570462,-14.098926826491077,-13.52381026418672
54,2012-06-27,169,1,3,training_mean,-13.136811090059414,-13.432158817741431,-14.098926826491077,-13.52381026418672
54,2012-06-29,170,1,3,training_mean,-13.54880158174925,-13.941944979578206,-14.098926826491077,-13.52381026418672
54,2012-07-03,171,1,3,training_mean,-14.177980939175496,-12.90752399294858,-14.098926826491077,-13.52381026418672
54,2012-07-05,172,1,3,training_mean,-10.10128226996872,-8.994738242219263,-14.098926826491077,-13.52381026418672
54,2012-07-10,173,1,3,training_mean,-11.65562649391276,-9.922527219399468,-14.098926826491077,-13.52381026418672
54,2012-07-13,174,1,3,training_mean,-12.622363619256877,-10.440226544700762,-14.098926826491077,-13.52381026418672
54,2012-07-14,175,1,3,training_mean,-12.103895640843486,-10.37205766013729,-14.098926826491077,-13.52381026418672
71,2012-06-22,199,1,3,training_mean,-9.441352711283985,-15.826503794261775,-14.098926826491077,-13.52381026418672
71,2012-06-25,200,1,3,training_mean,-11.803367901664885,-15.902108388296634,-14.098926826491077,-13.52381026418672
71,2012-06-27,201,1,3,training_mean,-11.830891628824627,-14.88965576948976,-14.098926826491077,-13.52381026418672
71,2012-06-29,202,1,3,training_mean,-11.77120523725996,-14.980783625920942,-14.098926826491077,-13.52381026418672
71,2012-07-03,203,1,3,training_mean,-13.717812008237246,-12.944074636388482,-14.098926826491077,-13.52381026418672
71,2012-07-05,204,1,3,training_mean,-9.126432085488725,-7.106911469422197,-14.098926826491077,-13.52381026418672
71,2012-07-08,205,1,3,training_mean,-8.240456830553434,-5.994288299384496,-14.098926826491077,-13.52381026418672
71,2012-07-10,206,1,3,training_mean,-11.230130999187637,-7.442520681655511,-14.098926826491077,-13.52381026418672
71,2012-07-13,207,1,3,training_mean,-11.462485450039456,-6.739163725963523,-14.098926826491077,-13.52381026418672
71,2012-07-14,208,1,3,training_mean,-12.231283617180784,-7.335724658361975,-14.098926826491077,-13.52381026418672
71,2012-07-17,209,1,3,training_mean,-7.863112808923288,-5.020162935449686,-14.098926826491077,-13.52381026418672
71,2012-07-19,210,1,3,training_mean,-9.806540607315542,-5.7823291025751615,-14.098926826491077,-13.52381026418672
72,2012-06-22,211,1,3,training_mean,-9.156246315375464,-7.121824880330802,-14.098926826491077,-13.52381026418672
72,2012-06-25,212,1,3,training_mean,-11.324356756437597,-9.520516061301445,-14.098926826491077,-13.52381026418672
72,2012-06-27,213,1,3,training_mean,-11.598774165532014,-9.739787261661805,-14.098926826491077,-13.52381026418672
72,2012-06-29,214,1,3,training_mean,-11.694497047916627,-10.620512155280064,-14.098926826491077,-13.52381026418672
72,2012-07-03,215,1,3,training_mean,-13.905355378336193,-10.138786504031716,-14.098926826491077,-13.52381026418672
72,2012-07-05,216,1,3,training_mean,-9.279994157479894,-6.1840522735730685,-14.098926826491077,-13.52381026418672
72,2012-07-08,217,1,3,training_mean,-7.434985480666953,-4.951473364462895,-14.098926826491077,-13.52381026418672
72,2012-07-10,218,1,3,training_mean,-9.953403466591483,-5.7693215399923,-14.098926826491077,-13.52381026418672
72,2012-07-13,219,1,3,training_mean,-10.35559194551514,-5.715604490478977,-14.098926826491077,-13.52381026418672
72,2012-07-14,220,1,3,training_mean,-11.38639094380066,-6.363423342248725,-14.098926826491077,-13.52381026418672
72,2012-07-17,221,1,3,training_mean,-7.896576091932785,-5.316371130913266,-14.098926826491077,-13.52381026418672
111,2012-06-25,34,1,3,ridge,-14.238383836743218,-9.045542576988222,-14.107793878646685,-13.53798494308214
111,2012-06-27,35,1,3,ridge,-15.147228418373352,-9.881794018641486,-14.108828134841268,-13.538839144506454
111,2012-07-03,36,1,3,ridge,-16.20655494641449,-12.240198837098903,-14.11051416076223,-13.540143161238445
111,2012-07-05,37,1,3,ridge,-12.029504968523373,-8.07249068497214,-14.108018251047243,-13.538172850499542
111,2012-07-08,38,1,3,ridge,-10.432732239997303,-7.011457229997938,-14.106681012014663,-13.537035785369614
111,2012-07-10,39,1,3,ridge,-12.332899347459149,-7.340003351417149,-14.10905147315425,-13.539019113289495
111,2012-07-13,40,1,3,ridge,-14.054169866092916,-11.5301796466346,-14.110019159641991,-13.53977508762653
111,2012-07-19,41,1,3,ridge,-13.429778660777457,-11.904793601312772,-14.109079787847286,-13.53904179880983
22,2012-06-22,96,1,3,ridge,-14.06874113337972,-14.071044446046743,-14.104160068945335,-13.529545352694983
22,2012-06-25,97,1,3,ridge,-14.018031173978704,-14.77165243150176,-14.105065188351388,-13.530330151010151
22,2012-06-27,98,1,3,ridge,-14.52803760578295,-13.986810674175691,-14.105005374263145,-13.530278743820627
22,2012-06-29,99,1,3,ridge,-14.73472458342086,-15.474752085663306,-14.105997588475097,-13.531121587490658
22,2012-07-03,100,1,3,ridge,-14.42966388900174,-14.829544974500068,-14.105896613607895,-13.53103685864607
22,2012-07-05,101,1,3,ridge,-15.05532287787254,-15.055072978842215,-14.10562837485382,-13.530810557360974
22,2012-07-08,102,1,3,ridge,-14.817135252239112,-15.322220725691055,-14.10649672309646,-13.531536385720498
22,2012-07-10,103,1,3,ridge,-14.95241356410393,-15.432648396871452,-14.106856241670071,-13.531830564771658
22,2012-07-13,104,1,3,ridge,-14.717210249152869,-14.113650477312552,-14.105401683877947,-13.53061800457591
22,2012-07-14,105,1,3,ridge,-14.429262660073372,-14.834682689018504,-14.105845702132678,-13.53099404109871
22,2012-07-17,106,1,3,ridge,-13.95505270639354,-12.9206874664521,-14.105322477015257,-13.530550459576325
54,2012-06-22,167,1,3,ridge,-10.417640310145606,-12.93767695335395,-14.10305913752789,-13.531233199570755
54,2012-06-25,168,1,3,ridge,-12.145619340603044,-13.665809902570462,-14.103750099268497,-13.531761218509706
54,2012-06-27,169,1,3,ridge,-13.136811090059414,-13.432158817741431,-14.103705092380586,-13.53172760905625
54,2012-06-29,170,1,3,ridge,-13.54880158174925,-13.941944979578206,-14.104171947293477,-13.532070008520703
54,2012-07-03,171,1,3,ridge,-14.177980939175496,-12.90752399294858,-14.104407787047197,-13.532237158151105
54,2012-07-05,172,1,3,ridge,-10.10128226996872,-8.994738242219263,-14.103169010254353,-13.53131876179746
54,2012-07-10,173,1,3,ridge,-11.65562649391276,-9.922527219399468,-14.104271855652755,-13.53214133952236
54,2012-07-13,174,1,3,ridge,-12.622363619256877,-10.440226544700762,-14.104405501889133,-13.53223555953971
54,2012-07-14,175,1,3,ridge,-12.103895640843486,-10.37205766013729,-14.104313407385296,-13.532170783790828
71,2012-06-22,199,1,3,ridge,-9.441352711283985,-15.826503794261775,-14.098533531442406,-13.524350244593048
71,2012-06-25,200,1,3,ridge,-11.803367901664885,-15.902108388296634,-14.098900173115613,-13.524615668422085
71,2012-06-27,201,1,3,ridge,-11.830891628824627,-14.88965576948976,-14.098940822691201,-13.524644498621454
71,2012-06-29,202,1,3,ridge,-11.77120523725996,-14.980783625920942,-14.099262371320718,-13.524867802043874
71,2012-07-03,203,1,3,ridge,-13.717812008237246,-12.944074636388482,-14.099444588991194,-13.524990211242418
71,2012-07-05,204,1,3,ridge,-9.126432085488725,-7.106911469422197,-14.098489667326671,-13.52431788541745
71,2012-07-08,205,1,3,ridge,-8.240456830553434,-5.994288299384496,-14.098412597674788,-13.524260740067417
71,2012-07-10,206,1,3,ridge,-11.230130999187637,-7.442520681655511,-14.099087156845103,-13.524747202647978
71,2012-07-13,207,1,3,ridge,-11.462485450039456,-6.739163725963523,-14.098577619626553,-13.524382645380678
71,2012-07-14,208,1,3,ridge,-12.231283617180784,-7.335724658361975,-14.09926970512449,-13.524872790025466
71,2012-07-17,209,1,3,ridge,-7.863112808923288,-5.020162935449686,-14.097776972098492,-13.523776772880044
71,2012-07-19,210,1,3,ridge,-9.806540607315542,-5.7823291025751615,-14.099204978834923,-13.524828597704962
72,2012-06-22,211,1,3,ridge,-9.156246315375464,-7.121824880330802,-14.08769323044457,-13.510143146136876
72,2012-06-25,212,1,3,ridge,-11.324356756437597,-9.520516061301445,-14.088094992086742,-13.510438740155486
72,2012-06-27,213,1,3,ridge,-11.598774165532014,-9.739787261661805,-14.088354376529072,-13.510623670504488
72,2012-06-29,214,1,3,ridge,-11.694497047916627,-10.620512155280064,-14.088736939102809,-13.510886346091164
72,2012-07-03,215,1,3,ridge,-13.905355378336193,-10.138786504031716,-14.089041729921197,-13.511085376055876
72,2012-07-05,216,1,3,ridge,-9.279994157479894,-6.1840522735730685,-14.087158557989389,-13.509735326473036
72,2012-07-08,217,1,3,ridge,-7.434985480666953,-4.951473364462895,-14.086856585858701,-13.50949886314362
72,2012-07-10,218,1,3,ridge,-9.953403466591483,-5.7693215399923,-14.088093016862732,-13.510437312972044
72,2012-07-13,219,1,3,ridge,-10.35559194551514,-5.715604490478977,-14.087790945414755,-13.510215975935399
72,2012-07-14,220,1,3,ridge,-11.38639094380066,-6.363423342248725,-14.088774628589583,-13.510911490617268
72,2012-07-17,221,1,3,ridge,-7.896576091932785,-5.316371130913266,-14.088019695930896,-13.510384143836047
111,2012-06-25,34,1,3,ridge_vwc,-14.238383836743218,-9.045542576988222,-14.110720011098216,-13.549971063462204
111,2012-06-27,35,1,3,ridge_vwc,-15.147228418373352,-9.881794018641486,-14.111765494142928,-13.550871252680771
111,2012-07-03,36,1,3,ridge_vwc,-16.20655494641449,-12.240198837098903,-14.113469891924456,-13.552250524834726
111,2012-07-05,37,1,3,ridge_vwc,-12.029504968523373,-8.07249068497214,-14.109963932015226,-13.546142813134432
111,2012-07-08,38,1,3,ridge_vwc,-10.432732239997303,-7.011457229997938,-14.108612203083517,-13.54494639400118
111,2012-07-10,39,1,3,ridge_vwc,-12.332899347459149,-7.340003351417149,-14.111008375355825,-13.547035040711997
111,2012-07-13,40,1,3,ridge_vwc,-14.054169866092916,-11.5301796466346,-14.11198660031562,-13.547834183086271
111,2012-07-19,41,1,3,ridge_vwc,-13.429778660777457,-11.904793601312772,-14.110361895297665,-13.544293609688177
22,2012-06-22,96,1,3,ridge_vwc,-14.06874113337972,-14.071044446046743,-14.10696078714554,-13.541017747077115
22,2012-06-25,97,1,3,ridge_vwc,-14.018031173978704,-14.77165243150176,-14.107875702131452,-13.541842670369984
22,2012-06-27,98,1,3,ridge_vwc,-14.52803760578295,-13.986810674175691,-14.107815240349534,-13.54178861007624
22,2012-06-29,99,1,3,ridge_vwc,-14.73472458342086,-15.474752085663306,-14.108872426378568,-13.54289759344902
22,2012-07-03,100,1,3,ridge_vwc,-14.42966388900174,-14.829544974500068,-14.108770356484374,-13.542808379118707
22,2012-07-05,101,1,3,ridge_vwc,-15.05532287787254,-15.055072978842215,-14.108499209767489,-13.54257016614031
22,2012-07-08,102,1,3,ridge_vwc,-14.817135252239112,-15.322220725691055,-14.109376977080409,-13.54333457720657
22,2012-07-10,103,1,3,ridge_vwc,-14.95241356410393,-15.432648396871452,-14.109544160928008,-13.542840908401411
22,2012-07-13,104,1,3,ridge_vwc,-14.717210249152869,-14.113650477312552,-14.108073822800824,-13.541563708276064
22,2012-07-14,105,1,3,ridge_vwc,-14.429262660073372,-14.834682689018504,-14.108522653496863,-13.541959457679875
22,2012-07-17,106,1,3,ridge_vwc,-13.95505270639354,-12.9206874664521,-14.107993757831812,-13.541492648273026
54,2012-06-22,167,1,3,ridge_vwc,-10.417640310145606,-12.93767695335395,-14.105744665244972,-13.54223374689188
54,2012-06-25,168,1,3,ridge_vwc,-12.145619340603044,-13.665809902570462,-14.10644316114046,-13.542792627484863
54,2012-06-27,169,1,3,ridge_vwc,-13.136811090059414,-13.432158817741431,-14.104486579043135,-13.534928760531066
54,2012-06-29,170,1,3,ridge_vwc,-13.54880158174925,-13.941944979578206,-14.104958535849187,-13.535292058538774
54,2012-07-03,171,1,3,ridge_vwc,-14.177980939175496,-12.90752399294858,-14.105196957518455,-13.535469784296904
54,2012-07-05,172,1,3,ridge_vwc,-10.10128226996872,-8.994738242219263,-14.099379454501586,-13.51579585837732
54,2012-07-10,173,1,3,ridge_vwc,-11.65562649391276,-9.922527219399468,-14.10049434116627,-13.516667759934814
54,2012-07-13,174,1,3,ridge_vwc,-12.622363619256877,-10.440226544700762,-14.100629450925137,-13.516767974881322
54,2012-07-14,175,1,3,ridge_vwc,-12.103895640843486,-10.37205766013729,-14.097866425054734,-13.505762441864318
71,2012-06-22,199,1,3,ridge_vwc,-9.441352711283985,-15.826503794261775,-14.1012972073343,-13.535670905048587
71,2012-06-25,200,1,3,ridge_vwc,-11.803367901664885,-15.902108388296634,-14.101002576140978,-13.533227601123984
71,2012-06-27,201,1,3,ridge_vwc,-11.830891628824627,-14.88965576948976,-14.101043670722179,-13.533258254170047
71,2012-06-29,202,1,3,ridge_vwc,-11.77120523725996,-14.980783625920942,-14.101368743221933,-13.533495992186104
71,2012-07-03,203,1,3,ridge_vwc,-13.717812008237246,-12.944074636388482,-14.098704918413246,-13.521960348194272
71,2012-07-05,204,1,3,ridge_vwc,-9.126432085488725,-7.106911469422197,-14.097739538964701,-13.521245184849032
71,2012-07-08,205,1,3,ridge_vwc,-8.240456830553434,-5.994288299384496,-14.09766162757043,-13.521184591526042
71,2012-07-10,206,1,3,ridge_vwc,-11.230130999187637,-7.442520681655511,-14.098343565019253,-13.521701277254678
71,2012-07-13,207,1,3,ridge_vwc,-11.462485450039456,-6.739163725963523,-14.095272109668754,-13.510842506330937
71,2012-07-14,208,1,3,ridge_vwc,-12.231283617180784,-7.335724658361975,-14.095971772237787,-13.511363688424572
71,2012-07-17,209,1,3,ridge_vwc,-7.863112808923288,-5.020162935449686,-14.094462727263538,-13.51020085373805
71,2012-07-19,210,1,3,ridge_vwc,-9.806540607315542,-5.7823291025751615,-14.095906336009234,-13.511316588028548
72,2012-06-22,211,1,3,ridge_vwc,-9.156246315375464,-7.121824880330802,-14.09047914170125,-13.521554887827953
72,2012-06-25,212,1,3,ridge_vwc,-11.324356756437597,-9.520516061301445,-14.090082165734024,-13.518578666473578
72,2012-06-27,213,1,3,ridge_vwc,-11.598774165532014,-9.739787261661805,-14.090344388987612,-13.518775225254991
72,2012-06-29,214,1,3,ridge_vwc,-11.694497047916627,-10.620512155280064,-14.09073114646169,-13.519055084130988
72,2012-07-03,215,1,3,ridge_vwc,-13.905355378336193,-10.138786504031716,-14.08729395576769,-13.503926085850079
72,2012-07-05,216,1,3,ridge_vwc,-9.279994157479894,-6.1840522735730685,-14.085390179497612,-13.502491636096387
72,2012-07-08,217,1,3,ridge_vwc,-7.434985480666953,-4.951473364462895,-14.085084919217246,-13.50224170373967
72,2012-07-10,218,1,3,ridge_vwc,-9.953403466591483,-5.7693215399923,-14.086334837171444,-13.503235399258763
72,2012-07-13,219,1,3,ridge_vwc,-10.35559194551514,-5.715604490478977,-14.083561615633727,-13.49289165561768
72,2012-07-14,220,1,3,ridge_vwc,-11.38639094380066,-6.363423342248725,-14.08455606924645,-13.493631288522932
72,2012-07-17,221,1,3,ridge_vwc,-7.896576091932785,-5.316371130913266,-14.08379286567049,-13.493070062137242
11,2012-06-22,24,1,4,training_mean,-15.919724111874036,-17.420730792104454,-13.655951351046918,-12.931389242809557
11,2012-06-25,25,1,4,training_mean,-16.784183073559152,-17.633927525556523,-13.655951351046918,-12.931389242809557
11,2012-06-27,26,1,4,training_mean,-16.04746594426725,-17.275701316646803,-13.655951351046918,-12.931389242809557
11,2012-06-29,27,1,4,training_mean,-17.025781539812208,-18.04468787035671,-13.655951351046918,-12.931389242809557
11,2012-07-03,28,1,4,training_mean,-17.28110073138016,-17.970041661828837,-13.655951351046918,-12.931389242809557
11,2012-07-05,29,1,4,training_mean,-16.24819473161178,-16.9109042038544,-13.655951351046918,-12.931389242809557
11,2012-07-10,30,1,4,training_mean,-17.604639607278372,-17.842659591269815,-13.655951351046918,-12.931389242809557
11,2012-07-13,31,1,4,training_mean,-15.21437385842442,-15.683151728695597,-13.655951351046918,-12.931389242809557
11,2012-07-14,32,1,4,training_mean,-17.131319069382755,-17.23775911930115,-13.655951351046918,-12.931389242809557
11,2012-07-17,33,1,4,training_mean,-14.18453518805826,-15.072913856790963,-13.655951351046918,-12.931389242809557
61,2012-06-22,176,1,4,training_mean,-11.307138591209124,-10.699103847173708,-13.655951351046918,-12.931389242809557
61,2012-06-25,177,1,4,training_mean,-13.358854538113189,-12.281835560024907,-13.655951351046918,-12.931389242809557
61,2012-06-27,178,1,4,training_mean,-13.04769933150198,-12.074327309664907,-13.655951351046918,-12.931389242809557
61,2012-06-29,179,1,4,training_mean,-14.258735753179286,-12.929838363897248,-13.655951351046918,-12.931389242809557
61,2012-07-03,180,1,4,training_mean,-14.375308839008351,-13.291632862901146,-13.655951351046918,-12.931389242809557
61,2012-07-05,181,1,4,training_mean,-11.965491007180216,-10.076030181585043,-13.655951351046918,-12.931389242809557
61,2012-07-08,182,1,4,training_mean,-12.653243854103511,-10.41345274290406,-13.655951351046918,-12.931389242809557
61,2012-07-10,183,1,4,training_mean,-14.196530364341184,-11.545773452581232,-13.655951351046918,-12.931389242809557
61,2012-07-13,184,1,4,training_mean,-14.172421304269474,-11.663368045066507,-13.655951351046918,-12.931389242809557
61,2012-07-14,185,1,4,training_mean,-14.706191784830416,-12.525232369968863,-13.655951351046918,-12.931389242809557
61,2012-07-17,186,1,4,training_mean,-12.879880314149483,-11.29771365776737,-13.655951351046918,-12.931389242809557
61,2012-07-19,187,1,4,training_mean,-15.889663878319602,-12.719370404847758,-13.655951351046918,-12.931389242809557
62,2012-06-22,188,1,4,training_mean,-10.947069858107426,-10.084005244347887,-13.655951351046918,-12.931389242809557
62,2012-06-25,189,1,4,training_mean,-12.930932965823189,-11.69193923190518,-13.655951351046918,-12.931389242809557
62,2012-06-29,190,1,4,training_mean,-13.647540229966118,-12.451741540356156,-13.655951351046918,-12.931389242809557
62,2012-07-03,191,1,4,training_mean,-14.138040874036603,-12.841486109605109,-13.655951351046918,-12.931389242809557
62,2012-07-05,192,1,4,training_mean,-12.133037112300268,-9.502820897938143,-13.655951351046918,-12.931389242809557
62,2012-07-08,193,1,4,training_mean,-13.005404455519416,-9.79925558948652,-13.655951351046918,-12.931389242809557
62,2012-07-10,194,1,4,training_mean,-14.217439125925395,-11.423573357529008,-13.655951351046918,-12.931389242809557
62,2012-07-13,195,1,4,training_mean,-14.133437129173858,-11.69483965699631,-13.655951351046918,-12.931389242809557
62,2012-07-14,196,1,4,training_mean,-14.718757800815972,-12.118211145016016,-13.655951351046918,-12.931389242809557
62,2012-07-17,197,1,4,training_mean,-12.70807262304178,-10.388332622162803,-13.655951351046918,-12.931389242809557
62,2012-07-19,198,1,4,training_mean,-15.750405278939866,-14.123873702288767,-13.655951351046918,-12.931389242809557
81,2012-06-22,222,1,4,training_mean,-9.587343732140498,-5.953072410726956,-13.655951351046918,-12.931389242809557
81,2012-06-27,223,1,4,training_mean,-13.63439663913034,-8.63444576538804,-13.655951351046918,-12.931389242809557
81,2012-07-05,224,1,4,training_mean,-8.675369700400449,-7.871802079188868,-13.655951351046918,-12.931389242809557
81,2012-07-08,225,1,4,training_mean,-6.3871250565419055,-6.154450746640876,-13.655951351046918,-12.931389242809557
81,2012-07-13,226,1,4,training_mean,-10.56965017518938,-8.026903402801564,-13.655951351046918,-12.931389242809557
81,2012-07-17,227,1,4,training_mean,-8.981462326670332,-6.7381420816219775,-13.655951351046918,-12.931389242809557
91,2012-06-22,230,1,4,training_mean,-13.79430023004177,-12.721885004018873,-13.655951351046918,-12.931389242809557
91,2012-06-25,231,1,4,training_mean,-16.252064078644956,-15.095063986983767,-13.655951351046918,-12.931389242809557
91,2012-06-27,232,1,4,training_mean,-16.338118926836465,-15.37278252725586,-13.655951351046918,-12.931389242809557
91,2012-07-05,233,1,4,training_mean,-11.946673251406857,-15.864027780720509,-13.655951351046918,-12.931389242809557
91,2012-07-08,234,1,4,training_mean,-14.420474970996455,-14.377502817334353,-13.655951351046918,-12.931389242809557
91,2012-07-10,235,1,4,training_mean,-16.382517812239687,-15.949689716675907,-13.655951351046918,-12.931389242809557
91,2012-07-13,236,1,4,training_mean,-13.034982258403954,-15.05772529352022,-13.655951351046918,-12.931389242809557
91,2012-07-14,237,1,4,training_mean,-14.991842113742342,-15.808092013687856,-13.655951351046918,-12.931389242809557
91,2012-07-17,238,1,4,training_mean,-12.823625166801548,-13.726729371774091,-13.655951351046918,-12.931389242809557
91,2012-07-19,239,1,4,training_mean,-14.006013749198562,-15.882035691137462,-13.655951351046918,-12.931389242809557
11,2012-06-22,24,1,4,ridge,-15.919724111874036,-17.420730792104454,-12.359968953049087,-11.190025535823917
11,2012-06-25,25,1,4,ridge,-16.784183073559152,-17.633927525556523,-12.186434237174652,-10.924181947426046
11,2012-06-27,26,1,4,ridge,-16.04746594426725,-17.275701316646803,-12.237246284585064,-11.003627899005046
11,2012-06-29,27,1,4,ridge,-17.025781539812208,-18.04468787035671,-12.123333386853778,-10.82408957683236
11,2012-07-03,28,1,4,ridge,-17.28110073138016,-17.970041661828837,-12.177817036662299,-10.91060133134332
11,2012-07-05,29,1,4,ridge,-16.24819473161178,-16.9109042038544,-12.126927145633099,-10.829828462212987
11,2012-07-10,30,1,4,ridge,-17.604639607278372,-17.842659591269815,-12.047278422264366,-10.70167364744195
11,2012-07-13,31,1,4,ridge,-15.21437385842442,-15.683151728695597,-12.038744881582065,-10.687831454543332
11,2012-07-14,32,1,4,ridge,-17.131319069382755,-17.23775911930115,-12.029113536865893,-10.672184497677883
11,2012-07-17,33,1,4,ridge,-14.18453518805826,-15.072913856790963,-12.350418366348066,-11.175857124545532
61,2012-06-22,176,1,4,ridge,-11.307138591209124,-10.699103847173708,-13.561320330522602,-12.961363403289218
61,2012-06-25,177,1,4,ridge,-13.358854538113189,-12.281835560024907,-12.97738463746741,-12.033113832617728
61,2012-06-27,178,1,4,ridge,-13.04769933150198,-12.074327309664907,-13.132939309238788,-12.290903342567987
61,2012-06-29,179,1,4,ridge,-14.258735753179286,-12.929838363897248,-12.81524009679773,-11.759819924151603
61,2012-07-03,180,1,4,ridge,-14.375308839008351,-13.291632862901146,-12.810269292396146,-11.75138004698325
61,2012-07-05,181,1,4,ridge,-11.965491007180216,-10.076030181585043,-13.483741420990377,-12.846650414756795
61,2012-07-08,182,1,4,ridge,-12.653243854103511,-10.41345274290406,-13.358386270447836,-12.653556371532414
61,2012-07-10,183,1,4,ridge,-14.196530364341184,-11.545773452581232,-13.058846565715358,-12.16873184154948
61,2012-07-13,184,1,4,ridge,-14.172421304269474,-11.663368045066507,-13.048963991017587,-12.152347823924423
61,2012-07-14,185,1,4,ridge,-14.706191784830416,-12.525232369968863,-12.94870191855628,-11.985074408924595
61,2012-07-17,186,1,4,ridge,-12.879880314149483,-11.29771365776737,-13.370977983830919,-12.673293878945215
61,2012-07-19,187,1,4,ridge,-15.889663878319602,-12.719370404847758,-13.075690302445233,-12.196610248909813
62,2012-06-22,188,1,4,ridge,-10.947069858107426,-10.084005244347887,-12.521677345537716,-11.85636874130062
62,2012-06-25,189,1,4,ridge,-12.930932965823189,-11.69193923190518,-11.941416092837809,-10.920053853962479
62,2012-06-29,190,1,4,ridge,-13.647540229966118,-12.451741540356156,-11.792035836151165,-10.666930749715535
62,2012-07-03,191,1,4,ridge,-14.138040874036603,-12.841486109605109,-11.739866137657323,-10.57783108389175
62,2012-07-05,192,1,4,ridge,-12.133037112300268,-9.502820897938143,-12.384652281692937,-11.645417959858536
62,2012-07-08,193,1,4,ridge,-13.005404455519416,-9.79925558948652,-12.081554883446557,-11.15430006852028
62,2012-07-10,194,1,4,ridge,-14.217439125925395,-11.423573357529008,-11.939599555657436,-10.916995393316546
62,2012-07-13,195,1,4,ridge,-14.133437129173858,-11.69483965699631,-11.956874011191744,-10.94605870595464
62,2012-07-14,196,1,4,ridge,-14.718757800815972,-12.118211145016016,-11.949371051555069,-10.933441260286225
62,2012-07-17,197,1,4,ridge,-12.70807262304178,-10.388332622162803,-12.379669139130865,-11.63757932019875
62,2012-07-19,198,1,4,ridge,-15.750405278939866,-14.123873702288767,-12.051190381977145,-11.103848811596004
81,2012-06-22,222,1,4,ridge,-9.587343732140498,-5.953072410726956,-13.408913603620922,-12.823976124307784
81,2012-06-27,223,1,4,ridge,-13.63439663913034,-8.63444576538804,-12.949443580059436,-12.116516967745314
81,2012-07-05,224,1,4,ridge,-8.675369700400449,-7.871802079188868,-13.302351179797688,-12.67086674164689
81,2012-07-08,225,1,4,ridge,-6.3871250565419055,-6.154450746640876,-13.525318375471516,-12.973482779474109
81,2012-07-13,226,1,4,ridge,-10.56965017518938,-8.026903402801564,-13.095479960987664,-12.351909971423591
81,2012-07-17,227,1,4,ridge,-8.981462326670332,-6.7381420816219775,-13.331170043961167,-12.71328667573203
91,2012-06-22,230,1,4,ridge,-13.79430023004177,-12.721885004018873,-14.308566412777278,-14.173565584919926
91,2012-06-25,231,1,4,ridge,-16.252064078644956,-15.095063986983767,-13.978838513542604,-13.67340396535285
91,2012-06-27,232,1,4,ridge,-16.338118926836465,-15.37278252725586,-13.877019331112546,-13.509109600409044
91,2012-07-05,233,1,4,ridge,-11.946673251406857,-15.864027780720509,-14.244130072399734,-14.08155333618131
91,2012-07-08,234,1,4,ridge,-14.420474970996455,-14.377502817334353,-14.11913717201631,-13.893779803386824
91,2012-07-10,235,1,4,ridge,-16.382517812239687,-15.949689716675907,-13.634330633219683,-13.107356485305079
91,2012-07-13,236,1,4,ridge,-13.034982258403954,-15.05772529352022,-13.90078024905854,-13.547719932980437
91,2012-07-14,237,1,4,ridge,-14.991842113742342,-15.808092013687856,-13.8738973775263,-13.504025331691684
91,2012-07-17,238,1,4,ridge,-12.823625166801548,-13.726729371774091,-14.289200415173832,-14.146352591057111
91,2012-07-19,239,1,4,ridge,-14.006013749198562,-15.882035691137462,-13.977326826516904,-13.67098820782255
11,2012-06-22,24,1,4,ridge_vwc,-15.919724111874036,-17.420730792104454,-12.972540361780144,-12.391682570105555
11,2012-06-25,25,1,4,ridge_vwc,-16.784183073559152,-17.633927525556523,-12.908754501579518,-12.329121339050552
11,2012-06-27,26,1,4,ridge_vwc,-16.04746594426725,-17.275701316646803,-12.925246251374237,-12.344441798664265
11,2012-06-29,27,1,4,ridge_vwc,-17.025781539812208,-18.04468787035671,-12.88973374980549,-12.311376428160914
11,2012-07-03,28,1,4,ridge_vwc,-17.28110073138016,-17.970041661828837,-12.906067090235599,-12.326619167408973
11,2012-07-05,29,1,4,ridge_vwc,-16.24819473161178,-16.9109042038544,-12.878954627177905,-12.278740214845596
11,2012-07-10,30,1,4,ridge_vwc,-17.604639607278372,-17.842659591269815,-12.856793625807697,-12.257963358140824
11,2012-07-13,31,1,4,ridge_vwc,-15.21437385842442,-15.683151728695597,-12.85453312767339,-12.255837218347812
11,2012-07-14,32,1,4,ridge_vwc,-17.131319069382755,-17.23775911930115,-12.808776282505724,-12.130560352488242
11,2012-07-17,33,1,4,ridge_vwc,-14.18453518805826,-15.072913856790963,-12.911731455257769,-12.226271701569079
61,2012-06-22,176,1,4,ridge_vwc,-11.307138591209124,-10.699103847173708,-13.22251734299139,-12.033361031523324
61,2012-06-25,177,1,4,ridge_vwc,-13.358854538113189,-12.281835560024907,-13.04853077967497,-11.870932327350513
61,2012-06-27,178,1,4,ridge_vwc,-13.04769933150198,-12.074327309664907,-13.084168325083724,-11.90480256488058
61,2012-06-29,179,1,4,ridge_vwc,-14.258735753179286,-12.929838363897248,-13.2014164929454,-12.366694713045023
61,2012-07-03,180,1,4,ridge_vwc,-14.375308839008351,-13.291632862901146,-13.20048360618828,-12.365793084739364
61,2012-07-05,181,1,4,ridge_vwc,-11.965491007180216,-10.076030181585043,-13.019456765788423,-11.517453646603993
61,2012-07-08,182,1,4,ridge_vwc,-12.653243854103511,-10.41345274290406,-12.975814470572194,-11.477063013114481
61,2012-07-10,183,1,4,ridge_vwc,-14.196530364341184,-11.545773452581232,-12.895391225681747,-11.401487761265576
61,2012-07-13,184,1,4,ridge_vwc,-14.172421304269474,-11.663368045066507,-12.893133590120046,-11.399341613778713
61,2012-07-14,185,1,4,ridge_vwc,-14.706191784830416,-12.525232369968863,-12.969929912044154,-11.658901336100614
61,2012-07-17,186,1,4,ridge_vwc,-12.879880314149483,-11.29771365776737,-13.078479323799396,-11.76120741385044
61,2012-07-19,187,1,4,ridge_vwc,-15.889663878319602,-12.719370404847758,-12.997915307545348,-11.685579608862401
62,2012-06-22,188,1,4,ridge_vwc,-10.947069858107426,-10.084005244347887,-12.884922509547078,-12.359888408103318
62,2012-06-25,189,1,4,ridge_vwc,-12.930932965823189,-11.69193923190518,-12.726198654607412,-12.210914746448516
62,2012-06-29,190,1,4,ridge_vwc,-13.647540229966118,-12.451741540356156,-12.606940050785289,-11.925496127776814
62,2012-07-03,191,1,4,ridge_vwc,-14.138040874036603,-12.841486109605109,-12.597680276360435,-11.916499384071674
62,2012-07-05,192,1,4,ridge_vwc,-12.133037112300268,-9.502820897938143,-12.403552922018564,-11.08311130034408
62,2012-07-08,193,1,4,ridge_vwc,-13.005404455519416,-9.79925558948652,-12.322719537884023,-11.007116743720019
62,2012-07-10,194,1,4,ridge_vwc,-14.217439125925395,-11.423573357529008,-12.292288571318355,-10.978042527204135
62,2012-07-13,195,1,4,ridge_vwc,-14.133437129173858,-11.69483965699631,-12.295802347197064,-10.98141438792155
62,2012-07-14,196,1,4,ridge_vwc,-14.718757800815972,-12.118211145016016,-10.865787184262118,-6.918908144149439
62,2012-07-17,197,1,4,ridge_vwc,-12.70807262304178,-10.388332622162803,-10.973500815249748,-7.020614700590952
62,2012-07-19,198,1,4,ridge_vwc,-15.750405278939866,-14.123873702288767,-10.88741283498096,-6.9395853058211685
81,2012-06-22,222,1,4,ridge_vwc,-9.587343732140498,-5.953072410726956,-13.288532947199224,-12.433245078943898
81,2012-06-27,223,1,4,ridge_vwc,-13.63439663913034,-8.63444576538804,-13.019523388662494,-11.975789396087176
81,2012-07-05,224,1,4,ridge_vwc,-8.675369700400449,-7.871802079188868,-13.131446481050018,-12.079898044975748
81,2012-07-08,225,1,4,ridge_vwc,-6.3871250565419055,-6.154450746640876,-13.42114161582459,-12.672863171024247
81,2012-07-13,226,1,4,ridge_vwc,-10.56965017518938,-8.026903402801564,-13.230191427996044,-12.49812051371406
81,2012-07-17,227,1,4,ridge_vwc,-8.981462326670332,-6.7381420816219775,-13.313952835440878,-12.57555929531252
91,2012-06-22,230,1,4,ridge_vwc,-13.79430023004177,-12.721885004018873,-13.505053488285398,-12.265621904305076
91,2012-06-25,231,1,4,ridge_vwc,-16.252064078644956,-15.095063986983767,-13.382370099570768,-12.152457561593884
91,2012-06-27,232,1,4,ridge_vwc,-16.338118926836465,-15.37278252725586,-13.3545165814573,-12.126315172239217
91,2012-07-05,233,1,4,ridge_vwc,-11.946673251406857,-15.864027780720509,-13.587250268607123,-12.556818014426497
91,2012-07-08,234,1,4,ridge_vwc,-14.420474970996455,-14.377502817334353,-13.538882017534617,-12.512286191966131
91,2012-07-10,235,1,4,ridge_vwc,-16.382517812239687,-15.949689716675907,-13.410481509589086,-12.391516060662727
91,2012-07-13,236,1,4,ridge_vwc,-13.034982258403954,-15.05772529352022,-13.624180194411336,-12.881104624934279
91,2012-07-14,237,1,4,ridge_vwc,-14.991842113742342,-15.808092013687856,-13.617148789605888,-12.874485493201892
91,2012-07-17,238,1,4,ridge_vwc,-12.823625166801548,-13.726729371774091,-13.75908272822916,-13.00597157321757
91,2012-07-19,239,1,4,ridge_vwc,-14.006013749198562,-15.882035691137462,-13.645371287893152,-12.9009785595837
112,2012-06-22,42,1,5,training_mean,-16.789512402971386,-18.984197687028864,-13.468011305641712,-12.545063570859368
112,2012-06-25,43,1,5,training_mean,-17.713046799178723,-19.529406845749364,-13.468011305641712,-12.545063570859368
112,2012-06-27,44,1,5,training_mean,-17.25271077757754,-18.22553850887763,-13.468011305641712,-12.545063570859368
112,2012-06-29,45,1,5,training_mean,-17.425652482251156,-18.144130221965177,-13.468011305641712,-12.545063570859368
112,2012-07-03,46,1,5,training_mean,-17.83417651092838,-18.16474645507402,-13.468011305641712,-12.545063570859368
112,2012-07-05,47,1,5,training_mean,-15.269240391706376,-15.832742511880692,-13.468011305641712,-12.545063570859368
112,2012-07-08,48,1,5,training_mean,-15.868211803986831,-15.9439617824927,-13.468011305641712,-12.545063570859368
112,2012-07-10,49,1,5,training_mean,-17.21885268603207,-17.15896118420385,-13.468011305641712,-12.545063570859368
112,2012-07-13,50,1,5,training_mean,-17.66760133107199,-17.26129489891203,-13.468011305641712,-12.545063570859368
112,2012-07-19,51,1,5,training_mean,-16.03901192774286,-16.566981974487216,-13.468011305641712,-12.545063570859368
42,2012-06-22,134,1,5,training_mean,-14.561620721902148,-14.201966799335745,-13.468011305641712,-12.545063570859368
42,2012-06-25,135,1,5,training_mean,-16.153608446963226,-15.565011635602495,-13.468011305641712,-12.545063570859368
42,2012-06-27,136,1,5,training_mean,-16.70081315588303,-15.966399924793436,-13.468011305641712,-12.545063570859368
42,2012-07-05,137,1,5,training_mean,-15.422497030044315,-15.37308257375198,-13.468011305641712,-12.545063570859368
42,2012-07-08,138,1,5,training_mean,-17.86890291137946,-17.776520095428644,-13.468011305641712,-12.545063570859368
42,2012-07-10,139,1,5,training_mean,-18.21143906581935,-18.30617756824163,-13.468011305641712,-12.545063570859368
42,2012-07-13,140,1,5,training_mean,-14.79063920910627,-15.423142819796594,-13.468011305641712,-12.545063570859368
42,2012-07-14,141,1,5,training_mean,-16.095384428093947,-16.335096559717847,-13.468011305641712,-12.545063570859368
42,2012-07-17,142,1,5,training_mean,-14.801847473829469,-15.583307282953209,-13.468011305641712,-12.545063570859368
42,2012-07-19,143,1,5,training_mean,-15.634998411835,-16.952266960517374,-13.468011305641712,-12.545063570859368
52,2012-06-22,144,1,5,training_mean,-13.45495696239713,-15.738081907796053,-13.468011305641712,-12.545063570859368
52,2012-06-25,145,1,5,training_mean,-14.91580205076843,-16.223907057718417,-13.468011305641712,-12.545063570859368
52,2012-06-27,146,1,5,training_mean,-15.732276616051504,-16.38960254517287,-13.468011305641712,-12.545063570859368
52,2012-06-29,147,1,5,training_mean,-16.041356891502684,-16.29966966543719,-13.468011305641712,-12.545063570859368
52,2012-07-03,148,1,5,training_mean,-16.394007680708068,-15.70752274371065,-13.468011305641712,-12.545063570859368
52,2012-07-05,149,1,5,training_mean,-11.770481950482568,-10.782932487285192,-13.468011305641712,-12.545063570859368
52,2012-07-08,150,1,5,training_mean,-13.337191112994962,-11.304804238666236,-13.468011305641712,-12.545063570859368
52,2012-07-10,151,1,5,training_mean,-14.71139542756748,-12.827360988564674,-13.468011305641712,-12.545063570859368
52,2012-07-13,152,1,5,training_mean,-13.629606547076252,-12.472605626858911,-13.468011305641712,-12.545063570859368
52,2012-07-14,153,1,5,training_mean,-14.26856161969665,-13.051684199174533,-13.468011305641712,-12.545063570859368
52,2012-07-17,154,1,5,training_mean,-8.618950020440854,-7.762089915864024,-13.468011305641712,-12.545063570859368
52,2012-07-19,155,1,5,training_mean,-13.32401009971738,-12.996658395943411,-13.468011305641712,-12.545063570859368
53,2012-06-22,156,1,5,training_mean,-11.59685403803788,-14.890521382506938,-13.468011305641712,-12.545063570859368
53,2012-06-25,157,1,5,training_mean,-13.17926475546871,-15.625830107559509,-13.468011305641712,-12.545063570859368
53,2012-06-27,158,1,5,training_mean,-14.261099170425886,-15.22988073043791,-13.468011305641712,-12.545063570859368
53,2012-06-29,159,1,5,training_mean,-14.273258986856678,-15.844986252295593,-13.468011305641712,-12.545063570859368
53,2012-07-03,160,1,5,training_mean,-15.059554016256945,-14.305022931222268,-13.468011305641712,-12.545063570859368
53,2012-07-05,161,1,5,training_mean,-10.11831735267084,-9.045003199319114,-13.468011305641712,-12.545063570859368
53,2012-07-08,162,1,5,training_mean,-11.837654265802229,-9.263246005952729,-13.468011305641712,-12.545063570859368
53,2012-07-10,163,1,5,training_mean,-13.121221982705292,-10.563549725135724,-13.468011305641712,-12.545063570859368
53,2012-07-13,164,1,5,training_mean,-12.833038474524525,-10.234534915824424,-13.468011305641712,-12.545063570859368
53,2012-07-14,165,1,5,training_mean,-13.271930704939624,-11.128380271916456,-13.468011305641712,-12.545063570859368
53,2012-07-19,166,1,5,training_mean,-9.430559470207992,-7.124290756308986,-13.468011305641712,-12.545063570859368
83,2012-06-29,228,1,5,training_mean,-13.150595982099484,-13.185851612534412,-13.468011305641712,-12.545063570859368
83,2012-07-14,229,1,5,training_mean,-10.781364360016564,-10.279583356930988,-13.468011305641712,-12.545063570859368
112,2012-06-22,42,1,5,ridge,-16.789512402971386,-18.984197687028864,-13.451127001470347,-12.520378414985755
112,2012-06-25,43,1,5,ridge,-17.713046799178723,-19.529406845749364,-13.450546036623768,-12.520112588990738
112,2012-06-27,44,1,5,ridge,-17.25271077757754,-18.22553850887763,-13.449214009432106,-12.51948312227951
112,2012-06-29,45,1,5,ridge,-17.425652482251156,-18.144130221965177,-13.448430099894624,-12.519095916066608
112,2012-07-03,46,1,5,ridge,-17.83417651092838,-18.16474645507402,-13.44731706983369,-12.518516637269425
112,2012-07-05,47,1,5,ridge,-15.269240391706376,-15.832742511880692,-13.449552270857025,-12.519646009611174
112,2012-07-08,48,1,5,ridge,-15.868211803986831,-15.9439617824927,-13.449558715917187,-12.519649091228052
112,2012-07-10,49,1,5,ridge,-17.21885268603207,-17.15896118420385,-13.448212537558899,-12.518985700712474
112,2012-07-13,50,1,5,ridge,-17.66760133107199,-17.26129489891203,-13.44772396320934,-12.518733101194751
112,2012-07-19,51,1,5,ridge,-16.03901192774286,-16.566981974487216,-13.447844681543367,-12.518796212618005
42,2012-06-22,134,1,5,ridge,-14.561620721902148,-14.201966799335745,-13.49059608305433,-12.570326616963921
42,2012-06-25,135,1,5,ridge,-16.153608446963226,-15.565011635602495,-13.489278909612509,-12.569746118947188
42,2012-06-27,136,1,5,ridge,-16.70081315588303,-15.966399924793436,-13.487769369933627,-12.569057623597777
42,2012-07-05,137,1,5,ridge,-15.422497030044315,-15.37308257375198,-13.485553115649054,-12.567974674546875
42,2012-07-08,138,1,5,ridge,-17.86890291137946,-17.776520095428644,-13.485451525711747,-12.567922093452044
42,2012-07-10,139,1,5,ridge,-18.21143906581935,-18.30617756824163,-13.483795827267292,-12.56700880066748
42,2012-07-13,140,1,5,ridge,-14.79063920910627,-15.423142819796594,-13.490132599122738,-12.570124065679233
42,2012-07-14,141,1,5,ridge,-16.095384428093947,-16.335096559717847,-13.487760064885995,-12.569053280868413
42,2012-07-17,142,1,5,ridge,-14.801847473829469,-15.583307282953209,-13.49087776060617,-12.570448939744576
42,2012-07-19,143,1,5,ridge,-15.634998411835,-16.952266960517374,-13.486757540054116,-12.568576497392392
52,2012-06-22,144,1,5,ridge,-13.45495696239713,-15.738081907796053,-13.472635239968868,-12.554611848297114
52,2012-06-25,145,1,5,ridge,-14.91580205076843,-16.223907057718417,-13.47194004160538,-12.55421790177465
52,2012-06-27,146,1,5,ridge,-15.732276616051504,-16.38960254517287,-13.471650342410117,-12.55404597773536
52,2012-06-29,147,1,5,ridge,-16.041356891502684,-16.29966966543719,-13.471354067519528,-12.553864424023354
52,2012-07-03,148,1,5,ridge,-16.394007680708068,-15.70752274371065,-13.470717947458132,-12.553450311735794
52,2012-07-05,149,1,5,ridge,-11.770481950482568,-10.782932487285192,-13.472212863503355,-12.554375384521233
52,2012-07-08,150,1,5,ridge,-13.337191112994962,-11.304804238666236,-13.471448645225365,-12.55392306156126
52,2012-07-10,151,1,5,ridge,-14.71139542756748,-12.827360988564674,-13.470838017859537,-12.553531431724233
52,2012-07-13,152,1,5,ridge,-13.629606547076252,-12.472605626858911,-13.470919404135362,-12.55358556567746
52,2012-07-14,153,1,5,ridge,-14.26856161969665,-13.051684199174533,-13.470737644380108,-12.553463725687712
52,2012-07-17,154,1,5,ridge,-8.618950020440854,-7.762089915864024,-13.471905497265048,-12.554197667168651
52,2012-07-19,155,1,5,ridge,-13.32401009971738,-12.996658395943411,-13.471122765274494,-12.553718065311406
53,2012-06-22,156,1,5,ridge,-11.59685403803788,-14.890521382506938,-13.467429075292436,-12.541034733974046
53,2012-06-25,157,1,5,ridge,-13.17926475546871,-15.625830107559509,-13.466421745513545,-12.540514272816354
53,2012-06-27,158,1,5,ridge,-14.261099170425886,-15.22988073043791,-13.466014619510005,-12.540294024725151
53,2012-06-29,159,1,5,ridge,-14.273258986856678,-15.844986252295593,-13.465633924567285,-12.540081694077747
53,2012-07-03,160,1,5,ridge,-15.059554016256945,-14.305022931222268,-13.464932576850304,-12.539670697828582
53,2012-07-05,161,1,5,ridge,-10.11831735267084,-9.045003199319114,-13.465744624703099,-12.540144129999248
53,2012-07-08,162,1,5,ridge,-11.837654265802229,-9.263246005952729,-13.465136451813022,-12.539793174078486
53,2012-07-10,163,1,5,ridge,-13.121221982705292,-10.563549725135724,-13.464742023021449,-12.539553665772612
53,2012-07-13,164,1,5,ridge,-12.833038474524525,-10.234534915824424,-13.464423056994333,-12.539351509949888
53,2012-07-14,165,1,5,ridge,-13.271930704939624,-11.128380271916456,-13.464506510441646,-12.539405217736725
53,2012-07-19,166,1,5,ridge,-9.430559470207992,-7.124290756308986,-13.464706985057669,-12.53953185754431
83,2012-06-29,228,1,5,ridge,-13.150595982099484,-13.185851612534412,-13.500820969742298,-12.587731918488094
83,2012-07-14,229,1,5,ridge,-10.781364360016564,-10.279583356930988,-13.500968312562739,-12.587822247059728
112,2012-06-22,42,1,5,ridge_vwc,-16.789512402971386,-18.984197687028864,-13.453310030240349,-12.533484837242545
112,2012-06-25,43,1,5,ridge_vwc,-17.713046799178723,-19.529406845749364,-13.452734546754256,-12.533251920124435
112,2012-06-27,44,1,5,ridge_vwc,-17.25271077757754,-18.22553850887763,-13.451415133896425,-12.532698187085593
112,2012-06-29,45,1,5,ridge_vwc,-17.425652482251156,-18.144130221965177,-13.450638687213244,-12.53235578620053
112,2012-07-03,46,1,5,ridge_vwc,-17.83417651092838,-18.16474645507402,-13.449094268166014,-12.529186543272312
112,2012-07-05,47,1,5,ridge_vwc,-15.269240391706376,-15.832742511880692,-13.451308130757038,-12.530187804382543
112,2012-07-08,48,1,5,ridge_vwc,-15.868211803986831,-15.9439617824927,-13.451314514698268,-12.530190519054862
112,2012-07-10,49,1,5,ridge_vwc,-17.21885268603207,-17.15896118420385,-13.449981148406343,-12.529604049354088
112,2012-07-13,50,1,5,ridge_vwc,-17.66760133107199,-17.26129489891203,-13.4491588047688,-12.52734757279874
112,2012-07-19,51,1,5,ridge_vwc,-16.03901192774286,-16.566981974487216,-13.449278365709038,-12.527403735485484
42,2012-06-22,134,1,5,ridge_vwc,-14.561620721902148,-14.201966799335745,-13.490044447541232,-12.567014719262039
42,2012-06-25,135,1,5,ridge_vwc,-16.153608446963226,-15.565011635602495,-13.488739649626003,-12.566508521171814
42,2012-06-27,136,1,5,ridge_vwc,-16.70081315588303,-15.966399924793436,-13.487244347174892,-12.565905502991324
42,2012-07-05,137,1,5,ridge_vwc,-15.422497030044315,-15.37308257375198,-13.483668262965653,-12.556658435613159
42,2012-07-08,138,1,5,ridge_vwc,-17.86890291137946,-17.776520095428644,-13.483567645787558,-12.556611694749641
42,2012-07-10,139,1,5,ridge_vwc,-18.21143906581935,-18.30617756824163,-13.481927933029313,-12.555794376492035
42,2012-07-13,140,1,5,ridge_vwc,-14.79063920910627,-15.423142819796594,-13.488536190345345,-12.560539580207273
42,2012-07-14,141,1,5,ridge_vwc,-16.095384428093947,-16.335096559717847,-13.48618600619062,-12.559602980349217
42,2012-07-17,142,1,5,ridge_vwc,-14.801847473829469,-15.583307282953209,-13.489274358908675,-12.560822470325855
42,2012-07-19,143,1,5,ridge_vwc,-15.634998411835,-16.952266960517374,-13.485192982378875,-12.559183238898232
52,2012-06-22,144,1,5,ridge_vwc,-13.45495696239713,-15.738081907796053,-13.474776521155174,-12.56746762728817
52,2012-06-25,145,1,5,ridge_vwc,-14.91580205076843,-16.223907057718417,-13.474088059394818,-12.567114125842027
52,2012-06-27,146,1,5,ridge_vwc,-15.732276616051504,-16.38960254517287,-13.473716909366953,-12.566453189005513
52,2012-06-29,147,1,5,ridge_vwc,-16.041356891502684,-16.29966966543719,-13.473423537403866,-12.56628906382864
52,2012-07-03,148,1,5,ridge_vwc,-16.394007680708068,-15.70752274371065,-13.472793706966423,-12.5659127130532
52,2012-07-05,149,1,5,ridge_vwc,-11.770481950482568,-10.782932487285192,-13.473042894217473,-12.559358705481005
52,2012-07-08,150,1,5,ridge_vwc,-13.337191112994962,-11.304804238666236,-13.472286126429823,-12.558951113618384
52,2012-07-10,151,1,5,ridge_vwc,-14.71139542756748,-12.827360988564674,-13.471681522857143,-12.558595649304078
52,2012-07-13,152,1,5,ridge_vwc,-13.629606547076252,-12.472605626858911,-13.471762101733349,-12.55864493580843
52,2012-07-14,153,1,5,ridge_vwc,-14.26856161969665,-13.051684199174533,-13.469421543968004,-12.545562149689074
52,2012-07-17,154,1,5,ridge_vwc,-8.618950020440854,-7.762089915864024,-13.470577911325243,-12.546227134600159
52,2012-07-19,155,1,5,ridge_vwc,-13.32401009971738,-12.996658395943411,-13.469802848501903,-12.54579357672788
53,2012-06-22,156,1,5,ridge_vwc,-11.59685403803788,-14.890521382506938,-13.469357687300082,-12.552613694219126
53,2012-06-25,157,1,5,ridge_vwc,-13.17926475546871,-15.625830107559509,-13.468360000917349,-12.552151129880654
53,2012-06-27,158,1,5,ridge_vwc,-14.261099170425886,-15.22988073043791,-13.466508534364777,-12.543259380351472
53,2012-06-29,159,1,5,ridge_vwc,-14.273258986856678,-15.844986252295593,-13.466131520480594,-12.54306914996596
53,2012-07-03,160,1,5,ridge_vwc,-15.059554016256945,-14.305022931222268,-13.465437000691072,-12.542699147084207
53,2012-07-05,161,1,5,ridge_vwc,-10.11831735267084,-9.045003199319114,-13.453565764966923,-12.467024947832705
53,2012-07-08,162,1,5,ridge_vwc,-11.837654265802229,-9.263246005952729,-13.452963500181774,-12.46670946286816
53,2012-07-10,163,1,5,ridge_vwc,-13.121221982705292,-10.563549725135724,-13.45257293090782,-12.466493126253065
53,2012-07-13,164,1,5,ridge_vwc,-12.833038474524525,-10.234534915824424,-13.452257105806392,-12.466309827853985
53,2012-07-14,165,1,5,ridge_vwc,-13.271930704939624,-11.128380271916456,-13.460883128883966,-12.517651235679777
53,2012-07-19,166,1,5,ridge_vwc,-9.430559470207992,-7.124290756308986,-13.461081630362026,-12.517766029203111
83,2012-06-29,228,1,5,ridge_vwc,-13.150595982099484,-13.185851612534412,-13.501684327553498,-12.592915327973014
83,2012-07-14,229,1,5,ridge_vwc,-10.781364360016564,-10.279583356930988,-13.49713120184168,-12.564785082342825
