path,bytes,sha256
.gitignore,185,6b713292a273c568ec9712a4c0a9fabd224296987f40bb72ff4de2ab54ec1145
CHANGELOG.md,1683,3f19c58183eabbc19fe410235b2e0f73def067d327b3ae113145ec446b6037dd
CITATION.cff,802,33da4dded6a016377fcd1b513fec4d44ce57255ff45ae06cb47fee9e1e6e05e1
CONTRIBUTING.md,826,0d20321aaa762ddac0ae86c6a6c66706f9aa0bbb0ee39409974b1e30dab1270b
DATA.md,2879,1ac2e3d4f1681704a81cdbf7d518ac75942af0203fafedb775daf07811504ddd
LICENSE,1536,0630babc327d38d0587c4a9a0f6cc8b6e2b2563e87b6cbd7dd638431757eb32c
LICENSE-DATA.md,700,44be6d29b1a4b3ef8992fc2ca2451534fa9ae033543bc9edc71a67ece505de39
README.md,4702,e74b1b6f5a57be35388e71563a59a31093b7372fcd5bf35ae1ee3363c4b6ad25
REPRODUCIBILITY.md,6410,b774766bbb59e038f1dc2b2b5c0027982e73f669900f8fff555d8b28f5e6d8b6
THIRD_PARTY_NOTICES.md,1138,6ecc4d02f012653ba41af50bd80528e9d5dd5c55e56a4bd8f4d8540f681e58b5
VALIDATION.md,2761,868fd2e914af65e36296a5e8730d47d09e3e8826d92929f09166e5f13d504231
configs/scattering/rough_ground.yaml,653,bcdec1a16bc3bd452de5a8a13d9df55183a89bffefaaeb62dfbe7e36351e1d75
environment.yml,136,e5d416311f379fa6359d1672da59f61ed966fbc9a0a8c5fdb102a10a83fed2d4
publish_github.py,5055,26ed42ca3f4f74f6bbc3adf3e3c2bdfa36b6245c5e1c224fd2089e2bd9ca6159
pyproject.toml,1401,684df57e9427cd4436e726d6114d84620e9fa53d5f0f25b8d4d30f358dc3df76
reproducibility/README.md,866,a5391cdf414745a2c13154be08c8d8aa20947202256896758fae3abdb6a0a3bd
reproducibility/data/source/smapvex12_portable_source.csv,163744,7b52a128dfbdd49c6270bc80203227cb63daa7f7e312a1f40a50c6ecbe15e785
reproducibility/data/target/smex02_field_day_model_ready.csv,83083,e984a1cf6b39a35f28e3087b7f13f22e7aaf0de0a3a4b2e843b7dc00f44fb408
reproducibility/data/teachers/i2em_test_requests.csv,45402,58b562fbe4b3f9abea5a8f1c91e074966a80ba7c4c494fe37c238ed312671c0d
reproducibility/data/teachers/i2em_test_results.csv,6146,1c79216ded34cfd8aa28562aa1f4d03a9bb46a1111bd115bcf0f4058e9a4a4ff
reproducibility/data/teachers/i2em_train_requests.csv,90748,15d39664f59f64f6c75feb1574589fd76892848f5e8c57e58bfadaf0d87fad5b
reproducibility/data/teachers/i2em_train_results.csv,12511,f5d1a666ba563d0ab05c79c59c00fbe495dd285dcc4b792c6b409a241f5e219b
reproducibility/data/teachers/spm_pretraining.csv,656606,2c8f6ffd86a6be9358d3838336513060e184f813757278a1ba579a0dfedc3657
reproducibility/figures/main/Fig_phase1_physics_teacher_evidence.pdf,51744,321abde45ae8e060bef7ab081f0d96422e20acc3b301d51c96ea6ee71e977bfa
reproducibility/figures/main/Fig_phase1_physics_teacher_evidence.png,943937,ec885bc628560e485c46e491d1c1ddfdbd7a38c1f3bcf1510a7663a0b91fc67b
reproducibility/figures/main/Fig_phase2_sample_efficiency.pdf,38263,b57872ec4af4f4434febe4c12c19c48c7f0fc596afb97514822d92715226ca57
reproducibility/figures/main/Fig_phase2_sample_efficiency.png,266833,fe3c3ba0fe741a2a4961f81bc57763cd165f031def981fe334c637c57215b82b
reproducibility/figures/main/Fig_phase3_target_domain_evidence.pdf,47549,a9481637e2309ed5ab5386ac7228516812378f8a5e8e980641de757f8ed6d104
reproducibility/figures/main/Fig_phase3_target_domain_evidence.png,531961,cefd75ef80f7fc464004d1b5af4c1d5323f93c4c8b043bd186e6c1696fe18d1c
reproducibility/figures/main/Fig_phase4_stage_response_retention.pdf,42108,565e8a411ad9e437721f571a63a13398c234fa643416b6e0dadfa7b91797c28c
reproducibility/figures/main/Fig_phase4_stage_response_retention.png,159328,0e4e76def6c25dbe7077025845228bb0272dc69c9660ed97c600de0212d9164a
reproducibility/figures/main/Fig_phase5_physics_offset_control.pdf,36679,2035f23f28df46b7f60f282f99d495b04d2364e35da984863cafb604a002ba93
reproducibility/figures/main/Fig_phase5_physics_offset_control.png,233501,e1af95717058d1151a3e482712ea2bfedf5afb623a47a4b11c415548c8e3df0b
reproducibility/figures/supplementary/FigS01_spm_angle_loss_scan.pdf,47181,af0e17f304aae89768421212c738f09ba7af38dd89c5b3ef301f13500aaec8a0
reproducibility/figures/supplementary/FigS01_spm_angle_loss_scan.png,238940,8d1f24b747bdea7400542c3979486efb7344e03ead975d399905d6e995f87d87
reproducibility/figures/supplementary/FigS02_all_centered_controls.pdf,48118,53fd40e66fdda86bc6d42d5dd43ac621ef8a3ea6f67e08629218536f2c597371
reproducibility/figures/supplementary/FigS02_all_centered_controls.png,509019,ed598e02b6d24a0d776dda4451baa961b77a20066b5420c88c2ede70335b5d4c
reproducibility/figures/supplementary/FigS03_dielectric_sensitivity.pdf,42298,50c53cb3c921988dbaab7bb0c4475b649c2d0715ab6497d7420b7d7e86a51af0
reproducibility/figures/supplementary/FigS03_dielectric_sensitivity.png,317565,59640b6f827bd637e379ffbc7550f41da4f224fa156dde289c0feee7f4e39c62
reproducibility/figures/supplementary/FigS04_controlled_mismatch.pdf,40017,b5e3c41dec738c1848f1081aeace17f8fa11350dd089ce1cdfa6121479c16574
reproducibility/figures/supplementary/FigS04_controlled_mismatch.png,179832,f704569ffed78b1e20fe1034700bb93e5e844e8876a8ef08c23def0b38517d0f
reproducibility/figures/supplementary/FigS05_smex02_common_cohort.pdf,39674,1f60ee1d5fa6d9d060b09904ff79d37db619794e3e43a170c3e8c23087b0ed84
reproducibility/figures/supplementary/FigS05_smex02_common_cohort.png,172321,ee3c611b090460a8e657312979fa25ffae81c13e58b692a8e4e6d9dbfe710d43
reproducibility/figures/supplementary/FigS06_teacher_effective_domain.pdf,46804,ff8f68c7175fa8f5520ed30f88d823183e303d7b5fd0931c2459fecd7f8fa590
reproducibility/figures/supplementary/FigS06_teacher_effective_domain.png,390153,f0a2f1cb75bfb0ebbef9cb9b970e0a7169b0dc5c7a0795063404f78479a99e7a
reproducibility/figures/supplementary/FigS07_i2em_observation_condition_control.pdf,39707,4739329a147f0235858793374a4351738b937fbc661a039b67ed3d9b9ae89222
reproducibility/figures/supplementary/FigS07_i2em_observation_condition_control.png,119064,14fae34b78f1588066db10417a4f8cf837cf5dcf383c94eedea5dde2b2bc38d4
reproducibility/results/advisor_final/physics_offset_control/Fig_physics_offset_few_shot_control.pdf,36679,2035f23f28df46b7f60f282f99d495b04d2364e35da984863cafb604a002ba93
reproducibility/results/advisor_final/physics_offset_control/Fig_physics_offset_few_shot_control.png,233501,e1af95717058d1151a3e482712ea2bfedf5afb623a47a4b11c415548c8e3df0b
reproducibility/results/advisor_final/physics_offset_control/README_SUPERSEDED.md,361,a97f767174c4d86a0b404bb0c35c4577471ec8bf1f91e7a71d0bed964e994512
reproducibility/results/advisor_final/physics_offset_control/adaptation_sample_summary.csv,448,4a9026de7362f7039902e9cc543094383918bc9a2d981e1b819e746e4f5c0901
reproducibility/results/advisor_final/physics_offset_control/heldout_common_predictions.csv,2112098,63b963279c174f23ef45cdea41670a6ef62772675ee93486392941cb213aa1b7
reproducibility/results/advisor_final/physics_offset_control/metrics_by_split.csv,59397,1dbd837928accb7900f9da35cbe84f119747b8e89e5e3f390414c75561706ea5
reproducibility/results/advisor_final/physics_offset_control/metrics_summary.csv,1573,e1cb122a998880b464ca792b7843626c0014ea16f3cee54bd5a7346654f3e3b9
reproducibility/results/advisor_final/physics_offset_control/paired_contrasts.csv,1735,e23e2f97fc8fa0019603ed590fd76c4304fd424e555575e38f1875d9bb3413a4
reproducibility/results/advisor_final/physics_offset_control/protocol.json,1583,a9898077612ca2d8844109492aca390b58e85301db83f1b63c222935c9419a02
reproducibility/results/advisor_final/physics_offset_control/risk_selected_weights.csv,59,d577646a8950cf85f7ca9b234926be8168b80cb5a2f75164ad21c6da3e9debd7
reproducibility/results/advisor_final/physics_offset_control/split_audit.csv,2466,9167dd0ad3989a3444340b4abd2e3f7b85bdd50c3b23aed362d3fde3b5ff243b
reproducibility/results/advisor_final/stage_retention/Fig_i2em_observation_condition_control.pdf,39707,4739329a147f0235858793374a4351738b937fbc661a039b67ed3d9b9ae89222
reproducibility/results/advisor_final/stage_retention/Fig_i2em_observation_condition_control.png,119064,14fae34b78f1588066db10417a4f8cf837cf5dcf383c94eedea5dde2b2bc38d4
reproducibility/results/advisor_final/stage_retention/Fig_stage_response_retention.pdf,42108,565e8a411ad9e437721f571a63a13398c234fa643416b6e0dadfa7b91797c28c
reproducibility/results/advisor_final/stage_retention/Fig_stage_response_retention.png,159328,0e4e76def6c25dbe7077025845228bb0272dc69c9660ed97c600de0212d9164a
reproducibility/results/advisor_final/stage_retention/manifest.json,2195,0f761fb25ae8ba723b2a56ed14d697f6b3a4035e4f720c7d25a645ee159c313b
reproducibility/results/advisor_final/stage_retention/stage_metrics.csv,1239,3736531e26080c73a1d592f24c505d032c9a803061f26b73abbc2b35b3c56ffa
reproducibility/results/advisor_final/stage_retention/stage_pairwise_deltas.csv,979,8454d48c806675a4a497922c35d60b877e4df4755c1c636dbed7c8c6b3e8e8cc
reproducibility/results/advisor_final/stage_retention/stage_predictions.csv,93959,47741eec4df1b35cbb1bfaa09a05e86b67725256b2a7432eb0217593b2cc5e3d
reproducibility/results/common_cohort/manifest.json,786,c4cab85e74d24d1e1e47d2f70f2cba175c8d802ca3148510cc58b0d014bacae0
reproducibility/results/common_cohort/metrics.csv,2253,a8c31907debe1ab3031058f70eb8a64d3452a39ccb29f1497c59c8cde2478d5a
reproducibility/results/common_cohort/predictions.csv,68619,0d07da4a3c7bc4cbce4c90be24b77f95bf802c82dfc9ebda355ce734c899bd96
reproducibility/results/controlled_mismatch/assignments.json,447303,57aacad1da8ec9c9d588001127fae24157048d581b6547a2a42d9d9fde53bea7
reproducibility/results/controlled_mismatch/manifest.json,701,76ff11c2293edb64f0c57eed01fcc4abcf9302c235151c0502fb7185524bb400
reproducibility/results/controlled_mismatch/metrics_by_repeat.csv,384572,58a83baa1f75020126905590d03a562840c445423883d17a64afa30c14b552d1
reproducibility/results/controlled_mismatch/summary.csv,19241,b0aabc44dd9906ec0f459a17dc07a9bd67595452fb7c8c250d607bd858212e89
reproducibility/results/cross_domain/few_shot_metrics_by_split.csv,240740,e530deb232f2e8e6b11637a7a74d9c127c2c57ee0fd0a6caaa8151e36e65b063
reproducibility/results/cross_domain/few_shot_metrics_summary.csv,11732,6cb445d72634c8c3922e9599c035ad71959c05dedca0cfb38c1c8cc69262b017
reproducibility/results/cross_domain/few_shot_summary.json,10542,6c3be3af8cf0aa8bb4cf46d2571beb5720a06a21984a152f0d0c3134c0058b31
reproducibility/results/cross_domain/field_split_assignments.csv,50373,3c6d85e80258bb640632f9a11c6be8f3467118c6013952632e1a2ace15154ab3
reproducibility/results/cross_domain/freeze_manifest.json,3779,bdf2b4b75c765c09afdd864c3ae783103a2ab0d46760a31619e0f82b9da67e32
reproducibility/results/cross_domain/heldout_predictions.csv,4128608,4af77e2a4572db524e088404ba005459e4a1d3c09ddd2d56172ac65693d519dc
reproducibility/results/cross_domain/zero_shot_joint_channel_metrics.csv,765,0f6511fbb706788415b20ba1ce972cfe9c1ca65a6ec26b6760b28d4fa8775ebd
reproducibility/results/cross_domain/zero_shot_metrics_by_repeat.csv,16464,aceb819a5d42a67341b5aa842ea892d4fb8a100ab7b217ba702b06c1c40466d0
reproducibility/results/cross_domain/zero_shot_predictions.csv,80020,fd98169eec48f2e5faf8eaf59af029c18d0d0ec0eba56dfd84471fe51f0c8a69
reproducibility/results/cross_domain/zero_shot_summary.json,4403,d43762bb23afd3c7a1491395923d677a000b5e7ecb8a4b7456280e4bfd3ed0e3
reproducibility/results/diagnostics/calibration_summary.json,5633,9d56757a94bf6e8bd5c2eb9590fdb9203816880650e17acf48c508af350faac6
reproducibility/results/diagnostics/data_contract_audit.json,4339,931886bdb9f96778e172fb280a20ca9b702ab61f438bc7f48a8653edea52c05d
reproducibility/results/diagnostics/dielectric_original_predictions.json,7278139,60f5c773b43430288b1f94a2639210240e9328886d67f90685c4ffbbd39a7ed0
reproducibility/results/diagnostics/dielectric_paired_intervals.json,10425,b8d8afe098d284ec41397b20f5c06a101ddf099d7820bfcd6e4f00ff3f4ebf01
reproducibility/results/diagnostics/dielectric_protocol.json,10618,9abf76278a8dc84d6fa5142ed57dd27ede3f03dbd9720234443f49354bddbcde
reproducibility/results/diagnostics/dielectric_scores.json,24719,6d1b3b126d159ca76749aaf03b39923253e98beb61f0de7c1ddd19a5797e3112
reproducibility/results/diagnostics/dielectric_unified_predictions.json,7267527,7e36b319de207c45adfe91d45ec497cac7354c946d401fe4cf78435c80f3055f
reproducibility/results/diagnostics/response_metrics.csv,102898,30e0863be30a0412dc07ce73b2f16f8fe65d0d75bd6f7169a191b9718cec8d31
reproducibility/results/diagnostics/response_summary.csv,5477,1579baf7ae4ada03374b575219770a16c1ac93faa0a1eb2d864a8b74dedcf194
reproducibility/results/multifidelity/metrics_by_repeat.csv,12466,2e9d81cf04f1fbef6b2ea00f11dac3c48d7a530cd7130ad9768a2d0da0adb96a
reproducibility/results/multifidelity/metrics_summary.csv,1917,72583548ad9517339b65dd2891ded9c8af35db7dddd8eadaa2de0020f8ab64cc
reproducibility/results/multifidelity/paired_teacher_disagreement.csv,217562,4887d830ca5de46f2c9ce7e626c474051254c5617466fbdda1b651e9c6fdb103
reproducibility/results/multifidelity/summary.json,2585,58b5a97d625c013d9b58cf9b0881a1e0d8ff3213e73c9fa20072265c2a7247fd
reproducibility/results/multifidelity/test_predictions_ensemble.csv,74344,9e6ef78a522bc93427182c0e80ec0c4e4968596b3f70b5153f3b75bd81861318
reproducibility/results/paper_phases/phase1_summary.json,2856,eb5be377f2e5bae332785cdb77a6e1f12af02a5711156d02b0cc17b54d7cc40e
reproducibility/results/paper_phases/phase2_summary.json,2765,8e4e4365048e0754ee3e0105ffa4849a76ba46b58adcc6d9c1c15f5b6fc6ef78
reproducibility/results/paper_phases/phase3_summary.json,4285,0fa68c0116e59647d11c6f194a21240a19fa94722dc57ec85715d2ff2c4bebc7
reproducibility/results/residual_baselines/manifest.json,1611,9e9e86f647b77779a63d1dff603e151b94286975e5d647563009b5b734ec9534
reproducibility/results/residual_baselines/metrics_by_repeat.csv,22052,96be7e5463e7083f34443a742e56effe39971b50a5af0485a30975ddde44de33
reproducibility/results/residual_baselines/paired_comparisons.csv,7719,3b321735f36c0ec6114438f93eaf4c5a13ed8e335975e6cd5bb82882e5ab829a
reproducibility/results/residual_baselines/summary.csv,1591,28ef25042dc0bca0969dc257d90f3851c663db65fac11e1f0efb62e5fe0a9f74
reproducibility/results/revision_20260929/centered_figures/FigS02a.pdf,16530,68b98ba7cdc9c894298c97f574b505eb48e6fab3675cb8b2f5abe3440cb25f55
reproducibility/results/revision_20260929/centered_figures/FigS02a.png,98384,7e5cd8eb5d6c2c60c1209e7ef87fb44c532ac0a42680243b48108fdbab8a05ba
reproducibility/results/revision_20260929/centered_figures/FigS02b.pdf,16704,8254aef52a63b9d6fbb881e37bbcf3595cfa87c9cde5dadc87891d47269ab055
reproducibility/results/revision_20260929/centered_figures/FigS02b.png,98826,0c8a9727136a7701dacce505f7f54d489a9793c2c51624bd49b7537ef2382951
reproducibility/results/revision_20260929/centered_figures/FigS02c.pdf,16681,a29636e7852964cc555e4fda5bad64aa67a906b76855c2e90068d05d7a56b679
reproducibility/results/revision_20260929/centered_figures/FigS02c.png,130495,993fa6a052753a52b7794edf1b39c00bb91fa9c045dd64f5d2ae14a4db15d845
reproducibility/results/revision_20260929/centered_figures/FigS02d.pdf,16679,b2989613baa719c3ca0ee7710cd6ee642acc0ee23775e5b83f17bd0227622609
reproducibility/results/revision_20260929/centered_figures/FigS02d.png,125464,6bb159ac4ae8a422e45ad76e05339a2633de7cdc46bf8d0ab3e81aa3a012fdca
reproducibility/results/revision_20260929/fairness/Fig_common_neural.pdf,17784,cd66a47394cf7100d1975114b7857a1f2ad5be3f77482710f7f38e8783105af0
reproducibility/results/revision_20260929/fairness/Fig_common_neural.png,147183,ced1c293a018914813b81b8c12ff2d14e00ef59676b2f456e18e90edc7200f35
reproducibility/results/revision_20260929/fairness/Fig_common_physics.pdf,16513,54006c2b6282a2d194a74fc3376b5c75609f9090e6c1f73cd0025397a30db12f
reproducibility/results/revision_20260929/fairness/Fig_common_physics.png,138758,a5feb4d5f64f07217a3e20c4e4d277356122ba8159b417f85e7560352069ddeb
reproducibility/results/revision_20260929/fairness/adaptation_sample_summary.csv,521,a72a889a8e9d8ced25f3b24629740a211fb10e000d962c84a7878b76eeacfc80
reproducibility/results/revision_20260929/fairness/heldout_common_predictions.csv,2390689,d4faf13261912c2d63ebb1ec2b865eaa3d863a27393bfe02d261c7e7743c8bc9
reproducibility/results/revision_20260929/fairness/metrics_by_split.csv,70135,01714e8c341039838b708d9cd83c2d0303abdf89bfd48dbbe92a0779eb90e3a6
reproducibility/results/revision_20260929/fairness/metrics_summary.csv,1837,847139198e4aff4af1e0d74815498c4e15e9b6da1d29c0b06f4ea358d5e267a1
reproducibility/results/revision_20260929/fairness/paired_contrasts.csv,2192,ce7071d83d441610d300f1f99a23b561454acae511e0d82dfb2764ada9e58c00
reproducibility/results/revision_20260929/fairness/protocol.json,1904,01735ca23005d628db56878266d94c941894c4804da4f5c3074e88c43d9c51e4
reproducibility/results/revision_20260929/fairness/risk_selected_weights.csv,53,ebe4ae6175dde6f8c843c385d41f92bf82667b90918bda2f46a58891c9263d83
reproducibility/results/revision_20260929/fairness/split_audit.csv,2718,4445ab18cab7d89e8eab1ca51693b8364a0f9d53a52af9c40e8d1b23cbaa5f4b
reproducibility/results/revision_20260929/stage_continuity/ensemble_comparison.csv,93920,08231b7f9493fdeb073ebc023be2277afadc8229f9d842e1971c9759b35794c2
reproducibility/results/revision_20260929/stage_continuity/prediction_equivalence.csv,328,a48e20a9be29a427d823d4c2aa47e2f37d7779278f219fa95d6a10e0ad4ef3ba
reproducibility/results/revision_20260929/stage_continuity/predictions_by_member.csv,87972,1139fadad4e8412e278bb031b20cb6f43e0ad82c99fc90d030c5e58a5704ee04
reproducibility/results/revision_20260929/stage_continuity/rebuilt_member_1.npz,10182,dc68fbdcae718e9bbd3f1e5bd31646778d8fe982f9d9075873e98945a3d6be9b
reproducibility/results/revision_20260929/stage_continuity/rebuilt_member_2.npz,10186,28353fc82594dac69d96e77a81ac5b10ad8505e63ad2397541634b0379bdba4b
reproducibility/results/revision_20260929/stage_continuity/rebuilt_member_3.npz,10175,d5983703d481a6c97134855f9b2b4e6162a333748124cb4625959e91cc90ee76
reproducibility/results/revision_20260929/stage_continuity/rebuilt_member_4.npz,10187,c13d14f149561d0de007677acff08ea8310be473e959021afb37c0596c103f01
reproducibility/results/revision_20260929/stage_continuity/rebuilt_member_5.npz,10186,25dca7959d68aa5eeb610f88113f1b072afe9ea7b86833ab5629773fabc1f31b
reproducibility/results/revision_20260929/stage_continuity/source_only_shrinkage_tuning.csv,9553,ee5e4d7d657d9f0ca0ef01ee9ad861a4df11efcc415eecad938334de291b05db
reproducibility/results/revision_20260929/stage_continuity/summary.json,6663,efdb1303cfc59ac92159689598ef8968fdfb2db495542091388989ff5e1c04c5
reproducibility/results/revision_20260929/statistics/cohort_key_checks.csv,127,88eaffca16f37448f02e87d2d9020b1a42f6aafa474d37bd15b39d87daccb186
reproducibility/results/revision_20260929/statistics/common_adaptation_counts.csv,1056,8120d22a5c1f956ce325bb5d86d3075a42dd55c0efd55cc63e891c1290930c9e
reproducibility/results/revision_20260929/statistics/common_comparison_summary.csv,553,06d462381946e200664f1927d902b05f6efc39574a2fdc787319eb8230b2d0bd
reproducibility/results/revision_20260929/statistics/common_fewshot_metrics_and_equal_information_mean.csv,17727,f7705f79b690e9a1015233dcbda46edaec97dbbec044ac4f70c3221e6622cd85
reproducibility/results/revision_20260929/statistics/common_paired_contrasts_independent.csv,1316,dff0220d34e45c27f303d7005ec5043efbadff56bad78e01f869ce3dbc4027cd
reproducibility/results/revision_20260929/statistics/cross_file_observation_checks.csv,156,e0da8067298f931811f8722e9d572ed3ee4bd1d517bf5a6768664bef0dcc4f43
reproducibility/results/revision_20260929/statistics/error_decomposition.csv,984,da7a8afa8ad258eadc2479ca03c28c514e77e9fedee94e8698709e2d86b61dc9
reproducibility/results/revision_20260929/statistics/error_decomposition_changes.csv,396,d1a4045e6aecc90316d7f530325731368cb6f34b16ee5f22ff4fef9109adf3f2
reproducibility/results/revision_20260929/statistics/exploratory_leave_one_field_out.csv,20263,d00fe78789b64162e546615ebabdbbcf8b551570d2fdccb01d89fd62b0143fc9
reproducibility/results/revision_20260929/statistics/exploratory_training_box_subset.csv,1028,6b83fb556afea2e0d2ec2130f6c98973e411b48cfa1262dcc651a827998278c5
reproducibility/results/revision_20260929/statistics/exploratory_within_between_field.csv,869,45c82cb968407d2c6d8dc767f8f41fddb2c54766dfd0e36f1776c93d0e84b795
reproducibility/results/revision_20260929/statistics/file_integrity.csv,5687,f14d62a27f3f1301e14f819bfd6243e0e126f8053a9d132d4ad88a5a88539c3f
reproducibility/results/revision_20260929/statistics/full_fewshot_metrics_independent.csv,22745,29ce6d0ca76fbe5d8d40fc676d0117fd58db4b669f555f27da56113187a42426
reproducibility/results/revision_20260929/statistics/reported_domain_coverage.csv,159,919505086c4b43120020826d202ebca2bdb8bc9d95c2d7a4af26b7cfdb8c7120
reproducibility/results/revision_20260929/statistics/residual_baselines_reaggregated.csv,1539,1a590af5134d9bd682e567b4faf2042264999473960b4dc5b7d61577ee9d59a1
reproducibility/results/revision_20260929/statistics/simulation_average_channel_by_repeat.csv,2940,25204562bdb5332b4d35d651a1ccb2fd2d570b10735fba246e1cda0f1f81c9df
reproducibility/results/revision_20260929/statistics/simulation_sample_efficiency_reaggregated.csv,475,e65057d717243c6bf8a558a6f53dbe320592a39b492036303f4e61938dd64366
reproducibility/results/revision_20260929/statistics/split_checks.csv,1356,0bbfdaae7fa69ec20c02e2bf766c8c38b273fdd291c5ec6a667c697830fe4edd
reproducibility/results/revision_20260929/statistics/stage_bootstrap_intervals_independent.csv,361,c1a69232bef10ebd71d18af782579fae422a75129f20859b0cea09b517d8e002
reproducibility/results/revision_20260929/statistics/stage_metrics_independent.csv,1009,41093ad26e211cf3b2de92352bcd788946c2819ba3848f878654912faac99919
reproducibility/results/revision_20260929/statistics/stage_pairwise_bootstrap_independent.csv,672,f384d260244d260d04770efa70ef9a7ac6bd8787789509fc2a7543ddc65dc7a7
reproducibility/results/revision_20260929/statistics/zero_shot_metrics_independent.csv,281,5e3dbf58a036aa2fa51c067edf377839e4a76210b4c5ddcb8b335cdf0dc696a8
reproducibility/results/sample_efficiency/metrics_by_repeat.csv,30712,464603c51216656a22373f7ce60ff1888d9976407f1b630e43ef185d73b60d7c
reproducibility/results/sample_efficiency/metrics_summary.csv,3311,dc5bab212d2d0a46c54636180098c115ce8e802ccfe5815d7716880cb16606b0
reproducibility/results/sample_efficiency/paired_improvement_summary.csv,986,334931710189b352e363be9ceed4299c7f3841ca66f2980be8dbd28720da3c1a
reproducibility/results/sample_efficiency/summary.json,2069,5b3a0b8ebd9f287b851a36bd858e390efa2717d058adb465b162d2a1c791e5cc
reproducibility/sha256_manifest.csv,18661,dc482949aba772cbd022b759d1af39b7372c1b64a6949fe9521d07b347ab23e1
reproducibility/sha256_original_20260928.csv,11928,099a3991385315abbfd1ccaf0819d2b7c2b6e4f05ba4aef3f17d0f90bf459b55
requirements-lock-windows-py311.txt,2306,bf21dd3c52bbd6c0526a5ed881e29988f274d0fd3c9d84d5bf3ec91e52953607
requirements-raw.txt,57,fbadc493a03b598918276d1920b823c3de6b259c203864273a76ccaa16971c3c
requirements-validation-linux-py313.txt,194,24d4ef73e73c6e4e88430ac173b24aee029cb65dd057cfe489dfd408bc2d3458
requirements.txt,91,4e3497075123c3ab824f6a814c8cf10dc473c6fe640e804247230f6d9ebfcfd4
scripts/README.md,586,b2ed2afede96c07cfa77b186caaee3be42292e197fd01f9c1800270e97e36890
scripts/README_component_selective_transfer.md,1402,e69cb61d0424544d041075a9bfb0f6747bf3f7bd499b7ee38b63fe6c2bcda4a6
scripts/README_decoupled_physics_heads.md,1653,94eed70c6760c4527089f5d758f0143cf5f9c2ab845270be12889454b1e82e5a
scripts/README_i2em_teacher.md,4167,62828e2e6a30f8a9b30f474081011538c8ef6a5be84430f69d7e5b387acd5f9d
scripts/README_paper_diagnostics.md,6646,b2e6a624ba36d2fb1fc6ccdfc3fb07e7b8ed6389324d2976c6ec766bf0b3c98b
scripts/README_selective_physics_transfer.md,1954,fc69eb58281f78fdd717725a47d60d32d6e5dfe4c6c5f0868d08016e19d33329
scripts/README_synthetic_pretraining_domain.md,1684,578a6d6a0eec3f82080b43a6659e15dd9f5134b90a0d1516166761b5c430e2af
scripts/README_vegetation_input_ablation.md,2930,aaaa522a6c3e1fcf5afb668d606fc43f52419c9d04cdc2f6308f527040f6344a
scripts/analyze_polarization_discrepancy.py,785,bad1462ab64aa9b6b6409a9c01acb71189756c59149c0e394ac9d1cdd06486ea
scripts/analyze_smapvex_ground.py,20501,9210cc4128e533ab712bba89d87c2faa9fad5f1167a92dbd37dff555a1261d68
scripts/analyze_vegetation_model_discrepancy.py,8540,790c1e091ad1494f4d53e67aedb0e27dafe0df45128302cb4858f49cd3ad1425
scripts/audit_external_domain.py,10061,0cfea4cde587644e42fa205190e0b9eee0c69fb5416f7d896a9f45da28436a1d
scripts/audit_paper_data_contract.py,8208,32391a071b69d1ce058f3d343d51a841376ff8312a0b7af86b08fc18251981d7
scripts/audit_transfer_claims.py,5617,615e66d99b3bdaf63dc5480d5f6c3d572e2c081e710306d7ce4fd626e1b973de
scripts/augment_smapvex_vegetation.py,9413,013d30c604c89c565f7fa951199f77ac7a27be35056e13119b5b68c71e5306f4
scripts/build_paper_cohort.py,776,df91445a1139095d3693fcfd78a446d1f830e85d14bce3a434d6675438a32217
scripts/collocate_smapvex_ground.py,17145,978d41e4363e7a7770fbbb9d001786515754153f1d71e0a5eca223b3a83d607e
scripts/compare_roughness_spectra.py,14535,d2406725fdfad024b3959fecc123b3402224d68040056b71a67ccdbed8c68228
scripts/diagnose_response_learning.py,6693,b4dba957d4fb5109c9c30e3d0e4188348623b77171c493da25cb599fda865eba
scripts/diagnose_smex02_stage_retention.py,16903,8e7ecd7819affae81c957b0917d5c3f00264337b26cdbb485a8e446ee0d535ec
scripts/dielectric_sensitivity_20260914.py,10539,de0941a6ff0858df0b45420e3b5ef00ff3821cbb38ce9cfc6b85db5dbf291826
scripts/evaluate_component_selective_transfer.py,33439,502d05798feaceae5c3bc326eda8155a756e4d28083185049ef7e7dccb13f241
scripts/evaluate_controlled_mismatch.py,7551,d129dd03163c0da7c788575d62229daa86d164f3b5f60764bfb138aa5bb618be
scripts/evaluate_cross_domain_transfer.py,15158,969d05a898772e1d42e8045bc78762f4aaa81b20e2c50afe580e8739a1cff20b
scripts/evaluate_decoupled_physics_heads.py,45687,2d6e7937ba8d7c0c89e4632bd8b2084371fa565b85fe06db10b9ff22a2869923
scripts/evaluate_i2em_loss_sensitivity.py,14172,b5316893d423e65a9046b2473701d821d0da1ebab54d77ade8dd24b3195140e1
scripts/evaluate_i2em_reference.py,3243,715e4359ea81a7bedc372b5b2d80108138ba51835fd471421805a125c40d3536
scripts/evaluate_multifidelity_pretraining.py,16515,3a592fc90e78213bcb018ee226c8ee7e604c68fb7b5c557b370c2ca60efc082d
scripts/evaluate_multifidelity_real_transfer.py,19106,148f3a14dc383130f8cea4ab2be105abe9a6458a105353db6d074dc14f17f599
scripts/evaluate_multifidelity_sample_efficiency.py,10343,56c822e37f97d3a41d0e60b458a19e39765fd3d674db504c4b6a8d1eed1b629d
scripts/evaluate_observation_teacher_audit.py,6758,bf2c63717bb59822aa8b27cc39eea28c4b2321b68bbfedf1d3c19b311e249e5d
scripts/evaluate_physics_offset_baseline.py,18640,1601c2d4b2fc81b2b5bd8f0233475b71a14328bf524bc997821e0dead7a05ff8
scripts/evaluate_physics_pretraining.py,23998,76d4807f470bcb8e436edd795519641455ae62b02b15cf1c8fcec0b6d088883d
scripts/evaluate_selective_physics_transfer.py,34905,3126269528ebef657f717d4f02b3650ac45641759c85db3fb83f5ec2aa37e57a
scripts/evaluate_simple_residual_baselines.py,9974,95755b479f8473ff7001682bbdd3e99bd354d526e2660110b944ef40aa8eb0c4
scripts/evaluate_smex02_preregistered_few_shot.py,22863,46583ac7697c35f7874adde76ed596810f54a3ff1977e3113aff88328c6a6bc4
scripts/evaluate_smex02_prospective_zero_shot.py,21611,e42bf701f4912b7dd6e793ee97aaeae0a7accf1ecf725df8721e3dc34e5c81b8
scripts/evaluate_synthetic_pretraining_domain.py,15993,712241d08425ff88fa0a11e879edf7fc65a9bde164412395c16ed0c902f5e191
scripts/evaluate_vegetation_inputs.py,35139,b42a0ad16071e4e961c4d9cdf986ef67c9c754f215bd6715368874213eeed7fb
scripts/finalize_paper_figures.py,4740,115bbad766f737d5e5c65eddc7e9046922215bf48b831a1a4c06650b7feda3c6
scripts/finalize_phase1_tgrs_evidence.py,15665,0862e1b9d9112fcef7b8b9b6673f50fc90fc2ee8ecac761c9f1e9647b8ab493b
scripts/finalize_phase2_sample_efficiency.py,10571,fc20b7d454200b1e1aff2dd936285c797a32d2c91855b0df64190b00b65614a3
scripts/finalize_phase3_cross_domain_evidence.py,17096,5b8efb2a15053115fd095c0a3221627f6fd608d9f20261e4b266bd042e4a73a0
scripts/freeze_smex02_prospective.py,4480,77d83f19b5f0eca90531653d703e3b43baf0b93e15be327fdfa8532557600fce
scripts/freeze_stage5_evidence.py,3253,321e988b014c2ab1668e4c124724e32cc160c4232e5d28a1307be36d6bcbf691
scripts/inspect_smapvex.py,10917,5eaa426f3685e45b17ee27c157ff7ca8953190342bdc4407eb8f2eabf609a4af
scripts/open_source_audit.py,2688,65b2783deaa5fbcece8acdd295827b12e93fd0491f54414ce25f870662959592
scripts/paper_diagnostics_core.py,23718,6cf788c7cdaacd802f0ebd34d96d4a87a53abebc77e8f95be84234ad20741ba8
scripts/postprocess_smex02_common_cohort.py,9127,1763c304549edbcaeede5d52d265ce3056303d339d3eb9e9e35b83db253703cd
scripts/prepare_i2em_loss_sensitivity.py,6574,77eb726aac8decdf6d7342bb027856eebd20de44da2b31e7706663fa355472ad
scripts/prepare_i2em_validation_grid.py,9186,4e0f1e8a97e4fddd8a35c19bdec3887af066d927d35e3a5a2f52b193b9448137
scripts/prepare_multifidelity_pretraining.py,12904,9ba3d1032ecd7cf9010b248217a9e729779c8bf64f2c59b5310e25f7272a5750
scripts/prepare_observation_teacher_audit.py,3092,95f8815aa715166770654f4228b756ea271b36541f0d6d47a723936fe5923441
scripts/prepare_portable_source_contract.py,3692,9baf7ccbc2a4139d502d2efbb973332dffbe7d850530952a4920c348c9f3b51a
scripts/prepare_smapvex08_external.py,20555,2fa0f90ba265665afb1773b52a0a1f33e5e33eb5e306ce61892c3951aea96b76
scripts/prepare_smex02_external.py,15955,44930da5fadc2ef7f23b5d3cdda34db13e4cc87d86961eb502dbf2f591273385
scripts/recalculate_frozen_results.py,20087,3148c49140f04d3c3a06103436d2d3e6c7be2a16cc479e69453091c2992c71f0
scripts/render_revision_figures.py,2568,9905f56b69c30fc792b2eea3a14ca1f295c152cdc8c75ad5bffa046e19290ffd
scripts/render_tgrs_composites.py,9848,87667ee6ccdd9c6d19c9bce2baddf6f94693debf1768abfdef89c9a84421415c
scripts/render_tgrs_figures.py,46538,cc3a0295ba7828f92442fa32b659accf8154e31dd232500e260e425841581c90
scripts/review_angle_control.py,6805,bcf956fcddda59446f0fa4282c38ec9071bf4dda42c55c2578b8847010d37186
scripts/review_match_vegetation.py,3518,cb7fe13e5908f209b91c1e9b613d04f45bd08822009eeea51325729bc19058cb
scripts/review_source_structure.py,16301,7bcb396028d31495d236ef79146cbe7e5bb74de85964a457bd6482b65b019ae7
scripts/run_i2em_requests_matlab.m,1468,d1ce3e63e5b9eae7f4faf9b9489739bd067d62820233feada494bfd81618ec13
scripts/run_i2em_requests_matlab_com.ps1,2270,c2984c00066c2d188672f148fef1897f2636597055565ed753b74d4d5f6848cd
scripts/run_i2em_teacher.py,2747,1b35d637076733b9c261cb73ab765e6298562c7aeaa8cd197e973d1ff83f16e0
scripts/simulate_rough_ground.py,19176,dcf1423873a3234a74b5af5de6c0973a85b1e3ceb373cc331138cd811a08b495
scripts/summarize_decoupled_results.py,9501,df8683e4d84304511475aa33d58132080e4e327c7056d817e012516f7907518f
scripts/summarize_stage6_paper_evidence.py,8713,b913a054a14a83780fa1bd1353a05d5aef57f7df0abe532a3c90649a24ec8afc
scripts/test_component_selective_transfer.py,2692,2dcef3449c11507f9de1bce7b7f374a21c8715321ce91ebad61cb5c147e016d8
scripts/test_decoupled_physics_heads.py,4290,d91df1a3969ccea9b5ceb03dbd86963846e52b76a2ab918602dbaa6dace7f10d
scripts/test_evaluate_vegetation_inputs.py,3421,29c4cc67d75fbdbb4257410f3739bd20ab949512fbe5f44b87100108d3ab30a2
scripts/test_external_domain_pipeline.py,1929,1be6082b4f1d30e81c4ff0be9d8ae950424b34b2d15248be28a924874fefd534
scripts/test_i2em_loss_sensitivity.py,1482,9e31ddcf1ca9b649812ea7ece04555c7ea8ff1e1ef6cd3faa7d905b38ba7a966
scripts/test_i2em_teacher_contract.py,2411,5ffadc8927fa2c6497bc04af2766ff35e87b0719b4c508958fe91e9fd0659cc9
scripts/test_multifidelity_pretraining.py,2477,4d1ac40d923bd2f60d496e32f7c99ebb4ccb9c34b656068321ab83c09ba62ab8
scripts/test_paper_diagnostics.py,4636,67b6dfaca8aaad9922564d9cf687d4213e43b99798007a249f4c355cf11f49e5
scripts/test_release_revision.py,2574,428c8aa0110af99b1f225846e23032d889dbf47ca0dd818ee045e267197078de
scripts/test_selective_physics_transfer.py,3174,d376637376ea6a4d000964cd9f859583dc9461fed45962994e4730673fd0bb72
scripts/test_smapvex08_reader.py,1187,694cee6ebd29a30d2fd304aa9bfc16ad05aa458ff7fa4a9911e6f727e4f91239
scripts/test_smex02_reader.py,2573,4be047b6670a463b6a95a419c16e720e307e72b1719876ccbc26e6b27c32a4b1
scripts/test_synthetic_pretraining_domain.py,2555,33b3be62824046da856eb1547ef81def707ff699db0caf9642af7bbef2a5c5b4
scripts/train_ground_surrogate.py,0,e3b0c44298fc1c149afbf4c8996fb92427ae41e4649b934ca495991b7852b855
scripts/train_surface_surrogates.py,17910,d9965114b3a91264bdcde97f97418fe341fd2f1f22a6e9f6f217cb1c70409b5f
scripts/verify_release.py,1717,ac2d0c30ed603f7efebbf30a0cc20c1315d971973404abf2a59e2cd518b9993b
scripts/verify_stage_continuity.py,7675,d616de04a2a5f8982f0ff6e2b6752048d6590ea18f5cd643117f67d9365a52d4
src/research_pilots/__init__.py,0,e3b0c44298fc1c149afbf4c8996fb92427ae41e4649b934ca495991b7852b855
src/research_pilots/scattering/__init__.py,0,e3b0c44298fc1c149afbf4c8996fb92427ae41e4649b934ca495991b7852b855
src/research_pilots/scattering/data/__init__.py,0,e3b0c44298fc1c149afbf4c8996fb92427ae41e4649b934ca495991b7852b855
src/research_pilots/scattering/data/read_smapvex.py,9821,7fb5c3d9f815af7599cd5b752074c1045fb825f160293fcf7dd457ecb41fc3f8
src/research_pilots/scattering/data/read_smapvex08.py,8785,651071db369b550d8351c860d62ecea93f45e982297f5f0602be7587679ebd02
src/research_pilots/scattering/data/read_smex02.py,7748,57eb47b5f3d4f0b59b7ea28a1e06b33e817bfe8b223948aaf22486eafaaad563
src/research_pilots/scattering/data/vegetation.py,20846,a76716b35fb7761fd1f2adbf51e7bd49d687a7155d73883a567dfdac5b2f37d8
src/research_pilots/scattering/surfaces/__init__.py,0,e3b0c44298fc1c149afbf4c8996fb92427ae41e4649b934ca495991b7852b855
src/research_pilots/scattering/surfaces/dielectric.py,1884,3c1154c70bc045b44e84d4586e01fe57ca1c306ae1349c1efbd1ef6b3fed6fdd
src/research_pilots/scattering/surfaces/metrics.py,2189,4dcfc65388c5505c5dfd1ad614301c2e4f8ad37b32b1e53eb7b4cc4cb44b8d36
src/research_pilots/scattering/surfaces/rough_surface.py,3543,3f5c480fabe23052f87f73830e9165268278501c56d21e000d7095849442cc4b
src/research_pilots/scattering/surfaces/spm.py,2604,beb6054ac36b8dba9be50e73ff527025e417b87c26e265dc051d70592eae5b44
src/research_pilots/scattering/surfaces/teacher_contract.py,5234,5ac6c00844b0e377c15100670a099c3a872ebf9ffd303e2ff569705d852e5264
src/research_pilots/scattering/surrogate/hybrid_surrogate.py,6586,af41eafd58f36ac599ca83e07b7f5c7bfc2943cd0a145e015728a4e9ca663739
src/research_pilots/scattering/surrogate/physics_pretraining.py,7725,4e0f654519c5d2561fe3777eef8d42aa43ff2a8018dfc513f66efbd1aab35b7d
tests/README.md,307,1b5d09ec19930cd2c22fe032dab10b2340c239f192bb079f6522eb69e740aaca
tests/editorial_0.2.1_validation.json,445,5a6794ba97b32ba8744ac32166b62f8fbd6e4cbdf3433964e439b392aa0d0dde
tests/github_status.json,337,46e793b47624f5e290d2fbc7eaa138e74ad80a5610211ff5f7c2b529c27ed285
tests/public_checksums.log,79,d9ef1444a75820d5bc3bb345e56380faffa6f54fbfb2362712a82df73e30a1f5
tests/public_fairness.log,7682,85912af0e5abf9c004c7bfe15cb381ff87be20c4f890b974f182a062da20d0ae
tests/public_install.log,1424,3adb01d7e3b69ef9050e7a05b1475584c97bb59346c019ce50a27654e93ba81f
tests/public_recalculation.log,1280,db028ec4415c4e9266ca8b011ba124cfbe2d42a7d602f80058e2429573fb1829
tests/public_render.log,47,00a1b0647293e55bbd88b53347b3385d11ce5d7b5e2a9bedb45f6b4bc6720ee0
tests/public_unittest.log,7462,78b5e10717e4e3caac19eafb3b1a484b9e993ffde8ef66f6571a3d11f5c7af50
tests/release_validation.json,1393,18bfb8f185826dcbf31dd060497a0190acc9327962fcd07696729a5c132423fb
tests/removed_unrelated_files.json,585,3971b16633d221868970551527a9766d28e0d7ec5fb3781e171f58f0cf49b86f
