campaign_id,acquisition_date,field_id,soil_moisture_m3_m3,soil_moisture_median_m3_m3,soil_moisture_std_m3_m3,soil_site_count,soil_observation_count,soil_real_dielectric,soil_real_dielectric_median,soil_real_dielectric_std,field_site_count,field_utm_x,field_utm_y,field_utm_x_min,field_utm_x_max,field_utm_y_min,field_utm_y_max,pals_sample_count,match_distance_m_mean,match_distance_m_median,match_distance_m_max,pals_utc_seconds_min,pals_utc_seconds_max,sigma0_vv_db_median,sigma0_vv_db_std,sigma0_vv_db_linear_mean,sigma0_hh_db_median,sigma0_hh_db_std,sigma0_hh_db_linear_mean,sigma0_hv_db_median,sigma0_hv_db_std,sigma0_hv_db_linear_mean,sigma0_vh_db_median,sigma0_vh_db_std,sigma0_vh_db_linear_mean,sigma0_vv_db,sigma0_hh_db,sigma0_hv_db,sigma0_vh_db,pals_rms_height_cm,pals_rms_height_cm_median,pals_rms_height_cm_std,pals_correlation_length_cm,pals_correlation_length_cm_median,pals_correlation_length_cm_std,roughness_site_count,roughness_available,roughness_expected_range,enough_pals_samples,model_ready,frequency_ghz,nominal_incidence_angle_deg,wavelength_m,k_rms_height,correlation_length_wavelengths,vegetation_water_content_in_situ_kg_m2,vegetation_sample_date,vegetation_gap_days,crop_type
SMAPVEX12,2012-06-22,102,0.5255705714285714,0.5282395,0.0347624145300069,14,42,37.111617026754,53.55,6.169987355054993,16,579637.8940625,5499754.7868125,579374.0702,579902.098,5499651.725,5499856.927,313,258.09611512879445,240.1764028199685,496.53143916388615,50151.844,50164.891,-13.69,5.276712141437417,0.1318809667518508,-11.94,3.466589433362463,0.1001600049149208,-26.64,2.7453414278706525,0.003033051355197,-27.21,3.163122347551869,0.0027602441253643,-8.79817877926706,-9.99305662822514,-25.18120236214275,-25.59052505757238,0.6699999999999999,0.6699999999999999,0.1272792206135785,10.25,10.25,3.8890872965260113,2,True,True,True,True,1.26,40.0,0.2379305222222222,0.1769312367531609,0.4307980289484133,0.05608,2012-06-24,2,Beans
SMAPVEX12,2012-06-25,102,0.432187375,0.433288,0.0652137437496882,16,48,28.12836389795347,37.7405,10.09547993163277,16,579637.8940625,5499754.7868125,579374.0702,579902.098,5499651.725,5499856.927,288,245.4136868505053,236.5678095884069,499.4046293680687,50706.672,50718.078,-16.645,5.079147931382358,0.0681747551916853,-15.26,3.676746294842441,0.0558264336722348,-28.725,2.3524656669624995,0.0017792407682675,-29.79,2.937267670032495,0.0014978929043552,-11.66376412888952,-12.531601150465749,-27.49765278866695,-28.245192365098536,0.6699999999999999,0.6699999999999999,0.1272792206135785,10.25,10.25,3.8890872965260113,2,True,True,True,True,1.26,40.0,0.2379305222222222,0.1769312367531609,0.4307980289484133,0.05608,2012-06-24,1,Beans
SMAPVEX12,2012-06-29,102,0.26892575,0.2528505,0.0496589483275673,16,47,14.59814617165497,15.303,5.297718478171366,16,579637.8940625,5499754.7868125,579374.0702,579902.098,5499651.725,5499856.927,288,352.3610308366612,339.6401226776285,499.2649331420168,50614.062,50625.828,-18.165,4.0889718258181365,0.0301429778111537,-18.275,3.295786517307146,0.0236706536438372,-29.32,2.287617164418197,0.001569565400073,-30.56,2.9525514657262546,0.001290001108649,-15.208138461464548,-16.257897492533367,-28.042205835643884,-28.894099164604576,0.6699999999999999,0.6699999999999999,0.1272792206135785,10.25,10.25,3.8890872965260113,2,True,True,True,True,1.26,40.0,0.2379305222222222,0.1769312367531609,0.4307980289484133,0.1433766666666666,2012-06-30,1,Beans
SMAPVEX12,2012-07-08,102,0.2103404375,0.215103,0.0258601731805718,16,48,10.731879755102455,11.869,2.2156632077100524,16,579637.8940625,5499754.7868125,579374.0702,579902.098,5499651.725,5499856.927,222,287.5992637141455,271.34439747525937,499.29637891374927,51115.594,51128.64,-13.19,5.834183939334149,0.1238243725182126,-14.46,5.023222358537977,0.0970631143763998,-26.725,2.159744715032761,0.0024186891689636,-27.39,2.455085292108824,0.0021690183783726,-9.071938641334588,-10.129457779827602,-26.16419940186111,-26.63736768137032,0.6699999999999999,0.6699999999999999,0.1272792206135785,10.25,10.25,3.8890872965260113,2,True,True,True,True,1.26,40.0,0.2379305222222222,0.1769312367531609,0.4307980289484133,0.41407,2012-07-09,1,Beans
SMAPVEX12,2012-07-10,102,0.232726,0.222169,0.0559734387056337,16,48,12.13512950600027,12.4885,5.822978178088943,16,579637.8940625,5499754.7868125,579374.0702,579902.098,5499651.725,5499856.927,283,328.0994510824958,307.50948886237137,490.4107941085144,50535.047,50546.312,-17.55,4.069535639576127,0.0387955305628322,-16.98,3.320375866908986,0.0319569726691189,-27.97,1.436755510172253,0.0017288110726214,-28.65,1.8238348777036348,0.0015210441306707,-14.112183043981709,-14.95434368762578,-27.62252464563614,-28.178581854021164,0.6699999999999999,0.6699999999999999,0.1272792206135785,10.25,10.25,3.8890872965260113,2,True,True,True,True,1.26,40.0,0.2379305222222222,0.1769312367531609,0.4307980289484133,0.41407,2012-07-09,1,Beans
SMAPVEX12,2012-07-17,102,0.227286625,0.225122,0.0271038455349666,16,48,11.785441237578713,12.7385,2.466455465338874,16,579637.8940625,5499754.7868125,579374.0702,579902.098,5499651.725,5499856.927,49,441.94501663616006,454.536801394424,498.8359475974732,53417.0,53418.593,-4.15,2.4955965641273736,0.3587226227547118,-5.64,2.6962187398646416,0.3151885622602573,-23.98,1.782065223998559,0.0044535330031147,-23.9,1.9173669010737968,0.0047268663567065,-4.452412337847899,-5.014295508188514,-23.51295324976762,-23.254266763866127,0.6699999999999999,0.6699999999999999,0.1272792206135785,10.25,10.25,3.8890872965260113,2,True,True,True,True,1.26,40.0,0.2379305222222222,0.1769312367531609,0.4307980289484133,0.6757799999999999,2012-07-18,1,Beans
SMAPVEX12,2012-07-19,102,0.206651,0.2070465,0.0250624467095027,16,48,10.509857025299615,11.19,2.2048543073560816,16,579637.8940625,5499754.7868125,579374.0702,579902.098,5499651.725,5499856.927,314,249.56700999424663,243.869418488201,499.6250415527376,51610.422,51622.844,-14.125,4.083766657379295,0.0782296364898274,-11.815,3.068813766274032,0.0927866131449424,-24.445,2.7207770262602256,0.0046309964393153,-24.435,2.815668191915461,0.0046334472219254,-11.06628687788346,-10.3251467740893,-23.34325552926706,-23.34095779520413,0.6699999999999999,0.6699999999999999,0.1272792206135785,10.25,10.25,3.8890872965260113,2,True,True,True,True,1.26,40.0,0.2379305222222222,0.1769312367531609,0.4307980289484133,0.6757799999999999,2012-07-18,1,Beans
SMAPVEX12,2012-06-22,103,0.5822781333333332,0.579347,0.0132354679601369,15,45,42.8040447174359,59.961,2.3934080562682016,16,579657.7310125,5498990.9615625,579393.5844,579922.2423,5498887.106,5499093.745,323,265.1820966817117,251.50712236649525,492.1835596966288,50139.172,50151.828,-15.95,2.7983636199886504,0.0354332713686917,-13.83,2.1369530982505096,0.046945632724933,-27.79,1.719027699419431,0.001866603845207,-28.6,2.16957854550852,0.0015935078284399,-14.50588749676858,-13.28404803220713,-27.289478438593704,-27.97645798622673,0.6950000000000001,0.6950000000000001,0.0919238815542512,5.0,5.0,0.0,2,True,True,True,True,1.26,40.0,0.2379305222222222,0.1835331485723088,0.2101453799748358,0.0538933333333333,2012-06-21,1,Beans
SMAPVEX12,2012-06-27,103,0.358232,0.332521,0.0881051163417879,16,48,21.571711560706376,23.888,12.144719770164867,16,579657.7310125,5498990.9615625,579393.5844,579922.2423,5498887.106,5499093.745,296,220.72451991107056,197.66310703524883,497.4745957898757,50597.813,50609.391,-19.665,3.543773184307088,0.0218727390959376,-18.285,2.3887956586549968,0.0186115597066808,-30.475,1.5804417523640837,0.0009888964651005,-31.520000000000003,1.992164173547337,0.0008044713934274,-16.600968273984137,-17.302172301136643,-30.04849175530485,-30.94489394569916,0.6950000000000001,0.6950000000000001,0.0919238815542512,5.0,5.0,0.0,2,True,True,True,True,1.26,40.0,0.2379305222222222,0.1835331485723088,0.2101453799748358,0.0844666666666666,2012-06-28,1,Beans
SMAPVEX12,2012-06-29,103,0.256368875,0.2491135,0.052419886859696,16,48,13.717697487658546,15.373,5.178442973439669,16,579657.7310125,5498990.9615625,579393.5844,579922.2423,5498887.106,5499093.745,296,356.7836396342336,346.47979347853834,499.9454588854269,50602.437,50614.031,-20.47,2.4313908180553145,0.0103601782384822,-19.245,2.138188278601848,0.0128161591164265,-30.15,1.375119567532748,0.0010622372825189,-31.82,2.020568815247508,0.0007604581670946,-19.84632772841422,-18.92242109331228,-29.73778459734728,-31.18924671551361,0.6950000000000001,0.6950000000000001,0.0919238815542512,5.0,5.0,0.0,2,True,True,True,True,1.26,40.0,0.2379305222222222,0.1835331485723088,0.2101453799748358,0.0844666666666666,2012-06-28,1,Beans
SMAPVEX12,2012-07-05,103,0.27571075,0.275739,0.0371920361125873,16,48,15.084986665660008,17.886499999999998,3.637583121043422,16,579657.7310125,5498990.9615625,579393.5844,579922.2423,5498887.106,5499093.745,189,353.7964123147301,352.37854145914605,498.0134315172794,52971.422,52985.875,-16.8,2.7539863291853237,0.0244110754676341,-16.0,2.0281401909742804,0.0277025978183165,-26.6,1.7817892136785756,0.0024507320708003,-27.06,2.08062596660802,0.0022147206789441,-16.124130866471255,-15.574795029478718,-26.107041659137032,-26.546810393021172,0.6950000000000001,0.6950000000000001,0.0919238815542512,5.0,5.0,0.0,2,True,True,True,True,1.26,40.0,0.2379305222222222,0.1835331485723088,0.2101453799748358,0.2440433333333333,2012-07-07,2,Beans
SMAPVEX12,2012-07-08,103,0.22568175,0.220115,0.0314629684687676,16,48,11.683322505620534,12.8535,2.6975297310687787,16,579657.7310125,5498990.9615625,579393.5844,579922.2423,5498887.106,5499093.745,184,249.8504378595259,240.6314528687436,498.2081615059283,51102.265,51115.562,-18.48,4.270932034335154,0.0402631860337211,-17.445,2.859064929124117,0.0258926054487419,-28.08,1.5181065791080044,0.0016605496322633,-28.835,1.9580115804085567,0.0014576522489586,-13.95091862281008,-15.86824246394819,-27.79748139218894,-28.36346072981029,0.6950000000000001,0.6950000000000001,0.0919238815542512,5.0,5.0,0.0,2,True,True,True,True,1.26,40.0,0.2379305222222222,0.1835331485723088,0.2101453799748358,0.2440433333333333,2012-07-07,1,Beans
SMAPVEX12,2012-07-14,103,0.1851104375,0.1712995,0.0465728222263711,16,48,9.26783881202995,9.1205,3.9882659536027263,16,579657.7310125,5498990.9615625,579393.5844,579922.2423,5498887.106,5499093.745,311,293.5394601509766,276.0247857963095,499.855521975706,50930.094,50942.438,-19.2,2.1859588333634368,0.0133994640803807,-18.25,2.073268902361642,0.0164332783658719,-28.0,1.6092308469205516,0.0016775306538994,-28.65,1.9926581288372889,0.0014951226238848,-18.72912571156667,-17.84275788106028,-27.753295351245587,-28.25323186809377,0.6950000000000001,0.6950000000000001,0.0919238815542512,5.0,5.0,0.0,2,True,True,True,True,1.26,40.0,0.2379305222222222,0.1835331485723088,0.2101453799748358,0.5443533333333334,2012-07-16,2,Beans
SMAPVEX12,2012-07-17,103,0.2415624375,0.2367334999999999,0.0318229909132139,16,48,12.714838627922248,14.2705,2.87294945352333,16,579657.7310125,5498990.9615625,579393.5844,579922.2423,5498887.106,5499093.745,148,227.7871161153115,222.06155814388973,278.71078162632307,53398.0,53403.984,-16.47,2.0214933286124306,0.0238914251247646,-12.9,2.1948856076077283,0.0550130924366978,-24.605,1.9103297740337524,0.00389706460284,-24.795,2.0172394744909155,0.0037393959661337,-16.21757943788777,-12.595339414809716,-24.092623947142595,-24.27198544794477,0.6950000000000001,0.6950000000000001,0.0919238815542512,5.0,5.0,0.0,2,True,True,True,True,1.26,40.0,0.2379305222222222,0.1835331485723088,0.2101453799748358,0.5443533333333334,2012-07-16,1,Beans
SMAPVEX12,2012-06-22,11,0.1775281875,0.162994,0.0714848739060404,16,48,8.85324737359664,9.0475,5.611593010199144,16,561494.752775,5517724.375875,561393.2874,561595.8131,5517461.316,5517987.822,277,289.85171667591607,262.8815970871239,482.7855114625022,48934.188,48945.313,-19.29,3.157420390727161,0.0181103532207145,-16.85,2.623584000940928,0.0255874842774283,-26.49,3.24062017125329,0.0036652281709351,-26.89,3.724721389190276,0.0034821148792604,-17.420730792104454,-15.919724111874036,-24.358989841078294,-24.58156905072249,0.395,0.395,0.2333452377915607,14.0,14.0,12.020815280171307,2,True,True,True,True,1.26,40.0,0.2379305222222222,0.1043102067425352,0.5884070639295402,0.0118166666666666,2012-06-21,1,Beans
SMAPVEX12,2012-06-27,11,0.153090125,0.1563315,0.0409332408047949,16,48,7.60028708069317,8.5825575,2.677132326757368,16,561494.752775,5517724.375875,561393.2874,561595.8131,5517461.316,5517987.822,274,224.76416654452763,207.3370498883232,499.3802681701244,49196.093,49207.14,-18.54,2.873520343398689,0.0187253467397651,-17.095,2.3916717426868384,0.0248458240618908,-27.025,3.515754612289808,0.0037938514741006,-27.435,3.9470354078729017,0.0037065922771839,-17.275701316646803,-16.04746594426725,-24.20919675355936,-24.310251834626605,0.395,0.395,0.2333452377915607,14.0,14.0,12.020815280171307,2,True,True,True,True,1.26,40.0,0.2379305222222222,0.1043102067425352,0.5884070639295402,0.02505,2012-06-28,1,Beans
SMAPVEX12,2012-06-29,11,0.13346484375,0.1279345,0.055391040868152,16,45,6.689555362918019,6.8133955,3.457355692087112,16,561494.752775,5517724.375875,561393.2874,561595.8131,5517461.316,5517987.822,271,301.1791668197547,276.24042424970423,498.5189767196295,49252.11,49263.079,-19.92,3.2135695389019427,0.0156866863463811,-18.44,2.7333309913089066,0.0198345269012492,-27.4,3.493558166399976,0.0034501806732468,-28.07,4.069066541623337,0.0033145259100057,-18.04468787035671,-17.025781539812208,-24.62158161929729,-24.79578581706481,0.395,0.395,0.2333452377915607,14.0,14.0,12.020815280171307,2,True,True,True,True,1.26,40.0,0.2379305222222222,0.1043102067425352,0.5884070639295402,0.02505,2012-06-28,1,Beans
SMAPVEX12,2012-07-10,11,0.1215556875,0.1246425,0.0615845421175571,16,43,6.179973136111099,6.566995,3.6599885938335,16,561494.752775,5517724.375875,561393.2874,561595.8131,5517461.316,5517987.822,271,336.87587237514066,317.12914993305486,498.185428425467,49269.5,49280.078,-18.91,2.647514020341506,0.0164336502890329,-18.56,2.559000642563982,0.017359453116964,-26.73,2.978173596660613,0.0032273050661739,-27.04,3.4488672127599416,0.003165780543978,-17.842659591269815,-17.604639607278372,-24.91159980275085,-24.995191942881757,0.395,0.395,0.2333452377915607,14.0,14.0,12.020815280171307,2,True,True,True,True,1.26,40.0,0.2379305222222222,0.1043102067425352,0.5884070639295402,0.1083966666666666,2012-07-09,1,Beans
SMAPVEX12,2012-07-17,11,0.1754680625,0.1723815,0.0515683670538037,16,48,8.742681720099913,9.7082665,3.809163317229056,16,561494.752775,5517724.375875,561393.2874,561595.8131,5517461.316,5517987.822,246,338.8033181503872,323.36869872061607,490.5247511525281,52157.078,52166.656,-15.535,2.1109329900783864,0.0310962926137786,-14.55,2.085309733171229,0.038154562774184,-23.475,2.396710172625791,0.0052080650979976,-23.625,2.593594558912632,0.0052278162151139,-15.072913856790963,-14.18453518805826,-22.833235959597395,-22.816796885292984,0.395,0.395,0.2333452377915607,14.0,14.0,12.020815280171307,2,True,True,True,True,1.26,40.0,0.2379305222222222,0.1043102067425352,0.5884070639295402,0.41314,2012-07-18,1,Beans
SMAPVEX12,2012-06-27,111,0.2201703125,0.2088225,0.0480345364291412,16,48,11.33632920437602,14.3165,4.60206001699239,16,579929.245125,5491774.4979375005,579827.3647,580030.5942,5491510.74,5492037.872,300,350.2211603423898,339.7287379337786,499.77271665974894,50503.953,50515.656,-11.885,6.566006167287064,0.1027591724569413,-16.355,4.001072573032274,0.0305687132577412,-29.18,2.329536921748218,0.0014474186273122,-29.73,2.886868257010244,0.0012835980287269,-9.881794018641486,-15.147228418373352,-28.39405842593696,-28.915709585394985,0.645,0.645,0.0636396103067892,18.25,18.25,0.3535533905932738,2,True,True,True,True,1.26,40.0,0.2379305222222222,0.1703293249340131,0.7670306369081507,0.1317666666666666,2012-06-28,1,Beans
SMAPVEX12,2012-07-08,111,0.3278345625,0.3319539999999999,0.0435268608056661,16,48,19.067822599778978,27.7,5.381781984931508,16,579929.245125,5491774.4979375005,579827.3647,580030.5942,5491510.74,5492037.872,336,341.0340089649055,332.291077948208,499.7320835020381,50993.687,51007.437,-8.39,4.859852276265357,0.199000550128656,-11.42,3.35079518283654,0.0905162964241853,-24.295,1.813870233228436,0.0038867281113373,-24.475,2.0247100714206,0.0037537326514933,-7.011457229997938,-10.432732239997303,-24.104158385495413,-24.25536661953295,0.645,0.645,0.0636396103067892,18.25,18.25,0.3535533905932738,2,True,True,True,True,1.26,40.0,0.2379305222222222,0.1703293249340131,0.7670306369081507,0.7219466666666667,2012-07-09,1,Beans
SMAPVEX12,2012-07-10,111,0.2081559375,0.1965315,0.0350664981912342,16,48,10.600098709413405,13.2215,3.398953554649823,16,579929.245125,5491774.4979375005,579827.3647,580030.5942,5491510.74,5492037.872,75,489.413155801963,488.68176412227126,495.884735692613,50429.781,50432.406,-7.98,3.453044735584226,0.1845013995395799,-13.0,2.41337868654811,0.0584399808909468,-25.86,1.4826537323630522,0.0027008060518372,-26.19,1.7976170713294684,0.0024562471353621,-7.340003351417149,-12.332899347459149,-25.6850660190701,-26.09727938783156,0.645,0.645,0.0636396103067892,18.25,18.25,0.3535533905932738,2,True,True,True,True,1.26,40.0,0.2379305222222222,0.1703293249340131,0.7670306369081507,0.7219466666666667,2012-07-09,1,Beans
SMAPVEX12,2012-07-19,111,0.20661875,0.2050135,0.0286020122170917,16,48,10.507928069587434,13.9755,2.649173934141232,16,579929.245125,5491774.4979375005,579827.3647,580030.5942,5491510.74,5492037.872,338,272.8227307951296,255.84521935447572,498.6189825141949,51494.625,51508.422,-12.875,3.069431795502338,0.0644941970041755,-14.11,2.6124420865630467,0.045396475248294,-24.405,1.940289219470352,0.0038879889439742,-24.450000000000003,2.05173096560593,0.0039189895681803,-11.904793601312772,-13.429778660777457,-24.102749787194774,-24.068258925534725,0.645,0.645,0.0636396103067892,18.25,18.25,0.3535533905932738,2,True,True,True,True,1.26,40.0,0.2379305222222222,0.1703293249340131,0.7670306369081507,1.1273166666666663,2012-07-18,1,Beans
SMAPVEX12,2012-06-22,112,0.3852763125,0.3894809999999999,0.0293606170977808,16,48,23.89855292935554,38.1295,5.872427771302655,16,579890.19510625,5494165.70125,579786.4892,579992.7951,5493901.256,5494429.768,189,427.955351141139,420.08534941587175,499.1011180115506,50070.188,50077.938,-19.54,2.16984683739654,0.0126351450314462,-17.39,2.02341746624635,0.0209434758210185,-29.39,1.3746942758785627,0.0012178576887356,-30.87,1.9857240493079589,0.0009007187415387,-18.984197687028864,-16.789512402971386,-29.14403457686514,-30.45410800660062,0.55,0.55,0.0989949493661167,6.75,6.75,2.4748737341529163,2,True,True,True,True,1.26,40.0,0.2379305222222222,0.1452420600212515,0.2836962629660283,0.0949366666666666,2012-06-24,2,Beans
SMAPVEX12,2012-06-25,112,0.3597355625,0.3624205,0.0225696676152419,16,48,21.698718059659406,32.788,4.288127359349299,16,579890.19510625,5494165.70125,579786.4892,579992.7951,5493901.256,5494429.768,237,295.010720522903,265.6685960555116,499.2265538807943,50634.297,50643.656,-20.14,2.203891581591818,0.0111444673301042,-18.5,2.3774743687120097,0.0169314955218598,-29.7,1.3845728625567295,0.0011596753188313,-31.2,2.050269643335736,0.0008707253867398,-19.529406845749364,-17.713046799178723,-29.35663585753581,-30.60118793130596,0.55,0.55,0.0989949493661167,6.75,6.75,2.4748737341529163,2,True,True,True,True,1.26,40.0,0.2379305222222222,0.1452420600212515,0.2836962629660283,0.0949366666666666,2012-06-24,1,Beans
SMAPVEX12,2012-07-05,112,0.3147235625,0.3118095,0.0234785135388898,16,48,18.027343947701027,23.881500000000003,3.888187434932461,16,579890.19510625,5494165.70125,579786.4892,579992.7951,5493901.256,5494429.768,217,254.9743296478933,243.10217388943997,494.1031026769687,52890.5,52898.984,-16.5,2.2631991149318456,0.0261051232997577,-15.89,2.363298242759339,0.029721858402268,-25.77,1.93156885113108,0.0028434484934911,-26.07,2.247585033659373,0.0026802809364207,-15.832742511880692,-15.269240391706376,-25.46154634194008,-25.718196825597097,0.55,0.55,0.0989949493661167,6.75,6.75,2.4748737341529163,2,True,True,True,True,1.26,40.0,0.2379305222222222,0.1452420600212515,0.2836962629660283,0.42324,2012-07-07,2,Beans
SMAPVEX12,2012-07-08,112,0.3150216875,0.318057,0.0294635314125078,16,48,18.050725770181128,24.917,4.705227957194706,16,579890.19510625,5494165.70125,579786.4892,579992.7951,5493901.256,5494429.768,277,312.05039323287184,289.9144789965316,481.2529381092925,51030.406,51041.531,-16.28,2.069658369449511,0.0254450800648005,-16.18,1.9168419766094444,0.025892788243854,-26.78,1.885049503548164,0.0023732288344489,-27.12,2.243348207090384,0.0022015556546821,-15.9439617824927,-15.868211803986831,-26.24660383676076,-26.57270331228373,0.55,0.55,0.0989949493661167,6.75,6.75,2.4748737341529163,2,True,True,True,True,1.26,40.0,0.2379305222222222,0.1452420600212515,0.2836962629660283,0.42324,2012-07-07,1,Beans
SMAPVEX12,2012-06-22,113,0.3983980625,0.405449,0.0398246931429379,16,48,25.058311399910437,39.349,6.835496528843632,16,579708.07930625,5494827.598625,579444.9004,579971.6433,5494726.229,5494929.02,321,298.633173093564,280.56034704731127,499.60934853216537,50077.969,50091.0,-16.12,4.2037929999060575,0.0529093318152006,-16.74,3.57740653131075,0.040698033925441,-29.03,3.0556585341138582,0.0021345903310148,-30.15,3.818802489429244,0.0018376243796923,-12.764677230796163,-13.904265705279988,-26.706854621150303,-27.35743256006539,0.905,0.905,0.120208152801713,18.25,18.25,2.4748737341529163,2,True,True,True,True,1.26,40.0,0.2379305222222222,0.2389892078531502,0.7670306369081507,0.0707766666666666,2012-06-24,2,SoyBeans
SMAPVEX12,2012-06-25,113,0.342965625,0.3484045,0.0432675598909467,16,48,20.298700439187176,30.124,6.31482792586887,16,579708.07930625,5494827.598625,579444.9004,579971.6433,5494726.229,5494929.02,275,228.9944315880703,229.26749716624715,489.353927004635,50644.047,50654.734,-18.21,3.7177435904206986,0.0273647903358983,-19.14,3.3715716060748995,0.0215324193637297,-29.92,2.341730006644921,0.0013959629146225,-31.38,3.114122791698871,0.0010654055994984,-15.628078749949356,-16.669071704883304,-28.551261190973317,-29.72485025004845,0.905,0.905,0.120208152801713,18.25,18.25,2.4748737341529163,2,True,True,True,True,1.26,40.0,0.2379305222222222,0.2389892078531502,0.7670306369081507,0.0707766666666666,2012-06-24,1,SoyBeans
SMAPVEX12,2012-07-05,113,0.282303125,0.2871975,0.0440264950696358,16,48,15.56528790825619,21.5955,5.406228258530463,16,579708.07930625,5494827.598625,579444.9004,579971.6433,5494726.229,5494929.02,316,230.98298629877567,210.0999875852179,499.2274868134978,52905.016,52917.844,-15.55,3.033369228404084,0.0426951202860424,-15.239999999999998,2.7171525702865824,0.0417968202230359,-26.335,2.3218381392306444,0.0030845932295803,-26.79,2.639197429738148,0.0029159930259509,-13.696217585568537,-13.78856756792369,-25.108020989877016,-25.352135190353525,0.905,0.905,0.120208152801713,18.25,18.25,2.4748737341529163,2,True,True,True,True,1.26,40.0,0.2379305222222222,0.2389892078531502,0.7670306369081507,0.23725,2012-07-07,2,Beans
SMAPVEX12,2012-07-08,113,0.249815375,0.2420535,0.0428529817754844,16,48,13.26902601705735,16.2285,5.0183270681074585,16,579708.07930625,5494827.598625,579444.9004,579971.6433,5494726.229,5494929.02,322,239.31925673995528,224.010440366554,491.4147572066001,51041.547,51054.203,-15.775,2.9584455222447503,0.0399975136891596,-16.47,3.042461331478501,0.0361519103911989,-27.49,1.7796019610684342,0.001920025570206,-28.165,2.1870767956174286,0.0017184860515418,-13.97967004287996,-14.418687481499695,-27.16692987481117,-27.64853988556132,0.905,0.905,0.120208152801713,18.25,18.25,2.4748737341529163,2,True,True,True,True,1.26,40.0,0.2379305222222222,0.2389892078531502,0.7670306369081507,0.23725,2012-07-07,1,Beans
SMAPVEX12,2012-07-14,113,0.1960781875,0.190235,0.0341441336829989,16,48,9.888532036251156,10.9855,3.3364501388701537,16,579708.07930625,5494827.598625,579444.9004,579971.6433,5494726.229,5494929.02,280,401.170412643865,391.3412994165187,498.831635096704,50868.75,50879.938,-16.6,2.295398794815432,0.0253170700749757,-16.83,2.349272829285882,0.0229183557487516,-27.9,1.6462658392609817,0.0017643804579936,-28.355,1.9743235296925343,0.0016021563762141,-15.965865563125584,-16.398165435484163,-27.53407761045826,-27.95295097482417,0.905,0.905,0.120208152801713,18.25,18.25,2.4748737341529163,2,True,True,True,True,1.26,40.0,0.2379305222222222,0.2389892078531502,0.7670306369081507,0.5231233333333333,2012-07-16,2,Beans
SMAPVEX12,2012-07-17,113,0.2498196875,0.2545475,0.0249605527869309,16,48,13.269318777392352,17.625,2.8148913233906563,16,579708.07930625,5494827.598625,579444.9004,579971.6433,5494726.229,5494929.02,286,378.0483162910277,363.9462048801012,498.3575412735208,53334.672,53346.015,-13.835,2.3419000901807614,0.0464480745177167,-14.25,2.0828071313875194,0.041956441538385,-24.525,1.7624244518482428,0.0037354791640922,-24.54,1.9271654229184256,0.0036480820587529,-13.330322847631932,-13.772013528373366,-24.27653681673526,-24.379354013571177,0.905,0.905,0.120208152801713,18.25,18.25,2.4748737341529163,2,True,True,True,True,1.26,40.0,0.2379305222222222,0.2389892078531502,0.7670306369081507,0.5231233333333333,2012-07-16,1,Beans
SMAPVEX12,2012-06-22,12,0.1390214666666666,0.136938,0.0389353709293943,15,45,6.93855456861347,7.315,2.6254154900202167,16,561362.66025625,5517091.16675,561098.8364,561626.8642,5516988.105,5517193.307,319,234.18869201622852,217.49317450723623,499.7875710506009,48921.625,48934.172,-15.57,4.13381918253463,0.0434392655119733,-14.28,3.434839308626074,0.0507505456768621,-23.53,4.215101755578559,0.00820844231651,-23.69,4.593848224037311,0.0082355302009146,-13.621175265774452,-12.945592837955164,-20.857392494004003,-20.843084358482997,1.04,1.04,0.2121320343559642,15.25,15.25,9.545941546018392,2,True,True,True,True,1.26,40.0,0.2379305222222222,0.2746395316765484,0.6409434089232492,0.0831666666666666,2012-06-21,1,Beans
SMAPVEX12,2012-06-27,12,0.11749153125,0.0978914999999999,0.0578539351613091,16,47,6.013694713460554,5.0764885,3.583883619229564,16,561362.66025625,5517091.16675,561098.8364,561626.8642,5516988.105,5517193.307,225,255.87912539539653,225.99927354855984,463.1854742394114,49186.015,49196.062,-15.7,3.415352063006934,0.0375586069542538,-14.53,3.603101804155847,0.0517142609722083,-24.1,3.640735782189409,0.0063729856493249,-24.11,3.9344470588292513,0.0063770062253671,-14.252905240550222,-12.863896772641066,-21.956570594623926,-21.95383159045164,1.04,1.04,0.2121320343559642,15.25,15.25,9.545941546018392,2,True,True,True,True,1.26,40.0,0.2379305222222222,0.2746395316765484,0.6409434089232492,0.06559,2012-06-28,1,Beans
SMAPVEX12,2012-06-29,12,0.12716290625,0.0876035,0.1091905831291048,16,45,6.41577777497658,4.5729945,9.57279118670773,16,561362.66025625,5517091.16675,561098.8364,561626.8642,5516988.105,5517193.307,311,241.6831710294711,229.01550674036636,498.1227254622274,49239.75,49252.094,-16.8,3.8504784613458463,0.0322007476149381,-15.88,3.4202486014614752,0.0355391942641352,-24.01,4.433560340027293,0.0070098518108973,-24.16,4.937702996815728,0.0071039791996273,-14.921340450348202,-14.492924226367006,-21.54291162973399,-21.484983188370396,1.04,1.04,0.2121320343559642,15.25,15.25,9.545941546018392,2,True,True,True,True,1.26,40.0,0.2379305222222222,0.2746395316765484,0.6409434089232492,0.06559,2012-06-28,1,Beans
SMAPVEX12,2012-07-08,12,0.1027479999999999,0.085134,0.0544003224500247,10,26,5.443702019834376,4.425303,3.13757178066099,16,561362.66025625,5517091.16675,561098.8364,561626.8642,5516988.105,5517193.307,282,232.96711355471507,197.16202997444805,499.97840700360257,49652.75,49663.968,-15.995,3.22492810061448,0.0333156116782714,-15.89,3.0242393523715365,0.0322531423008739,-23.48,3.660081448594143,0.0068733343772037,-23.485,3.9941915608770833,0.0070870576232023,-14.773522086284936,-14.914279673093365,-21.62832527814773,-21.495340360776144,1.04,1.04,0.2121320343559642,15.25,15.25,9.545941546018392,2,True,True,True,True,1.26,40.0,0.2379305222222222,0.2746395316765484,0.6409434089232492,0.0616433333333333,2012-07-09,1,Soybeans
SMAPVEX12,2012-07-10,12,0.12406605,0.096246,0.084606546806855,10,29,6.284630568979864,4.987023,6.853573826035014,16,561362.66025625,5517091.16675,561098.8364,561626.8642,5516988.105,5517193.307,311,262.5506701259309,244.8270175844206,499.97092280231175,49256.75,49269.094,-16.87,3.2951571169319207,0.0279736249189117,-16.78,3.297149787669907,0.0309174887328208,-25.08,3.840537948415912,0.0056305978754097,-24.88,4.222975915933856,0.0057059470571989,-15.53251252603237,-15.09795788808382,-22.49445487883043,-22.436722622746323,1.04,1.04,0.2121320343559642,15.25,15.25,9.545941546018392,2,True,True,True,True,1.26,40.0,0.2379305222222222,0.2746395316765484,0.6409434089232492,0.0616433333333333,2012-07-09,1,Soybeans
SMAPVEX12,2012-07-17,12,0.1541705625,0.1571545,0.0546587597553752,16,48,7.652935884703297,8.6387785,4.023818802546469,16,561362.66025625,5517091.16675,561098.8364,561626.8642,5516988.105,5517193.307,304,257.8247924463838,248.37281363045705,488.2331505742159,52144.875,52157.047,-14.595,2.78660532794556,0.0431302967978422,-14.14,2.718920367511498,0.0490961852958517,-22.73,3.037566433694727,0.0073632269409951,-22.895,3.253047410147346,0.0075900850278259,-13.652175532794685,-13.089522506330766,-21.329318139870956,-21.197533588991448,1.04,1.04,0.2121320343559642,15.25,15.25,9.545941546018392,2,True,True,True,True,1.26,40.0,0.2379305222222222,0.2746395316765484,0.6409434089232492,0.17048,2012-07-18,1,Soybeans
SMAPVEX12,2012-06-22,13,0.3083550625,0.32042,0.1054648311482513,16,48,17.5310088823734,23.39,11.716892680904497,16,561392.7416125,5515330.186,561128.9177,561656.9456,5515227.124,5515432.326,355,279.0695027267085,271.28123407923323,498.8649557068764,48895.797,48910.0,-11.66,2.5482083236772035,0.0824794453982108,-11.68,2.374788038017553,0.0803301239848241,-17.62,2.3965949449812203,0.0200694391845585,-17.53,2.445648692119244,0.0205013055681868,-10.836542679634643,-10.95121562728075,-16.97464763160474,-16.882184812366848,0.55,0.55,0.1272792206135785,9.25,9.25,3.181980515339464,2,True,True,True,True,1.26,40.0,0.2379305222222222,0.1452420600212515,0.3887689529534462,0.2524166666666667,2012-06-21,1,Pasture
SMAPVEX12,2012-06-27,13,0.3025329375,0.2649795,0.1404074701723374,16,48,17.082579616629943,17.556428500000003,18.96633443668053,16,561392.7416125,5515330.186,561128.9177,561656.9456,5515227.124,5515432.326,93,389.9446188675734,383.529549013232,497.76530174520224,49162.484,49165.937,-13.44,1.9492471485172949,0.0508773854552055,-12.4,1.9474881029606947,0.0599292728151642,-18.74,2.0046169418829045,0.0146958776415674,-18.52,2.043453389034279,0.0152316069189449,-12.934752148036708,-12.223609920228132,-18.328044726394623,-18.1725427662346,0.55,0.55,0.1272792206135785,9.25,9.25,3.181980515339464,2,True,True,True,True,1.26,40.0,0.2379305222222222,0.1452420600212515,0.3887689529534462,0.1198866666666666,2012-06-28,1,Pasture
SMAPVEX12,2012-06-29,13,0.2664710625,0.2546905,0.1163023211923526,16,48,14.423916644530518,16.574714999999998,12.64452565686484,16,561392.7416125,5515330.186,561128.9177,561656.9456,5515227.124,5515432.326,350,274.4464994771654,263.31334617077766,479.80578265407263,49214.235,49227.954,-11.915,2.400391479362409,0.075105055801199,-12.09,2.2656713493177074,0.0716428689770304,-17.689999999999998,2.518667597001113,0.0197066515324709,-17.525,2.571676722005528,0.0205420167989289,-11.2433082687523,-11.448270309198136,-17.053871628596283,-16.873569199574504,0.55,0.55,0.1272792206135785,9.25,9.25,3.181980515339464,2,True,True,True,True,1.26,40.0,0.2379305222222222,0.1452420600212515,0.3887689529534462,0.1198866666666666,2012-06-28,1,Pasture
SMAPVEX12,2012-07-08,13,0.2382288125,0.1880204999999999,0.1269967024323696,16,48,12.494462430324008,10.8895195,12.972204101595146,16,561392.7416125,5515330.186,561128.9177,561656.9456,5515227.124,5515432.326,220,260.291890064371,241.0672349334115,499.5141854459256,49632.0,49640.921,-11.76,2.3384883068402824,0.0764600360946998,-12.02,2.395167819021986,0.0737623920709863,-17.125,2.377851168805138,0.0216911698812997,-16.825,2.4201890134735637,0.0230534968837636,-11.1656550129835,-11.321650078114684,-16.637170243209095,-16.3726318905369,0.55,0.55,0.1272792206135785,9.25,9.25,3.181980515339464,2,True,True,True,True,1.26,40.0,0.2379305222222222,0.1452420600212515,0.3887689529534462,0.0477733333333333,2012-07-09,1,Pasture
SMAPVEX12,2012-07-10,13,0.2228471875,0.190901,0.1303165354369729,16,48,11.504143306356845,11.2213695,12.352587700797208,16,561392.7416125,5515330.186,561128.9177,561656.9456,5515227.124,5515432.326,357,291.35507303328217,278.1413930665481,499.10066367417824,49230.64,49244.906,-12.58,2.4620701141843107,0.0640463864867102,-12.47,2.478703066172454,0.0671758432929269,-18.31,2.433579086691679,0.0163523014570346,-18.11,2.487060399034479,0.0171423232284919,-11.935053682323652,-11.727868729384712,-17.864211151902023,-17.65930320280925,0.55,0.55,0.1272792206135785,9.25,9.25,3.181980515339464,2,True,True,True,True,1.26,40.0,0.2379305222222222,0.1452420600212515,0.3887689529534462,0.0477733333333333,2012-07-09,1,Pasture
SMAPVEX12,2012-07-17,13,0.2820069375,0.245225,0.1234360533839114,16,48,15.54355643290152,15.752343,14.47349091815816,16,561392.7416125,5515330.186,561128.9177,561656.9456,5515227.124,5515432.326,325,331.71812598940323,313.07218699517364,493.4706048380647,52119.672,52132.375,-12.08,2.32809572028536,0.0710562821364387,-12.42,2.310895873853055,0.0656654275262597,-18.29,2.447450039164648,0.0173133787533633,-18.06,2.493820142689437,0.0181122510056211,-11.483975197550755,-11.82663223841094,-17.616181700939254,-17.420275718522,0.55,0.55,0.1272792206135785,9.25,9.25,3.181980515339464,2,True,True,True,True,1.26,40.0,0.2379305222222222,0.1452420600212515,0.3887689529534462,0.13265,2012-07-18,1,Pasture
SMAPVEX12,2012-06-22,21,0.344734,0.38583,0.1606800268944463,16,48,20.444589152954894,25.938,14.500568999037014,16,561412.11993125,5513469.003,561148.2961,561676.3239,5513365.941,5513571.143,363,266.8211747796908,256.513893761082,498.2484426902273,48867.688,48882.485,-12.55,2.0286882576571137,0.0629798319939394,-12.37,1.961575550868928,0.0622202167495007,-21.0,2.0495457164061497,0.0089326983941379,-21.03,2.163279557502145,0.0089605575362888,-12.00798502229204,-12.060684803223303,-20.49017329391122,-20.47664967190486,0.89,0.89,0.6363961030678928,5.75,5.75,8.131727983645296,2,True,True,True,True,1.26,40.0,0.2379305222222222,0.2350280607616616,0.2416671869710611,0.3410133333333333,2012-06-24,2,Pasture
SMAPVEX12,2012-06-25,21,0.3134773125,0.3471455,0.1515028307122647,16,48,17.929742828926326,22.336,12.251244584394954,16,561412.11993125,5513469.003,561148.2961,561676.3239,5513365.941,5513571.143,318,294.3409658253204,279.5117802707671,498.4468603214687,49378.015,49390.547,-12.58,1.980240036747744,0.0601099414791397,-12.28,1.8622472873995604,0.0648060874956398,-21.17,2.0497412306804024,0.0089773813586183,-21.07,2.131808525135871,0.0091908746855919,-12.210536948445432,-11.883841971912686,-20.468503256213104,-20.366431553114477,0.89,0.89,0.6363961030678928,5.75,5.75,8.131727983645296,2,True,True,True,True,1.26,40.0,0.2379305222222222,0.2350280607616616,0.2416671869710611,0.3410133333333333,2012-06-24,1,Pasture
SMAPVEX12,2012-06-29,21,0.2551765625,0.25428,0.1502279881344657,16,48,13.635508361652388,14.7565,10.968272022634194,16,561412.11993125,5513469.003,561148.2961,561676.3239,5513365.941,5513571.143,359,291.4901343567934,286.8270297010671,498.8627385531883,49186.297,49200.61,-13.04,2.0747341820597613,0.0541784846062212,-12.56,1.882785401644344,0.0584848266654251,-21.57,2.0903184080002424,0.0079310276805997,-21.48,2.180979828339656,0.0080759159611642,-12.661731465224886,-12.329567928959571,-21.006705343600537,-20.928082090192035,0.89,0.89,0.6363961030678928,5.75,5.75,8.131727983645296,2,True,True,True,True,1.26,40.0,0.2379305222222222,0.2350280607616616,0.2416671869710611,0.41683,2012-06-30,1,Pasture
SMAPVEX12,2012-07-08,21,0.2133714375,0.1816765,0.1662244039985179,16,48,10.916268195594215,10.1085,11.616595116290888,16,561412.11993125,5513469.003,561148.2961,561676.3239,5513365.941,5513571.143,387,258.53811836823627,254.12630026875468,499.8927971379878,49596.515,49611.921,-12.58,2.038292937969423,0.0595340126962482,-12.83,2.093822902901941,0.0583928623227481,-21.35,2.2670884748422844,0.0087758783115907,-21.23,2.3759488309580714,0.0091694035171618,-12.252348442564678,-12.336402358206886,-20.56709407421845,-20.376589148894915,0.89,0.89,0.6363961030678928,5.75,5.75,8.131727983645296,2,True,True,True,True,1.26,40.0,0.2379305222222222,0.2350280607616616,0.2416671869710611,0.4086466666666666,2012-07-09,1,Pasture
SMAPVEX12,2012-07-10,21,0.2249910714285714,0.2005495,0.1561020398957358,14,42,11.639523434409133,11.0997405,11.040439507258483,16,561412.11993125,5513469.003,561148.2961,561676.3239,5513365.941,5513571.143,354,280.91314108338844,267.4205566072515,499.9979485320652,49202.531,49217.078,-13.18,2.166299324848833,0.0523286357805288,-12.89,2.000602446235873,0.055705402089431,-22.095,2.1808946970705936,0.0071482571253945,-22.06,2.308029374483007,0.0073230446417908,-12.812605872689588,-12.541026866239491,-21.457998341558177,-21.35308318365631,0.89,0.89,0.6363961030678928,5.75,5.75,8.131727983645296,2,True,True,True,True,1.26,40.0,0.2379305222222222,0.2350280607616616,0.2416671869710611,0.4086466666666666,2012-07-09,1,Pasture
SMAPVEX12,2012-07-17,21,0.2774778125,0.2604315,0.1259040077446405,16,48,15.213031210380354,15.369083,9.961257345610674,16,561412.11993125,5513469.003,561148.2961,561676.3239,5513365.941,5513571.143,325,325.10952485393955,305.4580609931579,494.47536233110617,52092.468,52105.172,-11.93,1.9368517164976533,0.0680934798995472,-12.33,2.050178014182808,0.0624858651123701,-20.58,2.110386565724421,0.0098052545776279,-20.34,2.1925724063038605,0.0102061104674179,-11.668944707481812,-12.042182130233446,-20.08541126093722,-19.91139735324736,0.89,0.89,0.6363961030678928,5.75,5.75,8.131727983645296,2,True,True,True,True,1.26,40.0,0.2379305222222222,0.2350280607616616,0.2416671869710611,0.5402300000000001,2012-07-18,1,Pasture
SMAPVEX12,2012-06-22,22,0.357185,0.3293994999999999,0.1482915420460654,16,48,21.483440739071277,19.452,13.318247264561505,16,561501.10103125,5507304.1633125,561237.2772,561765.305,5507201.102,5507406.303,363,266.8170944609088,264.4017199325754,499.11246301185184,48775.641,48790.047,-14.39,1.9682301741453427,0.0391647677416855,-14.47,1.9901150740612272,0.0391855445728575,-22.58,1.7800476593545715,0.0059613257096957,-22.71,1.8827825063888264,0.0058555929974515,-14.071044446046743,-14.06874113337972,-22.24657148920536,-22.32429117247433,1.195,1.195,0.2333452377915607,9.75,9.75,13.788582233137676,2,True,True,True,True,1.26,40.0,0.2379305222222222,0.3155713849552647,0.4097834909509298,0.20913,2012-06-24,2,Pasture
SMAPVEX12,2012-06-25,22,0.3144335,0.3494745,0.1584688072082326,16,48,18.00460701763793,20.982,12.277102301812372,16,561501.10103125,5507304.1633125,561237.2772,561765.305,5507201.102,5507406.303,325,253.32029760680064,242.5516639074764,481.00730810832135,49296.187,49308.89,-15.24,1.9268381798480227,0.0333299572675,-14.37,1.8554137404223745,0.0396457723248241,-23.64,1.6608131322364126,0.0046930794824515,-23.74,1.8131644869647432,0.0046268426578951,-14.77165243150176,-14.018031173978704,-23.28542090471547,-23.34715269026097,1.195,1.195,0.2333452377915607,9.75,9.75,13.788582233137676,2,True,True,True,True,1.26,40.0,0.2379305222222222,0.3155713849552647,0.4097834909509298,0.20913,2012-06-24,1,Pasture
SMAPVEX12,2012-06-29,22,0.2685706875,0.22396,0.1845836278397838,16,48,14.572881569611026,11.761,14.29497074731763,16,561501.10103125,5507304.1633125,561237.2772,561765.305,5507201.102,5507406.303,283,380.80922564488907,366.17840065678257,499.0940498411561,49095.375,49106.625,-15.71,1.9472012530413043,0.0283481545256935,-15.07,1.8441577659800763,0.0336145685725758,-23.94,1.7455105943662963,0.004302333506503,-24.07,1.9232353588537845,0.0042092879418527,-15.474752085663306,-14.73472458342086,-23.66295927184264,-23.757913647531645,1.195,1.195,0.2333452377915607,9.75,9.75,13.788582233137676,2,True,True,True,True,1.26,40.0,0.2379305222222222,0.3155713849552647,0.4097834909509298,0.1765733333333333,2012-06-30,1,Pasture
SMAPVEX12,2012-07-14,22,0.2761891875,0.2103285,0.142098946314751,16,48,15.119604318626504,10.9059135,10.759025725079418,16,561501.10103125,5507304.1633125,561237.2772,561765.305,5507201.102,5507406.303,350,308.53415513967013,289.9627805923941,477.51119305798943,49558.578,49572.281,-15.13,2.063718414768935,0.0328497244602316,-14.63,2.09397248225639,0.0360639866825307,-23.915,1.8825296166793728,0.0044577194149452,-23.955,2.0538514644209824,0.0044556392689918,-14.834682689018504,-14.429262660073372,-23.50887271067971,-23.5108997713143,1.195,1.195,0.2333452377915607,9.75,9.75,13.788582233137676,2,True,True,True,True,1.26,40.0,0.2379305222222222,0.3155713849552647,0.4097834909509298,0.2944066666666666,2012-07-16,2,Pasture
SMAPVEX12,2012-07-17,22,0.3019834375,0.317172,0.1385195662058703,16,48,17.040522289932365,18.5162905,10.62571037484969,16,561501.10103125,5507304.1633125,561237.2772,561765.305,5507201.102,5507406.303,316,320.4125461014017,311.4646172135078,499.95795241655054,52003.281,52016.14,-13.165,2.13626504850036,0.0510424195981806,-14.29,1.897404219652384,0.0402248774239478,-21.87,1.927049742551352,0.0071771848714947,-21.81,2.0169513954195404,0.0073397232857371,-12.9206874664521,-13.95505270639354,-21.440458669715348,-21.34320313073404,1.195,1.195,0.2333452377915607,9.75,9.75,13.788582233137676,2,True,True,True,True,1.26,40.0,0.2379305222222222,0.3155713849552647,0.4097834909509298,0.2944066666666666,2012-07-16,1,Pasture
SMAPVEX12,2012-06-22,31,0.4737179375,0.472337,0.0264706092977821,16,48,32.045542383846225,42.6944985,4.28222557018225,16,573510.7135375,5510496.8905625,573409.618,573612.1739,5510233.431,5510759.964,317,241.77596632252644,250.62841692799051,481.56259323803056,49402.328,49415.031,-10.67,4.57341065199858,0.1707841222546862,-12.8,2.3947247429834584,0.0594099771591181,-24.01,2.10487923820708,0.0045135961361654,-24.15,2.3828576038405007,0.0044670063243124,-7.675525079895581,-12.261406145930293,-23.454773029635064,-23.49983432660903,0.595,0.595,0.1484924240491749,7.25,7.25,1.7677669529663689,2,True,True,True,True,1.26,40.0,0.2379305222222222,0.1571255012957176,0.3047108009635119,2.1129,2012-06-21,1,Wheat
SMAPVEX12,2012-06-27,31,0.3676150625,0.367969,0.0302545393827521,16,48,22.36894073536286,27.411,3.9847614226993993,16,573510.7135375,5510496.8905625,573409.618,573612.1739,5510233.431,5510759.964,150,364.9663257571326,362.0286952070014,499.7093843316584,49779.172,49784.828,-13.115,3.7372834796956806,0.0818525633911296,-15.945,2.287471141613298,0.0277510537957513,-25.265,2.024343375741449,0.0033889713857536,-25.365,2.406377470896551,0.0033611127750627,-10.869677151623607,-15.56720520685795,-24.699320980442277,-24.735169154490706,0.595,0.595,0.1484924240491749,7.25,7.25,1.7677669529663689,2,True,True,True,True,1.26,40.0,0.2379305222222222,0.1571255012957176,0.3047108009635119,4.259843333333333,2012-06-28,1,Wheat
SMAPVEX12,2012-07-05,31,0.2680955625,0.259038,0.0306577819875449,16,48,14.53910709293189,15.0615,3.1396882541636733,16,573510.7135375,5510496.8905625,573409.618,573612.1739,5510233.431,5510759.964,222,365.2015819236589,367.6540378233696,499.9755865617885,52134.156,52145.75,-13.41,3.6093832980980234,0.0690685113381908,-15.36,2.481538484441782,0.0344278291692794,-24.355,2.05043564881334,0.0040905797380684,-24.515,2.263791536287478,0.0040473720555765,-11.607199044191669,-14.630903606681327,-23.882151371756297,-23.928268711565156,0.595,0.595,0.1484924240491749,7.25,7.25,1.7677669529663689,2,True,True,True,True,1.26,40.0,0.2379305222222222,0.1571255012957176,0.3047108009635119,2.714636666666667,2012-07-07,2,Wheat
SMAPVEX12,2012-07-08,31,0.224907,0.214324,0.0473045076104451,16,48,11.63419821709784,11.06,4.324346955996169,16,573510.7135375,5510496.8905625,573409.618,573612.1739,5510233.431,5510759.964,322,266.19173799214514,250.9507207436,489.8806112420106,50220.203,50232.828,-14.695,2.7799694993593165,0.0408792076700638,-16.375,2.244534125757586,0.0259700396273268,-26.15,1.9888278221385824,0.0027619504610399,-26.315,2.318442150652231,0.0026511072570686,-13.88497530384446,-15.85527387686205,-25.58784115290308,-25.76572701459375,0.595,0.595,0.1484924240491749,7.25,7.25,1.7677669529663689,2,True,True,True,True,1.26,40.0,0.2379305222222222,0.1571255012957176,0.3047108009635119,2.714636666666667,2012-07-07,1,Wheat
SMAPVEX12,2012-07-14,31,0.3862963125,0.3911354999999999,0.0330461011855029,16,48,23.988010552438993,30.5115,4.427191965098568,16,573510.7135375,5510496.8905625,573409.618,573612.1739,5510233.431,5510759.964,223,344.2690390108869,350.09645831535806,488.8991753377027,50193.703,50204.312,-11.41,4.635906734693594,0.1270963790559247,-13.3,2.879631077483187,0.0622073637772284,-22.68,2.1118220446813702,0.0059764909265458,-22.62,2.227410862958599,0.006085595778708,-8.958668222109942,-12.061582027927042,-22.23553735501071,-22.15696898002617,0.595,0.595,0.1484924240491749,7.25,7.25,1.7677669529663689,2,True,True,True,True,1.26,40.0,0.2379305222222222,0.1571255012957176,0.3047108009635119,3.4253866666666664,2012-07-16,2,Wheat
SMAPVEX12,2012-06-22,32,0.4634875625,0.471958,0.0427468463085777,16,48,31.067491180902312,40.5355,5.437080734793872,16,573509.005225,5511378.3435625,573406.939,573611.9635,5511114.559,5511642.509,100,282.5541085621546,283.79729334622937,412.2724609628544,49398.297,49401.938,-15.425,1.8827059266015511,0.0307008877711786,-15.57,2.001618221602337,0.0311787684057232,-25.465,1.6698360017460614,0.0030424755263826,-25.785,1.884749266608107,0.0028727324287023,-15.128490659381375,-15.06141043899014,-25.167729065407,-25.417048230681495,1.315,1.315,0.4454772721475248,16.25,16.25,10.253048327204938,2,True,True,True,True,1.26,40.0,0.2379305222222222,0.3472605616871741,0.6829724849182164,3.680826666666667,2012-06-24,2,Wheat
SMAPVEX12,2012-06-25,32,0.386946875,0.3917355,0.0376327793833602,16,48,24.045129296259763,30.731,4.166915789885848,16,573509.005225,5511378.3435625,573406.939,573611.9635,5511114.559,5511642.509,261,434.326051478121,430.8328864441121,499.12041028554665,49928.453,49938.781,-16.5,2.128553892678026,0.0239306376442541,-17.24,2.199759704745201,0.0210564254609582,-26.45,1.5419477245178874,0.0023890113986135,-27.0,1.898206964927062,0.002167953766096,-16.21045729230626,-16.76615352729908,-26.21781778109835,-26.639499838234496,1.315,1.315,0.4454772721475248,16.25,16.25,10.253048327204938,2,True,True,True,True,1.26,40.0,0.2379305222222222,0.3472605616871741,0.6829724849182164,3.680826666666667,2012-06-24,1,Wheat
SMAPVEX12,2012-07-08,32,0.1638465,0.165757,0.0384174458495095,16,48,8.13587076454502,10.4135,2.4979615823039927,16,573509.005225,5511378.3435625,573406.939,573611.9635,5511114.559,5511642.509,228,192.62496563558983,173.06774707840003,446.8433342257614,50211.047,50220.172,-19.115,2.057126630641806,0.0135986878035171,-19.715,1.9333392778290464,0.0111765767216357,-28.235,1.2451733935039946,0.0015631560305914,-28.91,1.6488450149418397,0.0013425582936675,-18.66502996569921,-19.51691196321064,-28.059976695542183,-28.720668482217057,1.315,1.315,0.4454772721475248,16.25,16.25,10.253048327204938,2,True,True,True,True,1.26,40.0,0.2379305222222222,0.3472605616871741,0.6829724849182164,3.2641899999999997,2012-07-09,1,Wheat
SMAPVEX12,2012-07-10,32,0.1634116874999999,0.1593149999999999,0.0334530303155907,16,48,8.11373059737065,9.9895,2.252088808195627,16,573509.005225,5511378.3435625,573406.939,573611.9635,5511114.559,5511642.509,286,254.5889855788143,234.5744144224853,459.3307233426821,49757.266,49768.594,-19.56,2.0068571872069496,0.0117787879345214,-20.69,1.9628518170130584,0.0095352556205741,-28.73,1.3708734516233083,0.0014416669542553,-29.475,1.7574134569426494,0.0012354771126556,-19.288993971916742,-20.20667659920886,-28.41135056284249,-29.08165295538668,1.315,1.315,0.4454772721475248,16.25,16.25,10.253048327204938,2,True,True,True,True,1.26,40.0,0.2379305222222222,0.3472605616871741,0.6829724849182164,3.2641899999999997,2012-07-09,1,Wheat
SMAPVEX12,2012-07-14,32,0.321295,0.321336,0.0545885951898379,16,48,18.545750795572175,23.2495,5.378644884711513,16,573509.005225,5511378.3435625,573406.939,573611.9635,5511114.559,5511642.509,209,279.1336628747155,265.32261576535706,414.0917654686255,50183.047,50191.687,-17.36,2.020003250069356,0.0191970356251175,-18.03,1.77890861054795,0.0168286170361685,-24.42,1.7288551119627509,0.003755517954026,-24.48,1.893922266932743,0.0037226997760803,-17.16765829163566,-17.739515725707594,-24.25330157444712,-24.2914198684072,1.315,1.315,0.4454772721475248,16.25,16.25,10.253048327204938,2,True,True,True,True,1.26,40.0,0.2379305222222222,0.3472605616871741,0.6829724849182164,3.2702333333333335,2012-07-16,2,Wheat
SMAPVEX12,2012-07-17,32,0.3855686875,0.3910825,0.0409441105455046,16,48,23.92418307663829,30.6565,4.546241949401726,16,573509.005225,5511378.3435625,573406.939,573611.9635,5511114.559,5511642.509,17,386.2905061825917,396.0821168711399,407.7478207250612,52638.187,52638.984,-15.65,1.9668113938106853,0.0317108041933702,-16.88,1.937604646130341,0.0216773138428312,-22.16,1.4248423545410616,0.0058359609306983,-22.19,1.427152914433654,0.0057982587849353,-14.987927440241748,-16.639945346572592,-22.33887624187588,-22.36702405338157,1.315,1.315,0.4454772721475248,16.25,16.25,10.253048327204938,2,True,True,True,True,1.26,40.0,0.2379305222222222,0.3472605616871741,0.6829724849182164,3.2702333333333335,2012-07-16,1,Wheat
SMAPVEX12,2012-06-22,41,0.428583875,0.4285055,0.0249809952267051,16,48,27.795578800926545,36.596500000000006,3.5214968970358806,16,573590.41789375,5505797.641125,573489.3223,573691.8783,5505534.182,5506060.714,265,206.2103495656948,209.42481193022903,498.4977407120676,49467.844,49478.938,-10.12,3.71822263719642,0.1573153837966016,-10.63,2.6736748816534237,0.1024885947573481,-20.84,2.3096861382394653,0.0090273040183303,-20.9,2.442178904503295,0.0091092021945444,-8.032288058491003,-9.893244615306044,-20.444419312790444,-20.40519657898505,1.135,1.135,0.388908729652601,8.5,8.5,4.242640687119285,2,True,True,True,True,1.26,40.0,0.2379305222222222,0.29972679658931,0.3572471459572209,4.9001633333333325,2012-06-21,1,Winter Wheat
SMAPVEX12,2012-06-27,41,0.3237301875,0.305483,0.053767875228267,16,48,18.739445259648726,21.2745,6.3294186828254615,16,573590.41789375,5505797.641125,573489.3223,573691.8783,5505534.182,5506060.714,295,311.11720580201336,293.0107876480692,499.82375827961846,49843.063,49855.094,-11.12,3.69095332862867,0.1317682478400857,-13.13,2.334261292639048,0.0565928677152404,-22.01,2.530371767574871,0.0072183987395922,-21.94,2.70768958427936,0.0073079718049971,-8.801892289617859,-12.472382986190222,-21.41559131472737,-21.362031368747516,1.135,1.135,0.388908729652601,8.5,8.5,4.242640687119285,2,True,True,True,True,1.26,40.0,0.2379305222222222,0.29972679658931,0.3572471459572209,4.75828,2012-06-28,1,Winter Wheat
SMAPVEX12,2012-07-05,41,0.271905125,0.2779865,0.0474361647984249,16,48,14.810978385069474,18.4145,4.6586265890102565,16,573590.41789375,5505797.641125,573489.3223,573691.8783,5505534.182,5506060.714,108,275.89687215715765,236.56586708549165,481.754314957308,52201.063,52211.313,-11.915,3.648910049355369,0.1177282648215112,-12.67,2.596005363506021,0.062680575577644,-21.575,2.1933606252661635,0.0078609958052544,-21.565,2.323834833488243,0.0079485247529143,-9.29119256932756,-12.028670241841908,-21.045224354702903,-20.99713468968849,1.135,1.135,0.388908729652601,8.5,8.5,4.242640687119285,2,True,True,True,True,1.26,40.0,0.2379305222222222,0.29972679658931,0.3572471459572209,2.14875,2012-07-07,2,Winter Wheat
SMAPVEX12,2012-07-08,41,0.2368109375,0.2022145,0.0723518895311599,16,48,12.401344178151819,11.6015,6.743483995371631,16,573590.41789375,5505797.641125,573489.3223,573691.8783,5505534.182,5506060.714,288,251.5984233288397,241.53922428316383,499.85023762477147,50287.735,50299.141,-12.18,3.923744189788495,0.1024558035355854,-14.43,2.619200996459204,0.0421818027943377,-23.48,2.4515312415963697,0.0052749646624002,-23.36,2.7642352967491104,0.0053144391215719,-9.894634362662554,-13.748748630293996,-22.777804454096007,-22.74542563550797,1.135,1.135,0.388908729652601,8.5,8.5,4.242640687119285,2,True,True,True,True,1.26,40.0,0.2379305222222222,0.29972679658931,0.3572471459572209,2.14875,2012-07-07,1,Winter Wheat
SMAPVEX12,2012-07-14,41,0.267918125,0.247856,0.071843230068323,16,48,14.52650362723002,15.521,7.391529135605162,16,573590.41789375,5505797.641125,573489.3223,573691.8783,5505534.182,5506060.714,271,237.46154139328084,229.6503383015724,499.74547255582695,50258.219,50268.828,-10.71,3.3635245832275715,0.1134995030824068,-12.19,2.4409638105012066,0.0683680395585633,-22.07,2.638249275067156,0.0072637082734364,-21.96,2.798181517199703,0.0074630251775174,-9.450060398721016,-11.651468732388375,-21.38841606362096,-21.27085093226388,1.135,1.135,0.388908729652601,8.5,8.5,4.242640687119285,2,True,True,True,True,1.26,40.0,0.2379305222222222,0.29972679658931,0.3572471459572209,2.26942,2012-07-16,2,Winter Wheat
SMAPVEX12,2012-07-17,41,0.41100525,0.4060915,0.0350566578279599,16,48,26.19022590092647,33.5,4.935971243500784,16,573590.41789375,5505797.641125,573489.3223,573691.8783,5505534.182,5506060.714,97,363.3923606856565,342.81262218848923,477.8203898146836,52716.406,52726.984,-10.51,3.932251913558421,0.1392593123198551,-11.8,2.25283709065806,0.0707894538460446,-21.77,2.2738508624897453,0.0072191826987763,-21.46,2.5639103863185557,0.0074645884395864,-8.561757537563716,-11.500314383218642,-21.415119671814765,-21.26994132124334,1.135,1.135,0.388908729652601,8.5,8.5,4.242640687119285,2,True,True,True,True,1.26,40.0,0.2379305222222222,0.29972679658931,0.3572471459572209,2.26942,2012-07-16,1,Winter Wheat
SMAPVEX12,2012-06-22,42,0.4664424375,0.470325,0.0383411384580909,16,48,31.34916088625847,38.131,4.512215669712608,16,573586.26371875,5506454.9670625,573484.1975,573689.222,5506191.182,5506719.132,275,213.77419580380757,204.14214755270748,493.1259438329029,49456.766,49467.453,-14.51,1.9931758208164836,0.0380017258061889,-15.08,2.070951944445931,0.0349814597102872,-23.3,1.864719820231135,0.0052408184528725,-23.32,1.9807684526229807,0.005114260060648,-14.201966799335745,-14.561620721902148,-22.806008844266323,-22.912171918292845,1.005,1.005,0.0212132034355963,11.5,11.5,9.899494936611664,2,True,True,True,True,1.26,40.0,0.2379305222222222,0.2653968551297414,0.4833343739421223,2.1016266666666668,2012-06-24,2,Winter Wheat
SMAPVEX12,2012-06-25,42,0.41100925,0.4130625,0.0476232652954414,16,48,26.190587677020897,31.5722605,5.231652262676324,16,573586.26371875,5506454.9670625,573484.1975,573689.222,5506191.182,5506719.132,314,304.5031392025589,286.1090767885472,498.8394313195557,50005.344,50017.765,-15.86,2.154142887918858,0.0277650740728665,-16.56,2.238704052899928,0.0242459472129688,-24.45,1.8745475575215875,0.0038619139700049,-24.685,2.098243672073644,0.0037577398536439,-15.565011635602495,-16.153608446963226,-24.131974050176005,-24.25073289173648,1.005,1.005,0.0212132034355963,11.5,11.5,9.899494936611664,2,True,True,True,True,1.26,40.0,0.2379305222222222,0.2653968551297414,0.4833343739421223,2.1016266666666668,2012-06-24,1,Winter Wheat
SMAPVEX12,2012-07-08,42,0.234635625,0.23205,0.0628998856468224,16,47,12.259197308630167,14.8315,4.751271603476274,16,573586.26371875,5506454.9670625,573484.1975,573689.222,5506191.182,5506719.132,278,239.62971219931964,226.97197705080495,470.788080425053,50276.563,50287.719,-18.225,1.9488460484880477,0.016685836758289,-18.32,1.914579143745462,0.0163346453177335,-26.795,1.6498231475528464,0.0023019878996911,-27.135,1.9535471152379933,0.0021386398173517,-17.776520095428644,-17.86890291137946,-26.37896963552082,-26.69862351710941,1.005,1.005,0.0212132034355963,11.5,11.5,9.899494936611664,2,True,True,True,True,1.26,40.0,0.2379305222222222,0.2653968551297414,0.4833343739421223,3.12719,2012-07-09,1,Winter Wheat
SMAPVEX12,2012-07-10,42,0.1444893125,0.155739,0.0538092101158884,16,47,7.190448576546559,9.6675,3.123689538397129,16,573586.26371875,5506454.9670625,573484.1975,573689.222,5506191.182,5506719.132,291,249.66257791977512,233.05767131616105,498.856211421094,49826.235,49838.094,-18.65,2.050662591367271,0.0147700594435403,-18.65,1.9077226580445568,0.0150957986119987,-27.53,1.595229270705887,0.0018968644296312,-28.09,1.91786944830996,0.0017136825495832,-18.30617756824163,-18.21143906581935,-27.21963707364916,-27.66069625664307,1.005,1.005,0.0212132034355963,11.5,11.5,9.899494936611664,2,True,True,True,True,1.26,40.0,0.2379305222222222,0.2653968551297414,0.4833343739421223,3.12719,2012-07-09,1,Winter Wheat
SMAPVEX12,2012-07-14,42,0.3444735625,0.3707255,0.0848095564897956,16,48,20.42307714008573,27.0775,7.845676898511264,16,573586.26371875,5506454.9670625,573484.1975,573689.222,5506191.182,5506719.132,203,242.8663328281201,244.0958196498411,429.6419010655988,50248.062,50258.187,-16.56,1.693814090951584,0.0232536078393225,-16.45,1.8108394547282127,0.0245731910500872,-25.41,1.6130431620685766,0.0030749522162686,-25.44,1.8279725173979744,0.0029906946024922,-16.335096559717847,-16.095384428093947,-25.12161628627456,-25.24227933081724,1.005,1.005,0.0212132034355963,11.5,11.5,9.899494936611664,2,True,True,True,True,1.26,40.0,0.2379305222222222,0.2653968551297414,0.4833343739421223,2.880786666666667,2012-07-16,2,Winter Wheat
SMAPVEX12,2012-07-17,42,0.4780943125,0.483753,0.056636932632007,16,48,32.46632928835147,39.7655,6.808471996649957,16,573586.26371875,5506454.9670625,573484.1975,573689.222,5506191.182,5506719.132,126,273.9614622309689,259.7575530791538,471.3171043522764,52705.328,52716.015,-15.885,1.837573493185277,0.0276483533833215,-15.2,1.9947526019176272,0.0330990289396178,-23.93,1.8790594337475213,0.0043305798206371,-24.205,2.005601463837227,0.0042580583762112,-15.583307282953209,-14.801847473829469,-23.634539521351243,-23.70788388859967,1.005,1.005,0.0212132034355963,11.5,11.5,9.899494936611664,2,True,True,True,True,1.26,40.0,0.2379305222222222,0.2653968551297414,0.4833343739421223,2.880786666666667,2012-07-16,1,Winter Wheat
SMAPVEX12,2012-06-22,52,0.1905199375,0.188103,0.0403151600674299,16,48,9.570904972566913,12.3465,2.8599093160156905,16,573672.64776875,5499033.4084375,573570.5815,573775.6061,5498769.624,5499297.573,335,252.97949053187975,253.2335279042139,497.74363345446704,49557.672,49571.0,-16.1,2.1642746349951185,0.0266803676159452,-14.49,2.714903207852843,0.0451340498001253,-23.64,1.9226445208890095,0.004919993253354,-23.82,2.092069123272932,0.0047707036045382,-15.738081907796053,-13.45495696239713,-23.08035492767829,-23.214175645586806,1.085,1.085,0.7990306627407986,3.75,3.75,5.303300858899107,2,True,True,True,True,1.26,40.0,0.2379305222222222,0.2865229729510144,0.1576090349811268,0.1635766666666666,2012-06-21,1,Beans
SMAPVEX12,2012-06-29,52,0.11622575,0.1137995,0.0385657251446583,16,48,5.962708462309819,7.539,2.349199259854302,16,573672.64776875,5499033.4084375,573570.5815,573775.6061,5498769.624,5499297.573,330,257.3193609516032,244.03048992163693,498.64458450522886,49868.891,49882.094,-16.675,2.048817165726616,0.0234440712963991,-16.57,2.1666766463802576,0.0248807983158217,-24.35,1.871180607428545,0.0041176548376414,-24.56,2.0892055196694126,0.0040245516706757,-16.29966966543719,-16.041356891502684,-23.85350060921065,-23.952824923883437,1.085,1.085,0.7990306627407986,3.75,3.75,5.303300858899107,2,True,True,True,True,1.26,40.0,0.2379305222222222,0.2865229729510144,0.1576090349811268,0.2261666666666667,2012-06-30,1,Beans
SMAPVEX12,2012-07-08,52,0.122096125,0.125504,0.0283466073169847,16,48,6.202378657779139,8.218,1.6285207807496145,16,573672.64776875,5499033.4084375,573570.5815,573775.6061,5498769.624,5499297.573,280,303.9509008865706,310.84818592594223,499.6860140374215,50383.938,50397.125,-12.93,3.370367675688993,0.0740490644842345,-14.155,2.594838134635082,0.0463746760316446,-22.305,2.048330244261051,0.006653205475513,-22.39,2.114639485191212,0.0065975051193053,-11.304804238666236,-13.337191112994962,-21.76969063732141,-21.806202641188715,1.085,1.085,0.7990306627407986,3.75,3.75,5.303300858899107,2,True,True,True,True,1.26,40.0,0.2379305222222222,0.2865229729510144,0.1576090349811268,1.1404466666666666,2012-07-09,1,Beans
SMAPVEX12,2012-07-10,52,0.08274075,0.088733,0.0194407486292752,16,48,4.755563212015911,6.1835,0.923115955157675,16,573672.64776875,5499033.4084375,573570.5815,573775.6061,5498769.624,5499297.573,324,283.7176347419297,273.285492398441,499.6521430292276,49933.766,49946.828,-14.375,3.11132283544146,0.0521511513837016,-15.33,2.3058790773961784,0.0337956230356302,-23.02,2.029314192152432,0.0057677495451138,-22.88,2.1760486936409924,0.0058852376090073,-12.827360988564674,-14.71139542756748,-22.389936063913623,-22.30235998377453,1.085,1.085,0.7990306627407986,3.75,3.75,5.303300858899107,2,True,True,True,True,1.26,40.0,0.2379305222222222,0.2865229729510144,0.1576090349811268,1.1404466666666666,2012-07-09,1,Beans
SMAPVEX12,2012-07-17,52,0.1494895625,0.1468855,0.0284333677896674,16,47,7.426704988517433,9.535,1.8230597994283315,16,573672.64776875,5499033.4084375,573570.5815,573775.6061,5498769.624,5499297.573,250,311.33895981688704,293.2077772480767,485.9601750632878,52812.172,52821.859,-8.17,2.8938555363148724,0.1674137052394216,-9.335,2.415526477240311,0.1374374212805467,-18.07,2.28730753135032,0.0171237597937459,-17.975,2.340778509496806,0.0176883108976063,-7.762089915864024,-8.618950020440854,-17.66400872929666,-17.523136370096065,1.085,1.085,0.7990306627407986,3.75,3.75,5.303300858899107,2,True,True,True,True,1.26,40.0,0.2379305222222222,0.2865229729510144,0.1576090349811268,2.7450766666666673,2012-07-18,1,Beans
SMAPVEX12,2012-07-19,52,0.1015398125,0.09743,0.0264470143878126,16,48,5.399331004722757,6.6395,1.459835995354729,16,573672.64776875,5499033.4084375,573570.5815,573775.6061,5498769.624,5499297.573,50,437.0697313238548,437.5152322667486,486.9609667280319,50947.235,50948.844,-13.77,2.037909342879589,0.0501573011904289,-13.864999999999998,1.768867088141504,0.0465156388558391,-21.045,1.9324332657379435,0.0094906553766904,-21.015,1.9131077825765856,0.0098174688549924,-12.996658395943411,-13.32401009971738,-20.227037963553656,-20.08000467814239,1.085,1.085,0.7990306627407986,3.75,3.75,5.303300858899107,2,True,True,True,True,1.26,40.0,0.2379305222222222,0.2865229729510144,0.1576090349811268,2.7450766666666673,2012-07-18,1,Beans
SMAPVEX12,2012-06-22,53,0.2644184375,0.269285,0.066158333030157,16,48,14.279008032436467,19.145000000000003,6.258489674034783,16,574100.87908125,5498268.3479375,573998.8129,574203.8374,5498004.563,5498532.513,212,415.897870910676,405.5554452922764,498.9572730714148,49571.031,49579.735,-15.44,2.1743991673103547,0.0324300681820696,-12.02,1.9786837123851384,0.0692332304116071,-23.925,1.7361271615977878,0.0044060306304259,-24.135,1.915331962927697,0.0042429562218794,-14.890521382506938,-11.59685403803788,-23.559524879889917,-23.723314491889024,0.55,0.55,0.1414213562373095,15.5,15.5,0.7071067811865476,2,True,True,True,True,1.26,40.0,0.2379305222222222,0.1452420600212515,0.651450677921991,0.2803033333333333,2012-06-21,1,Corn
SMAPVEX12,2012-06-29,53,0.1708235,0.1699465,0.0381388294296857,16,48,8.49670624569818,10.7985,2.742758574865824,16,574100.87908125,5498268.3479375,573998.8129,574203.8374,5498004.563,5498532.513,237,377.2173862795247,360.60457310648894,499.1861169318634,49882.485,49891.844,-16.06,2.006558761324347,0.0260316307174132,-14.81,2.1446876587047723,0.0373829957456409,-24.76,1.692544029601729,0.0035162642180322,-24.92,1.9158482076024208,0.0033903464913748,-15.844986252295593,-14.273258986856678,-24.53918498751249,-24.69755914893554,0.55,0.55,0.1414213562373095,15.5,15.5,0.7071067811865476,2,True,True,True,True,1.26,40.0,0.2379305222222222,0.1452420600212515,0.651450677921991,1.3558933333333332,2012-06-30,1,Corn
SMAPVEX12,2012-07-08,53,0.1421650625,0.135634,0.0325214185001592,16,48,7.082546283948229,8.467,2.257809830159897,16,574100.87908125,5498268.3479375,573998.8129,574203.8374,5498004.563,5498532.513,300,354.39294650422505,338.0564593938134,490.5808533780794,50397.531,50409.219,-9.695,2.29969103057789,0.118488281143106,-12.165,2.2320745310976013,0.0654989855108164,-21.265,1.9968302470852315,0.0086521982964375,-21.195,2.0484534504014342,0.0088038579780891,-9.263246005952729,-11.837654265802229,-20.628735356890555,-20.55326972005751,0.55,0.55,0.1414213562373095,15.5,15.5,0.7071067811865476,2,True,True,True,True,1.26,40.0,0.2379305222222222,0.1452420600212515,0.651450677921991,10.769606666666666,2012-07-09,1,Corn
SMAPVEX12,2012-07-10,53,0.118244375,0.1193145,0.0239451480454113,16,48,6.044200458400269,7.4575,1.4682814543426836,16,574100.87908125,5498268.3479375,573998.8129,574203.8374,5498004.563,5498532.513,250,370.9182603885874,359.8710675826612,499.6407344323333,49946.844,49956.891,-10.845,2.442780723736176,0.0878304337436611,-13.725,2.1244810246496404,0.048739133257501,-21.775,1.834688903736538,0.0069715808575274,-21.78,1.953823490319763,0.0069940326406655,-10.563549725135724,-13.121221982705292,-21.566687312486287,-21.55272345199799,0.55,0.55,0.1414213562373095,15.5,15.5,0.7071067811865476,2,True,True,True,True,1.26,40.0,0.2379305222222222,0.1452420600212515,0.651450677921991,10.769606666666666,2012-07-09,1,Corn
SMAPVEX12,2012-07-19,53,0.116060125,0.111213,0.0338852355358003,16,48,5.956065264020859,6.981999999999999,2.129593723968651,16,574100.87908125,5498268.3479375,573998.8129,574203.8374,5498004.563,5498532.513,75,398.6906168606444,400.94871909548687,474.5842414796777,50967.391,50970.016,-7.33,2.2780116824163184,0.1938969261994644,-9.97,2.521273452011863,0.1140102906879091,-18.57,2.04240091889754,0.0152535672998189,-18.45,2.015045149607064,0.0153633290583171,-7.124290756308986,-9.430559470207992,-18.166285774678425,-18.135146674423662,0.55,0.55,0.1414213562373095,15.5,15.5,0.7071067811865476,2,True,True,True,True,1.26,40.0,0.2379305222222222,0.1452420600212515,0.651450677921991,4.424626666666667,2012-07-18,1,Corn
SMAPVEX12,2012-06-22,54,0.1806163125,0.1727055,0.0460792488404035,16,48,9.020655640233642,11.5745,4.100056474712677,16,574107.2817,5497398.88325,574006.07,574209.2666,5497135.743,5497662.0,225,412.02577982159846,399.2984516841723,486.5560081483961,49582.766,49591.438,-13.38,2.157319040949772,0.0508431330395614,-10.77,2.1913894057829566,0.0908313918202349,-22.2,1.9026958704419432,0.0063364659678685,-22.37,2.0569931081132475,0.0062556722328446,-12.93767695335395,-10.417640310145606,-21.981528933135976,-22.037260142953983,0.54,0.54,0.0707106781186547,15.25,15.25,10.253048327204938,2,True,True,True,True,1.26,40.0,0.2379305222222222,0.1426012952935924,0.6409434089232492,0.2888633333333333,2012-06-21,1,Corn
SMAPVEX12,2012-06-29,54,0.114336,0.0977495,0.0452258151148213,16,48,5.887299894140799,6.398,3.1473852613452538,16,574107.2817,5497398.88325,574006.07,574209.2666,5497135.743,5497662.0,260,384.0415310668833,377.1434292367462,499.90956598141634,49892.797,49903.11,-14.34,2.1546005247941946,0.0403464661619094,-13.975,2.077743256610893,0.044169231376545,-23.33,1.8688410852135064,0.0050871946058946,-23.35,2.031305678773573,0.0050556212357982,-13.941944979578206,-13.54880158174925,-22.93521648519694,-22.96225470596822,0.54,0.54,0.0707106781186547,15.25,15.25,10.253048327204938,2,True,True,True,True,1.26,40.0,0.2379305222222222,0.1426012952935924,0.6409434089232492,1.4363866666666667,2012-06-30,1,Corn
SMAPVEX12,2012-07-10,54,0.1079785,0.104246,0.0454805954783649,16,48,5.639903875159581,6.7865,3.243056741589124,16,574107.2817,5497398.88325,574006.07,574209.2666,5497135.743,5497662.0,281,385.0458235889778,376.9584211996702,499.8409435408827,49958.328,49969.547,-10.41,2.2863838764083235,0.1017998828123894,-12.17,2.332932249886885,0.0683026180551807,-20.83,1.839848333059804,0.009010756933291,-20.62,1.928781900902909,0.0092986181660616,-9.922527219399468,-11.65562649391276,-20.45238725320181,-20.3158158557974,0.54,0.54,0.0707106781186547,15.25,15.25,10.253048327204938,2,True,True,True,True,1.26,40.0,0.2379305222222222,0.1426012952935924,0.6409434089232492,4.1775899999999995,2012-07-09,1,Corn
SMAPVEX12,2012-06-22,61,0.186408125,0.186734,0.0268272138567661,16,48,9.339992481707709,12.537,2.441365106519984,16,573894.2970375,5495142.970375,573630.5362,574157.6743,5495041.622,5495244.858,264,249.5205748400995,225.06854560020355,497.8440829329061,49613.485,49624.266,-11.114999999999998,2.290296256392176,0.085131368594629,-11.765,2.2348486514594863,0.0740092734710185,-19.35,2.6210258346409887,0.0142605593777954,-19.265,2.700319583692469,0.0145217521446163,-10.699103847173708,-11.307138591209124,-18.458634387250235,-18.379809799975,0.79,0.79,0.1272792206135785,9.0,9.0,2.8284271247461903,2,True,True,True,True,1.26,40.0,0.2379305222222222,0.2086204134850704,0.3782616839547044,3.37159,2012-06-24,2,Canola
SMAPVEX12,2012-06-25,61,0.0895143125,0.0866485,0.015647791037795,16,48,4.977339731945022,4.9575,0.9714866614284176,16,573894.2970375,5495142.970375,573630.5362,574157.6743,5495041.622,5495244.858,335,222.59702873000552,216.3425916118063,489.9742442217585,50188.89,50202.234,-12.8,2.274154374222263,0.0591311661519331,-13.84,2.273725138206282,0.0461439264200417,-20.98,2.465649078175822,0.0096594299888173,-20.87,2.5887836714005035,0.0099088833789592,-12.281835560024907,-13.358854538113189,-20.15048500915277,-20.039752829192828,0.79,0.79,0.1272792206135785,9.0,9.0,2.8284271247461903,2,True,True,True,True,1.26,40.0,0.2379305222222222,0.2086204134850704,0.3782616839547044,3.37159,2012-06-24,1,Canola
SMAPVEX12,2012-06-29,61,0.06989825,0.068113,0.007618358086447,16,48,4.367181921978644,3.933,0.403737703631124,16,573894.2970375,5495142.970375,573630.5362,574157.6743,5495041.622,5495244.858,272,245.6488799863876,225.78888159407813,498.7892956159921,49924.828,49935.438,-13.395,2.242722131990436,0.0509349827731173,-14.545,1.9181734546169085,0.0375082174121353,-22.085,2.1960860705960545,0.0073565726527212,-22.015,2.318327149811073,0.007501301981149,-12.929838363897248,-14.258735753179286,-21.333244716257862,-21.24863350721037,0.79,0.79,0.1272792206135785,9.0,9.0,2.8284271247461903,2,True,True,True,True,1.26,40.0,0.2379305222222222,0.2086204134850704,0.3782616839547044,2.0648999999999997,2012-06-30,1,Canola
SMAPVEX12,2012-07-08,61,0.1458004545454545,0.149855,0.0251889942648119,11,33,7.25185558352603,9.342,2.021338408984592,16,573894.2970375,5495142.970375,573630.5362,574157.6743,5495041.622,5495244.858,298,230.61581375628683,209.85110366072,499.59254290195054,50445.266,50457.281,-10.745,2.217542759604441,0.0909190157742255,-13.19,2.1813928014613757,0.0542844715734144,-20.465,2.1011077736692485,0.0101510874555354,-20.195,2.204695143013348,0.0106461431417207,-10.41345274290406,-12.653243854103511,-19.934874305940504,-19.72807698858218,0.79,0.79,0.1272792206135785,9.0,9.0,2.8284271247461903,2,True,True,True,True,1.26,40.0,0.2379305222222222,0.2086204134850704,0.3782616839547044,4.5782533333333335,2012-07-09,1,Canola
SMAPVEX12,2012-07-10,61,0.1001600625,0.094468,0.0146801986747171,16,48,5.3490972531272485,5.425,0.9650059045587926,16,573894.2970375,5495142.970375,573630.5362,574157.6743,5495041.622,5495244.858,275,238.9188992765077,215.9691793857927,478.3039564736286,49993.125,50003.828,-12.27,2.418767026743498,0.0700523412711789,-14.48,2.004593187501868,0.0380493255985498,-21.5,2.087831959388413,0.0079026228402123,-21.39,2.1686835254542416,0.0081459727328909,-11.545773452581232,-14.196530364341184,-21.02228744661207,-20.890570479665445,0.79,0.79,0.1272792206135785,9.0,9.0,2.8284271247461903,2,True,True,True,True,1.26,40.0,0.2379305222222222,0.2086204134850704,0.3782616839547044,4.5782533333333335,2012-07-09,1,Canola
SMAPVEX12,2012-07-17,61,0.1480205937499999,0.152341,0.0162749952229575,16,47,7.356716307677019,9.532766,1.2261565367479237,16,573894.2970375,5495142.970375,573630.5362,574157.6743,5495041.622,5495244.858,224,302.5697431446968,293.7246765808512,499.4579338248524,52865.593,52876.234,-11.51,2.1167239242198104,0.0741700606640114,-13.215,2.169118102457472,0.05152428438016,-20.235,2.0009085200251624,0.0098340110820584,-20.21,2.0772208926282496,0.0101742860773598,-11.29771365776737,-12.879880314149483,-20.072693066342104,-19.924960551780217,0.79,0.79,0.1272792206135785,9.0,9.0,2.8284271247461903,2,True,True,True,True,1.26,40.0,0.2379305222222222,0.2086204134850704,0.3782616839547044,3.882983333333333,2012-07-18,1,Canola
SMAPVEX12,2012-07-19,61,0.10243775,0.099593,0.015031292911789,16,48,5.43227388458159,5.743,0.9996018853356908,16,573894.2970375,5495142.970375,573630.5362,574157.6743,5495041.622,5495244.858,16,341.6680462052802,336.65552357507016,376.649822594384,51002.219,51002.985,-12.23,2.20654443266691,0.0534641860617887,-16.5,1.6693540417379011,0.0257652055877805,-23.09,1.8027782956684748,0.0049477654526592,-22.770000000000003,1.8769948277321735,0.0052328520469408,-12.719370404847758,-15.889663878319602,-23.055908961549147,-22.812615442791664,0.79,0.79,0.1272792206135785,9.0,9.0,2.8284271247461903,2,True,True,True,True,1.26,40.0,0.2379305222222222,0.2086204134850704,0.3782616839547044,3.882983333333333,2012-07-18,1,Canola
SMAPVEX12,2012-06-22,62,0.1709613125,0.184593,0.0350210758500625,16,48,8.503938741133496,11.922,2.753597990962612,16,573723.4822875,5495752.77575,573622.2706,573825.4672,5495489.636,5496015.892,269,222.64080002204705,219.90657749700344,477.99376107480464,49602.922,49613.453,-10.64,2.020611765120449,0.0980842951607667,-11.32,2.030051541313544,0.0804068436235127,-17.86,2.052106257102686,0.0183834966263062,-17.72,2.0904254058991403,0.0188842477116021,-10.084005244347887,-10.947069858107426,-17.35571880268632,-17.23900311403443,0.5700000000000001,0.5700000000000001,0.0282842712474618,1.75,1.75,2.4748737341529163,2,True,True,True,True,1.26,40.0,0.2379305222222222,0.1505235894765698,0.0735508829911925,0.4293466666666667,2012-06-24,2,Corn
SMAPVEX12,2012-06-25,62,0.081199125,0.0765165,0.0281539211428295,16,46,4.706710475446601,4.6115,1.4701973053528112,16,573723.4822875,5495752.77575,573622.2706,573825.4672,5495489.636,5496015.892,290,292.479252470452,269.0640201079162,496.4482005905919,50177.422,50188.875,-12.13,2.331245449160384,0.0677338991520712,-13.285,2.193426335578071,0.050922146666039,-19.655,2.2395788612413035,0.0121860393610986,-19.495,2.30234191322824,0.0125637365506682,-11.69193923190518,-12.930932965823189,-19.141374234312806,-19.00881178910799,0.5700000000000001,0.5700000000000001,0.0282842712474618,1.75,1.75,2.4748737341529163,2,True,True,True,True,1.26,40.0,0.2379305222222222,0.1505235894765698,0.0735508829911925,0.4293466666666667,2012-06-24,1,Corn
SMAPVEX12,2012-06-29,62,0.06375728125,0.0676075,0.0280010267323472,16,43,4.196552837461074,4.1605,1.3336105628455908,16,573723.4822875,5495752.77575,573622.2706,573825.4672,5495489.636,5496015.892,275,229.14231107443968,216.56295481660905,498.5233650054806,49913.735,49924.422,-12.78,2.002729760857222,0.0568624863997502,-14.03,1.997987391465857,0.0431763551115455,-20.96,1.9616544099021416,0.0086671112233159,-20.87,2.0570233788546526,0.0088619294676679,-12.451741540356156,-13.647540229966118,-20.621256301856,-20.52471710851968,0.5700000000000001,0.5700000000000001,0.0282842712474618,1.75,1.75,2.4748737341529163,2,True,True,True,True,1.26,40.0,0.2379305222222222,0.1505235894765698,0.0735508829911925,1.0687666666666669,2012-06-30,1,Corn
SMAPVEX12,2012-07-08,62,0.0990708125,0.0997625,0.0265770415740572,16,47,5.309770591483679,5.896701,1.63560518419424,16,573723.4822875,5495752.77575,573622.2706,573825.4672,5495489.636,5496015.892,209,185.4737492725889,182.90357675091036,316.2105451737626,50436.969,50445.235,-10.24,2.027227800067788,0.1047308048445609,-13.33,2.038330100327741,0.0500563933176834,-20.09,1.8278750338324727,0.0105533266959647,-19.84,1.940093404243228,0.0108478140629521,-9.79925558948652,-13.005404455519416,-19.766106173367373,-19.6465776744142,0.5700000000000001,0.5700000000000001,0.0282842712474618,1.75,1.75,2.4748737341529163,2,True,True,True,True,1.26,40.0,0.2379305222222222,0.1505235894765698,0.0735508829911925,3.4855400000000003,2012-07-09,1,Corn
SMAPVEX12,2012-07-10,62,0.0809778125,0.0743409999999999,0.0207346461274159,16,48,4.699746911659554,4.4985,1.1733566380261375,16,573723.4822875,5495752.77575,573622.2706,573825.4672,5495489.636,5496015.892,299,246.0953694141754,227.5075192491147,499.5844872560942,49981.063,49992.735,-11.99,2.213472379815715,0.0720514398874955,-14.59,1.9959957372669423,0.0378665804130334,-21.04,1.9370547350142573,0.0082799878897803,-20.96,2.0269010750273067,0.0085406298818229,-11.423573357529008,-14.217439125925395,-20.81970298409008,-20.68510098384504,0.5700000000000001,0.5700000000000001,0.0282842712474618,1.75,1.75,2.4748737341529163,2,True,True,True,True,1.26,40.0,0.2379305222222222,0.1505235894765698,0.0735508829911925,3.4855400000000003,2012-07-09,1,Corn
SMAPVEX12,2012-07-17,62,0.1441366875,0.1408755,0.0199554138709899,16,48,7.173999581080274,8.5549485,1.4832254725023608,16,573723.4822875,5495752.77575,573622.2706,573825.4672,5495489.636,5496015.892,252,230.7443843584818,221.282231785594,498.7729703368445,52854.109,52865.203,-10.86,2.024519037579803,0.0914464262458686,-13.12,1.92425219562386,0.0536034494133073,-19.8,2.011560907482729,0.0115377859978682,-19.67,2.10363568373014,0.0118261432015649,-10.388332622162803,-12.70807262304178,-19.378775205700126,-19.27156866477375,0.5700000000000001,0.5700000000000001,0.0282842712474618,1.75,1.75,2.4748737341529163,2,True,True,True,True,1.26,40.0,0.2379305222222222,0.1505235894765698,0.0735508829911925,13.55541,2012-07-18,1,Corn
SMAPVEX12,2012-07-19,62,0.0950559374999999,0.092501,0.0160940744808713,16,48,5.167345488173462,5.477,0.9818255254881084,16,573723.4822875,5495752.77575,573622.2706,573825.4672,5495489.636,5496015.892,107,364.7902494044365,363.3446858561927,388.1080603698052,50998.0,51002.188,-14.37,2.0423594556311566,0.0386912383338002,-16.27,1.785670134023538,0.0266047677538272,-23.17,1.732555831436905,0.0052188702491143,-23.19,1.7981500466300722,0.0052830346386236,-14.123873702288767,-15.750405278939866,-22.82423500384271,-22.771165418184932,0.5700000000000001,0.5700000000000001,0.0282842712474618,1.75,1.75,2.4748737341529163,2,True,True,True,True,1.26,40.0,0.2379305222222222,0.1505235894765698,0.0735508829911925,13.55541,2012-07-18,1,Corn
SMAPVEX12,2012-06-22,71,0.131404375,0.1319555,0.0106399735518155,16,48,6.599028425844898,9.389,1.116767237386557,16,574160.76845,5493337.00175,574058.3078,574262.4566,5493073.704,5493599.958,225,404.2566329545093,389.8430771289497,479.17236607270576,49638.203,49646.875,-16.51,2.330461802794828,0.026142650722494,-10.62,2.934627885336885,0.1137273000495088,-23.38,2.390450899719184,0.0053292362906684,-23.49,2.615244628000547,0.0052246225670853,-15.826503794261775,-9.441352711283985,-22.73335023339802,-22.819450780308333,0.55,0.55,0.1272792206135785,11.5,11.5,3.5355339059327378,2,True,True,True,True,1.26,40.0,0.2379305222222222,0.1452420600212515,0.4833343739421223,0.2505666666666666,2012-06-21,1,Corn
SMAPVEX12,2012-06-27,71,0.105858,0.1046195,0.0157111863036075,16,48,5.559558868462756,6.712,1.4275294217633487,16,574160.76845,5493337.00175,574058.3078,574262.4566,5493073.704,5493599.958,301,341.9903489730591,329.02310197683846,497.8473873195949,50025.282,50037.375,-15.64,2.5189623947089643,0.0324365326176296,-12.54,2.602445834431854,0.0656010570145019,-24.24,2.0519939971503525,0.0040798285141542,-24.29,2.2799505803740465,0.0040494647866058,-14.88965576948976,-11.830891628824627,-23.89358091057597,-23.92602373225757,0.55,0.55,0.1272792206135785,11.5,11.5,3.5355339059327378,2,True,True,True,True,1.26,40.0,0.2379305222222222,0.1452420600212515,0.4833343739421223,0.6500400000000001,2012-06-28,1,Corn
SMAPVEX12,2012-06-29,71,0.0847250625,0.0858885,0.0176775155474169,16,48,4.819332380419507,5.138999999999999,1.3931234077305097,16,574160.76845,5493337.00175,574058.3078,574262.4566,5493073.704,5493599.958,250,376.334235921645,364.0028918416601,486.894318760588,49948.016,49957.688,-15.595,2.2463472307558554,0.0317630089820805,-12.655,2.6683758349953544,0.066508855778253,-24.185,1.8305880464987023,0.0041749056934381,-24.255000000000003,2.027542598703719,0.004103733436999,-14.980783625920942,-11.77120523725996,-23.793533303077997,-23.86820857106811,0.55,0.55,0.1272792206135785,11.5,11.5,3.5355339059327378,2,True,True,True,True,1.26,40.0,0.2379305222222222,0.1452420600212515,0.4833343739421223,0.6500400000000001,2012-06-28,1,Corn
SMAPVEX12,2012-07-05,71,0.134084,0.130982,0.0118736853981117,16,48,6.716949527019669,9.286,1.3069369517437843,16,574160.76845,5493337.00175,574058.3078,574262.4566,5493073.704,5493599.958,298,320.8197667666125,303.5939781373958,499.8308366032086,52374.063,52385.703,-7.43,2.2512184866168248,0.1946744036816208,-9.485,2.2506459094433886,0.1222803833157048,-18.56,2.127311347511112,0.0147707052538177,-18.3,2.2436459301962803,0.0160120346814655,-7.106911469422197,-9.126432085488725,-18.305987680239248,-17.955534779003813,0.55,0.55,0.1272792206135785,11.5,11.5,3.5355339059327378,2,True,True,True,True,1.26,40.0,0.2379305222222222,0.1452420600212515,0.4833343739421223,2.3601666666666667,2012-07-07,2,Corn
SMAPVEX12,2012-07-08,71,0.1387610625,0.1359699999999999,0.0112308820043589,16,48,6.9267276783359115,9.82,1.2553303682032595,16,574160.76845,5493337.00175,574058.3078,574262.4566,5493073.704,5493599.958,299,350.84903616284635,334.0369167523069,489.38912144111697,50471.11,50482.781,-6.3,2.243528989610005,0.251519215664816,-8.97,2.61915992306894,0.1499527093267425,-18.55,2.120324716905403,0.0155014163934536,-18.28,2.255258223972995,0.01648771609458,-5.994288299384496,-8.240456830553434,-18.09628617716328,-17.82839499371664,0.55,0.55,0.1272792206135785,11.5,11.5,3.5355339059327378,2,True,True,True,True,1.26,40.0,0.2379305222222222,0.1452420600212515,0.4833343739421223,2.3601666666666667,2012-07-07,1,Corn
SMAPVEX12,2012-07-14,71,0.0842318125,0.0827705,0.0078462671313072,16,48,4.803387795013877,4.894,0.6183937762461716,16,574160.76845,5493337.00175,574058.3078,574262.4566,5493073.704,5493599.958,207,412.4679801615586,404.71826601397294,498.6108542285453,50424.062,50432.641,-7.84,2.419666832503987,0.1846832609010243,-12.69,2.1361552147153247,0.0598234752403579,-20.77,1.8065149375771867,0.0089121591106757,-20.6,1.9165786314137057,0.0090721088530278,-7.335724658361975,-12.231283617180784,-20.500170685492,-20.42291747473905,0.55,0.55,0.1272792206135785,11.5,11.5,3.5355339059327378,2,True,True,True,True,1.26,40.0,0.2379305222222222,0.1452420600212515,0.4833343739421223,3.89514,2012-07-16,2,Corn
SMAPVEX12,2012-07-17,71,0.175978,0.176149,0.007632597329874,8,24,8.76996641457118,14.666,1.0097249979219944,16,574160.76845,5493337.00175,574058.3078,574262.4566,5493073.704,5493599.958,213,423.874713669596,416.6887862656713,498.92709094161455,52890.093,52898.468,-5.35,1.9453460991954772,0.3147630221381371,-8.32,2.3361480409881343,0.163564375231266,-16.93,2.258906757608532,0.0230941625809335,-16.73,2.278183219002089,0.0235700023637249,-5.020162935449686,-7.863112808923288,-16.364977811149174,-16.276403739223174,0.55,0.55,0.1272792206135785,11.5,11.5,3.5355339059327378,2,True,True,True,True,1.26,40.0,0.2379305222222222,0.1452420600212515,0.4833343739421223,3.89514,2012-07-16,1,Corn
SMAPVEX12,2012-06-22,72,0.1432130625,0.143151,0.024771531042627,16,48,7.131048049252696,8.1955,1.5708368350977768,16,573771.08000625,5492528.219875,573669.0138,573874.0383,5492264.435,5492792.385,334,250.69194349171013,239.3689204630452,498.8358098653892,49647.266,49660.578,-8.690000000000001,5.271755138866028,0.1940070499876867,-9.915,2.662923733326981,0.1214438057437162,-22.52,2.416671731275837,0.0065670962505566,-22.505,2.6035384591583584,0.006503521367765,-7.121824880330802,-9.156246315375464,-21.826266184346068,-21.868514285129127,0.46,0.46,0.2545584412271571,5.5,5.5,1.4142135623730951,2,True,True,True,True,1.26,40.0,0.2379305222222222,0.1214751774723194,0.2311599179723193,0.2397,2012-06-21,1,Corn
SMAPVEX12,2012-06-27,72,0.1020515625,0.0862469999999999,0.033224067545418,16,48,5.418081502325287,4.9975000000000005,1.818124198177891,16,573771.08000625,5492528.219875,573669.0138,573874.0383,5492264.435,5492792.385,351,271.5166335537682,259.938701780094,498.96747600576543,50037.407,50051.516,-10.95,3.7572929629511735,0.1061747565430454,-12.28,2.399705734232348,0.0692026273872216,-24.41,2.180573972375817,0.0041906831957546,-24.49,2.3696250017162286,0.0041577443810894,-9.739787261661805,-11.598774165532014,-23.77715169406207,-23.81142214690655,0.46,0.46,0.2545584412271571,5.5,5.5,1.4142135623730951,2,True,True,True,True,1.26,40.0,0.2379305222222222,0.1214751774723194,0.2311599179723193,0.7219433333333334,2012-06-28,1,Corn
SMAPVEX12,2012-06-29,72,0.0765873125,0.0730605,0.0253632851439996,16,48,4.5641859269197065,4.374499999999999,1.2482867726074274,16,573771.08000625,5492528.219875,573669.0138,573874.0383,5492264.435,5492792.385,339,258.9930475373491,252.84625653245627,499.3462603725596,49958.094,49971.516,-11.85,3.620035567009616,0.0866859642609823,-12.37,2.5332147377132586,0.0676940184144186,-23.42,2.2196890576527646,0.0052052159301269,-23.5,2.403732187722764,0.0051928618817171,-10.620512155280064,-11.694497047916627,-22.83561249761997,-22.845932284940623,0.46,0.46,0.2545584412271571,5.5,5.5,1.4142135623730951,2,True,True,True,True,1.26,40.0,0.2379305222222222,0.1214751774723194,0.2311599179723193,0.7219433333333334,2012-06-28,1,Corn
SMAPVEX12,2012-07-05,72,0.1744420625,0.1745065,0.0109968061149211,16,48,8.687951120690386,10.294,0.7871099219084121,16,573771.08000625,5492528.219875,573669.0138,573874.0383,5492264.435,5492792.385,312,301.5204740353256,290.996481972116,498.83153387013454,52386.11,52398.485,-6.565,2.494817551811644,0.240765786582061,-9.785,2.357345406863466,0.118032222352631,-19.04,2.3033086442088613,0.0144435563292264,-18.795,2.4087053226398165,0.0152783924888694,-6.1840522735730685,-9.279994157479894,-18.403258605060877,-18.15922337510279,0.46,0.46,0.2545584412271571,5.5,5.5,1.4142135623730951,2,True,True,True,True,1.26,40.0,0.2379305222222222,0.1214751774723194,0.2311599179723193,2.970853333333333,2012-07-07,2,Corn
SMAPVEX12,2012-07-08,72,0.191422375,0.191404,0.0111616969550631,16,48,9.622047747253953,11.5245,0.8400130951360223,16,573771.08000625,5492528.219875,573669.0138,573874.0383,5492264.435,5492792.385,351,271.4593135680144,264.09234108193306,494.0183353653968,50482.813,50496.922,-5.0,2.1045195952764915,0.3197810053540623,-7.96,2.7312200177779125,0.1805100771934352,-18.6,2.296697777354408,0.0153749628074367,-18.37,2.406837449252133,0.0161328707593251,-4.951473364462895,-7.434985480666953,-18.13185926124548,-17.92288345320248,0.46,0.46,0.2545584412271571,5.5,5.5,1.4142135623730951,2,True,True,True,True,1.26,40.0,0.2379305222222222,0.1214751774723194,0.2311599179723193,2.970853333333333,2012-07-07,1,Corn
SMAPVEX12,2012-07-14,72,0.074,0.075235,0.015440957673236,16,48,4.4866153192,4.4695,0.7304347107487887,16,573771.08000625,5492528.219875,573669.0138,573874.0383,5492264.435,5492792.385,329,251.05586843113383,250.4853291005959,499.3995487148062,50432.672,50445.859,-7.3,2.7404005421138757,0.2310243014694319,-11.98,2.215218522773771,0.0726709613820473,-21.13,2.104816399538318,0.008570219165034,-21.09,2.206700206757989,0.008784277893482,-6.363423342248725,-11.38639094380066,-20.67008071781836,-20.562939336297777,0.46,0.46,0.2545584412271571,5.5,5.5,1.4142135623730951,2,True,True,True,True,1.26,40.0,0.2379305222222222,0.1214751774723194,0.2311599179723193,4.45269,2012-07-16,2,Corn
SMAPVEX12,2012-07-17,72,0.123286625,0.123233,0.0102618598046358,16,48,6.251977410569178,6.9861995,0.6064073622553262,16,573771.08000625,5492528.219875,573669.0138,573874.0383,5492264.435,5492792.385,343,263.7929749068268,260.0949728296312,499.4591140225815,52898.937,52912.468,-5.14,2.4727064817164104,0.2940105313147668,-8.6,2.855647747314168,0.1623089210588002,-18.47,2.76989249758819,0.0166659630212458,-18.35,2.818281077743664,0.0172325620970607,-5.316371130913266,-7.896576091932785,-17.781695861301102,-17.63650147862806,0.46,0.46,0.2545584412271571,5.5,5.5,1.4142135623730951,2,True,True,True,True,1.26,40.0,0.2379305222222222,0.1214751774723194,0.2311599179723193,4.45269,2012-07-16,1,Corn
SMAPVEX12,2012-06-22,81,0.2020005625,0.199917,0.0314505974378203,16,48,10.233824434868765,12.4245,2.6461033040743773,16,574000.3592749999,5490171.9410625,573737.3358,574264.0373,5490068.475,5490274.636,321,294.11579675943483,280.97573682092445,497.8060653457444,49679.531,49692.235,-7.82,3.68160385261235,0.2539175733384366,-10.27,2.267231389531296,0.1099678228086193,-23.21,1.898949176026269,0.0051920090611424,-23.36,2.104175843723238,0.0051247484672226,-5.953072410726956,-9.587343732140498,-22.84664558272263,-22.90327445780117,0.74,0.74,0.0848528137423856,7.5,7.5,2.1213203435596424,2,True,True,True,True,1.26,40.0,0.2379305222222222,0.1954165898467748,0.3152180699622536,1.9886300000000003,2012-06-21,1,Wheat
SMAPVEX12,2012-06-27,81,0.1150036875,0.1093915,0.0224284743684414,16,48,5.913845787795595,6.1305,1.3422180259431278,16,574000.3592749999,5490171.9410625,573737.3358,574264.0373,5490068.475,5490274.636,382,255.48285403581852,259.79642865159525,499.8284315842896,50072.953,50088.235,-10.465,3.6109381071525934,0.1369479146382711,-14.53,2.445970440517573,0.0433072229839518,-26.14,1.8312424731528496,0.0026469814627589,-26.41,2.0849798788846656,0.0025250395016323,-8.63444576538804,-13.63439663913034,-25.77249100122789,-25.977318234040297,0.74,0.74,0.0848528137423856,7.5,7.5,2.1213203435596424,2,True,True,True,True,1.26,40.0,0.2379305222222222,0.1954165898467748,0.3152180699622536,2.755193333333333,2012-06-28,1,Wheat
SMAPVEX12,2012-07-17,81,0.18305275,0.184047,0.0090499581766989,16,48,9.154142178226914,11.16,0.6927713397410913,16,574000.3592749999,5490171.9410625,573737.3358,574264.0373,5490068.475,5490274.636,325,307.71815651128827,286.8847593648187,478.424261595285,52932.125,52944.828,-7.04,2.100034338343595,0.2119267567226521,-9.54,2.218968815889024,0.1264310565787185,-19.84,2.135908090560088,0.011327053090917,-19.7,2.1849397004898865,0.0115372062822358,-6.7381420816219775,-8.981462326670332,-19.458830639073305,-19.378993422284744,0.74,0.74,0.0848528137423856,7.5,7.5,2.1213203435596424,2,True,True,True,True,1.26,40.0,0.2379305222222222,0.1954165898467748,0.3152180699622536,1.5535333333333334,2012-07-16,1,Wheat
SMAPVEX12,2012-06-29,83,0.12053875,0.1215725,0.0585422477708762,16,48,6.13799980950817,6.6225000000000005,2.8745547126178232,16,573373.073725,5490041.2759375,573266.0928,573469.4248,5489774.95,5490301.204,101,485.9163174691208,483.51263146778416,499.6127724515689,49996.0,50000.032,-13.32,1.944964608092567,0.048019190967954,-13.71,2.5500307860692564,0.0484105929193175,-25.9,1.648080497649515,0.0027646833587595,-26.07,1.9595549909038632,0.002581956856435,-13.185851612534412,-13.150595982099484,-25.583546015809983,-25.880510189126387,1.07,1.07,0.3676955262170047,17.75,17.75,7.424621202458749,2,True,True,True,True,1.26,40.0,0.2379305222222222,0.2825618258595258,0.746016098910667,1.0859933333333334,2012-06-30,1,Corn
SMAPVEX12,2012-07-14,83,0.1295701875,0.123047,0.0351728731121371,16,48,6.51927002068219,6.7010000000000005,1.8608364740979613,16,573373.073725,5490041.2759375,573266.0928,573469.4248,5489774.95,5490301.204,116,477.4923567395827,475.3476237030577,499.8602058457134,50469.375,50474.156,-10.91,2.19813377810514,0.0937651956825414,-11.14,2.2209855906788327,0.0835340550174328,-23.945,1.8109862194275588,0.0044420831173653,-23.935,1.9571082682399537,0.0043851999533747,-10.279583356930988,-10.781364360016564,-23.52413319476109,-23.58010599181079,1.07,1.07,0.3676955262170047,17.75,17.75,7.424621202458749,2,True,True,True,True,1.26,40.0,0.2379305222222222,0.2825618258595258,0.746016098910667,4.57585,2012-07-16,2,Corn
SMAPVEX12,2012-06-22,91,0.199289375,0.1960015,0.0331007051543719,16,48,10.074881796213639,12.195,2.697593195795096,16,574254.3926,5487493.1529375,574150.6867,574356.9926,5487228.708,5487757.22,222,419.1498691370502,413.8728184363365,499.89344738193626,49718.141,49727.11,-14.08,2.874628339910659,0.0534332388382181,-14.14,2.2203612770914423,0.0417416850584128,-24.925,2.13441038373434,0.003602435708007,-25.19,2.417106053402055,0.0034124991072078,-12.721885004018873,-13.79430023004177,-24.434037612167963,-24.669274535730903,1.055,1.055,0.2616295090390226,3.0,3.0,4.242640687119285,2,True,True,True,True,1.26,40.0,0.2379305222222222,0.278600678768037,0.1260872279849014,4.29638,2012-06-24,2,Wheat
SMAPVEX12,2012-06-25,91,0.1333266875,0.1331129999999999,0.0265853080321161,16,48,6.683454788435966,7.758,1.674362445828262,16,574254.3926,5487493.1529375,574150.6867,574356.9926,5487228.708,5487757.22,383,284.6161010499428,267.427822930264,499.1451094642659,50308.625,50323.906,-15.46,2.4169718123127484,0.0309380973232321,-16.74,2.263864437965508,0.0237024692670022,-26.46,2.2872889877679845,0.0025879257484236,-26.92,2.8096499632415504,0.0023770195622491,-15.095063986983767,-16.252064078644956,-25.87048188402283,-26.239672441271395,1.055,1.055,0.2616295090390226,3.0,3.0,4.242640687119285,2,True,True,True,True,1.26,40.0,0.2379305222222222,0.278600678768037,0.1260872279849014,4.29638,2012-06-24,1,Wheat
SMAPVEX12,2012-07-05,91,0.183711125,0.187512,0.0274751030519753,16,48,9.190424894956713,11.538,2.0479668200030323,16,574254.3926,5487493.1529375,574150.6867,574356.9926,5487228.708,5487757.22,175,321.728468634989,297.76002205000856,499.3020782855799,52463.719,52470.375,-16.32,2.0116836758851173,0.0259177455563605,-12.71,2.5015571505244294,0.063875259109607,-24.89,1.8812141678938112,0.0036026399171828,-24.95,2.119097907338568,0.0035586082676797,-15.864027780720509,-11.946673251406857,-24.43379143316072,-24.487198165897304,1.055,1.055,0.2616295090390226,3.0,3.0,4.242640687119285,2,True,True,True,True,1.26,40.0,0.2379305222222222,0.278600678768037,0.1260872279849014,3.5067799999999996,2012-07-07,2,Wheat
SMAPVEX12,2012-07-08,91,0.157849125,0.1566914999999999,0.0293662314342511,16,48,7.834120517872819,9.304,2.0956129055720183,16,574254.3926,5487493.1529375,574150.6867,574356.9926,5487228.708,5487757.22,307,362.1467455113647,349.132653836676,499.20561789367054,50559.922,50572.156,-14.81,2.2501273392724666,0.0364963739863809,-14.93,2.3125629176958933,0.0361370338808841,-24.91,2.0323432694839467,0.0034596036865284,-25.06,2.268132305047682,0.0033916250659608,-14.377502817334353,-14.420474970996455,-24.60973648782886,-24.695921637219904,1.055,1.055,0.2616295090390226,3.0,3.0,4.242640687119285,2,True,True,True,True,1.26,40.0,0.2379305222222222,0.278600678768037,0.1260872279849014,3.5067799999999996,2012-07-07,1,Wheat
SMAPVEX12,2012-07-17,91,0.1944006875,0.1911399999999999,0.0166170822778599,16,48,9.79201068378811,11.816,1.3217192843666414,16,574254.3926,5487493.1529375,574150.6867,574356.9926,5487228.708,5487757.22,178,442.2331126988006,440.509028240502,499.528121820499,52972.437,52979.562,-14.53,2.457425277754512,0.0423962127485828,-13.265,2.277582695882525,0.0521960313520631,-24.055,1.7259664680524631,0.0041839436574816,-24.065,1.858394407891095,0.0041430233819631,-13.726729371774091,-12.823625166801548,-23.78414172470025,-23.826826156689,1.055,1.055,0.2616295090390226,3.0,3.0,4.242640687119285,2,True,True,True,True,1.26,40.0,0.2379305222222222,0.278600678768037,0.1260872279849014,2.4393100000000003,2012-07-18,1,Wheat
SMAPVEX12,2012-07-19,91,0.1330818125,0.1315405,0.0201570410104219,16,48,6.672652644521012,7.6605,1.2548470806569756,16,574254.3926,5487493.1529375,574150.6867,574356.9926,5487228.708,5487757.22,229,235.47325977418933,195.87155683879132,499.4827524260951,51111.016,51120.157,-16.26,2.0627296554200005,0.0258105007800372,-14.51,2.112019098514282,0.0397556286313554,-23.89,1.9051708267523555,0.0044457387273098,-23.98,1.930824039546932,0.0044622718461871,-15.882035691137462,-14.006013749198562,-23.52056064044088,-23.50443975580028,1.055,1.055,0.2616295090390226,3.0,3.0,4.242640687119285,2,True,True,True,True,1.26,40.0,0.2379305222222222,0.278600678768037,0.1260872279849014,2.4393100000000003,2012-07-18,1,Wheat
