method,response,centered_skill,centered_rmse_db,variance_ratio
ridge,HH,-0.09369317685507961,2.6580261224805675,0.02053797349190119
ridge,VV,-0.09039653531305207,3.5872896954868594,0.020430061815764393
ridge,common,-0.10047061551113615,3.0093574607045,0.022354105340466647
ridge,differential,-0.03306531390849419,1.8972258414323968,0.005345636656125634
ridge_vwc,HH,-0.04265744353404488,2.6043197285516606,0.013861478701279137
ridge_vwc,VV,-0.028281171620684442,3.49601480837824,0.041205176815147904
ridge_vwc,common,-0.039512973390321206,2.93763237522502,0.027599190275450887
ridge_vwc,differential,0.036117138119895406,1.8423179661017541,0.07245599422496832
training_mean,HH,2.2204460492503132e-17,2.5614014032629435,8.898191865788015e-31
training_mean,VV,-4.4408920985006264e-17,3.4588700146243894,3.4329667585623774e-31
training_mean,common,-1.3322676295501878e-16,2.8933790200876404,6.428840743015109e-31
training_mean,differential,2.2204460492503132e-17,1.8687135056433075,2.6766858661538563e-33
