field_id,acquisition_date,row_id,fold,inner_fold
103,2012-06-22,7,1,1
103,2012-06-27,8,1,1
103,2012-06-29,9,1,1
103,2012-07-05,10,1,1
103,2012-07-08,11,1,1
103,2012-07-14,12,1,1
103,2012-07-17,13,1,1
21,2012-06-22,45,1,1
21,2012-06-25,46,1,1
21,2012-06-29,47,1,1
21,2012-07-08,48,1,1
21,2012-07-10,49,1,1
21,2012-07-17,50,1,1
31,2012-06-22,56,1,1
31,2012-06-27,57,1,1
31,2012-07-05,58,1,1
31,2012-07-08,59,1,1
31,2012-07-14,60,1,1
41,2012-06-22,67,1,1
41,2012-06-27,68,1,1
41,2012-07-05,69,1,1
41,2012-07-08,70,1,1
41,2012-07-14,71,1,1
41,2012-07-17,72,1,1
54,2012-06-22,90,1,1
54,2012-06-29,91,1,1
54,2012-07-10,92,1,1
113,2012-06-22,27,1,2
113,2012-06-25,28,1,2
113,2012-07-05,29,1,2
113,2012-07-08,30,1,2
113,2012-07-14,31,1,2
113,2012-07-17,32,1,2
22,2012-06-22,51,1,2
22,2012-06-25,52,1,2
22,2012-06-29,53,1,2
22,2012-07-14,54,1,2
22,2012-07-17,55,1,2
72,2012-06-22,114,1,2
72,2012-06-27,115,1,2
72,2012-06-29,116,1,2
72,2012-07-05,117,1,2
72,2012-07-08,118,1,2
72,2012-07-14,119,1,2
72,2012-07-17,120,1,2
81,2012-06-22,121,1,2
81,2012-06-27,122,1,2
81,2012-07-17,123,1,2
91,2012-06-22,126,1,2
91,2012-06-25,127,1,2
91,2012-07-05,128,1,2
91,2012-07-08,129,1,2
91,2012-07-17,130,1,2
91,2012-07-19,131,1,2
12,2012-06-22,33,1,3
12,2012-06-27,34,1,3
12,2012-06-29,35,1,3
12,2012-07-08,36,1,3
12,2012-07-10,37,1,3
12,2012-07-17,38,1,3
52,2012-06-22,79,1,3
52,2012-06-29,80,1,3
52,2012-07-08,81,1,3
52,2012-07-10,82,1,3
52,2012-07-17,83,1,3
52,2012-07-19,84,1,3
53,2012-06-22,85,1,3
53,2012-06-29,86,1,3
53,2012-07-08,87,1,3
53,2012-07-10,88,1,3
53,2012-07-19,89,1,3
71,2012-06-22,107,1,3
71,2012-06-27,108,1,3
71,2012-06-29,109,1,3
71,2012-07-05,110,1,3
71,2012-07-08,111,1,3
71,2012-07-14,112,1,3
71,2012-07-17,113,1,3
83,2012-06-29,124,1,3
83,2012-07-14,125,1,3
11,2012-06-22,14,1,4
11,2012-06-27,15,1,4
11,2012-06-29,16,1,4
11,2012-07-10,17,1,4
11,2012-07-17,18,1,4
13,2012-06-22,39,1,4
13,2012-06-27,40,1,4
13,2012-06-29,41,1,4
13,2012-07-08,42,1,4
13,2012-07-10,43,1,4
13,2012-07-17,44,1,4
42,2012-06-22,73,1,4
42,2012-06-25,74,1,4
42,2012-07-08,75,1,4
42,2012-07-10,76,1,4
42,2012-07-14,77,1,4
42,2012-07-17,78,1,4
62,2012-06-22,100,1,4
62,2012-06-25,101,1,4
62,2012-06-29,102,1,4
62,2012-07-08,103,1,4
62,2012-07-10,104,1,4
62,2012-07-17,105,1,4
62,2012-07-19,106,1,4
102,2012-06-22,0,2,1
102,2012-06-25,1,2,1
102,2012-06-29,2,2,1
102,2012-07-08,3,2,1
102,2012-07-10,4,2,1
102,2012-07-17,5,2,1
102,2012-07-19,6,2,1
111,2012-06-27,19,2,1
111,2012-07-08,20,2,1
111,2012-07-10,21,2,1
111,2012-07-19,22,2,1
112,2012-06-22,23,2,1
112,2012-06-25,24,2,1
112,2012-07-05,25,2,1
112,2012-07-08,26,2,1
42,2012-06-22,73,2,1
42,2012-06-25,74,2,1
42,2012-07-08,75,2,1
42,2012-07-10,76,2,1
42,2012-07-14,77,2,1
42,2012-07-17,78,2,1
61,2012-06-22,93,2,1
61,2012-06-25,94,2,1
61,2012-06-29,95,2,1
61,2012-07-08,96,2,1
61,2012-07-10,97,2,1
61,2012-07-17,98,2,1
61,2012-07-19,99,2,1
13,2012-06-22,39,2,2
13,2012-06-27,40,2,2
13,2012-06-29,41,2,2
13,2012-07-08,42,2,2
13,2012-07-10,43,2,2
13,2012-07-17,44,2,2
22,2012-06-22,51,2,2
22,2012-06-25,52,2,2
22,2012-06-29,53,2,2
22,2012-07-14,54,2,2
22,2012-07-17,55,2,2
32,2012-06-22,61,2,2
32,2012-06-25,62,2,2
32,2012-07-08,63,2,2
32,2012-07-10,64,2,2
32,2012-07-14,65,2,2
32,2012-07-17,66,2,2
72,2012-06-22,114,2,2
72,2012-06-27,115,2,2
72,2012-06-29,116,2,2
72,2012-07-05,117,2,2
72,2012-07-08,118,2,2
72,2012-07-14,119,2,2
72,2012-07-17,120,2,2
81,2012-06-22,121,2,2
81,2012-06-27,122,2,2
81,2012-07-17,123,2,2
113,2012-06-22,27,2,3
113,2012-06-25,28,2,3
113,2012-07-05,29,2,3
113,2012-07-08,30,2,3
113,2012-07-14,31,2,3
113,2012-07-17,32,2,3
53,2012-06-22,85,2,3
53,2012-06-29,86,2,3
53,2012-07-08,87,2,3
53,2012-07-10,88,2,3
53,2012-07-19,89,2,3
71,2012-06-22,107,2,3
71,2012-06-27,108,2,3
71,2012-06-29,109,2,3
71,2012-07-05,110,2,3
71,2012-07-08,111,2,3
71,2012-07-14,112,2,3
71,2012-07-17,113,2,3
83,2012-06-29,124,2,3
83,2012-07-14,125,2,3
91,2012-06-22,126,2,3
91,2012-06-25,127,2,3
91,2012-07-05,128,2,3
91,2012-07-08,129,2,3
91,2012-07-17,130,2,3
91,2012-07-19,131,2,3
11,2012-06-22,14,2,4
11,2012-06-27,15,2,4
11,2012-06-29,16,2,4
11,2012-07-10,17,2,4
11,2012-07-17,18,2,4
12,2012-06-22,33,2,4
12,2012-06-27,34,2,4
12,2012-06-29,35,2,4
12,2012-07-08,36,2,4
12,2012-07-10,37,2,4
12,2012-07-17,38,2,4
52,2012-06-22,79,2,4
52,2012-06-29,80,2,4
52,2012-07-08,81,2,4
52,2012-07-10,82,2,4
52,2012-07-17,83,2,4
52,2012-07-19,84,2,4
62,2012-06-22,100,2,4
62,2012-06-25,101,2,4
62,2012-06-29,102,2,4
62,2012-07-08,103,2,4
62,2012-07-10,104,2,4
62,2012-07-17,105,2,4
62,2012-07-19,106,2,4
102,2012-06-22,0,3,1
102,2012-06-25,1,3,1
102,2012-06-29,2,3,1
102,2012-07-08,3,3,1
102,2012-07-10,4,3,1
102,2012-07-17,5,3,1
102,2012-07-19,6,3,1
103,2012-06-22,7,3,1
103,2012-06-27,8,3,1
103,2012-06-29,9,3,1
103,2012-07-05,10,3,1
103,2012-07-08,11,3,1
103,2012-07-14,12,3,1
103,2012-07-17,13,3,1
111,2012-06-27,19,3,1
111,2012-07-08,20,3,1
111,2012-07-10,21,3,1
111,2012-07-19,22,3,1
112,2012-06-22,23,3,1
112,2012-06-25,24,3,1
112,2012-07-05,25,3,1
112,2012-07-08,26,3,1
52,2012-06-22,79,3,1
52,2012-06-29,80,3,1
52,2012-07-08,81,3,1
52,2012-07-10,82,3,1
52,2012-07-17,83,3,1
52,2012-07-19,84,3,1
12,2012-06-22,33,3,2
12,2012-06-27,34,3,2
12,2012-06-29,35,3,2
12,2012-07-08,36,3,2
12,2012-07-10,37,3,2
12,2012-07-17,38,3,2
31,2012-06-22,56,3,2
31,2012-06-27,57,3,2
31,2012-07-05,58,3,2
31,2012-07-08,59,3,2
31,2012-07-14,60,3,2
32,2012-06-22,61,3,2
32,2012-06-25,62,3,2
32,2012-07-08,63,3,2
32,2012-07-10,64,3,2
32,2012-07-14,65,3,2
32,2012-07-17,66,3,2
54,2012-06-22,90,3,2
54,2012-06-29,91,3,2
54,2012-07-10,92,3,2
71,2012-06-22,107,3,2
71,2012-06-27,108,3,2
71,2012-06-29,109,3,2
71,2012-07-05,110,3,2
71,2012-07-08,111,3,2
71,2012-07-14,112,3,2
71,2012-07-17,113,3,2
13,2012-06-22,39,3,3
13,2012-06-27,40,3,3
13,2012-06-29,41,3,3
13,2012-07-08,42,3,3
13,2012-07-10,43,3,3
13,2012-07-17,44,3,3
41,2012-06-22,67,3,3
41,2012-06-27,68,3,3
41,2012-07-05,69,3,3
41,2012-07-08,70,3,3
41,2012-07-14,71,3,3
41,2012-07-17,72,3,3
53,2012-06-22,85,3,3
53,2012-06-29,86,3,3
53,2012-07-08,87,3,3
53,2012-07-10,88,3,3
53,2012-07-19,89,3,3
62,2012-06-22,100,3,3
62,2012-06-25,101,3,3
62,2012-06-29,102,3,3
62,2012-07-08,103,3,3
62,2012-07-10,104,3,3
62,2012-07-17,105,3,3
62,2012-07-19,106,3,3
83,2012-06-29,124,3,3
83,2012-07-14,125,3,3
11,2012-06-22,14,3,4
11,2012-06-27,15,3,4
11,2012-06-29,16,3,4
11,2012-07-10,17,3,4
11,2012-07-17,18,3,4
21,2012-06-22,45,3,4
21,2012-06-25,46,3,4
21,2012-06-29,47,3,4
21,2012-07-08,48,3,4
21,2012-07-10,49,3,4
21,2012-07-17,50,3,4
42,2012-06-22,73,3,4
42,2012-06-25,74,3,4
42,2012-07-08,75,3,4
42,2012-07-10,76,3,4
42,2012-07-14,77,3,4
42,2012-07-17,78,3,4
61,2012-06-22,93,3,4
61,2012-06-25,94,3,4
61,2012-06-29,95,3,4
61,2012-07-08,96,3,4
61,2012-07-10,97,3,4
61,2012-07-17,98,3,4
61,2012-07-19,99,3,4
102,2012-06-22,0,4,1
102,2012-06-25,1,4,1
102,2012-06-29,2,4,1
102,2012-07-08,3,4,1
102,2012-07-10,4,4,1
102,2012-07-17,5,4,1
102,2012-07-19,6,4,1
103,2012-06-22,7,4,1
103,2012-06-27,8,4,1
103,2012-06-29,9,4,1
103,2012-07-05,10,4,1
103,2012-07-08,11,4,1
103,2012-07-14,12,4,1
103,2012-07-17,13,4,1
111,2012-06-27,19,4,1
111,2012-07-08,20,4,1
111,2012-07-10,21,4,1
111,2012-07-19,22,4,1
112,2012-06-22,23,4,1
112,2012-06-25,24,4,1
112,2012-07-05,25,4,1
112,2012-07-08,26,4,1
52,2012-06-22,79,4,1
52,2012-06-29,80,4,1
52,2012-07-08,81,4,1
52,2012-07-10,82,4,1
52,2012-07-17,83,4,1
52,2012-07-19,84,4,1
21,2012-06-22,45,4,2
21,2012-06-25,46,4,2
21,2012-06-29,47,4,2
21,2012-07-08,48,4,2
21,2012-07-10,49,4,2
21,2012-07-17,50,4,2
22,2012-06-22,51,4,2
22,2012-06-25,52,4,2
22,2012-06-29,53,4,2
22,2012-07-14,54,4,2
22,2012-07-17,55,4,2
72,2012-06-22,114,4,2
72,2012-06-27,115,4,2
72,2012-06-29,116,4,2
72,2012-07-05,117,4,2
72,2012-07-08,118,4,2
72,2012-07-14,119,4,2
72,2012-07-17,120,4,2
81,2012-06-22,121,4,2
81,2012-06-27,122,4,2
81,2012-07-17,123,4,2
91,2012-06-22,126,4,2
91,2012-06-25,127,4,2
91,2012-07-05,128,4,2
91,2012-07-08,129,4,2
91,2012-07-17,130,4,2
91,2012-07-19,131,4,2
11,2012-06-22,14,4,3
11,2012-06-27,15,4,3
11,2012-06-29,16,4,3
11,2012-07-10,17,4,3
11,2012-07-17,18,4,3
113,2012-06-22,27,4,3
113,2012-06-25,28,4,3
113,2012-07-05,29,4,3
113,2012-07-08,30,4,3
113,2012-07-14,31,4,3
113,2012-07-17,32,4,3
32,2012-06-22,61,4,3
32,2012-06-25,62,4,3
32,2012-07-08,63,4,3
32,2012-07-10,64,4,3
32,2012-07-14,65,4,3
32,2012-07-17,66,4,3
54,2012-06-22,90,4,3
54,2012-06-29,91,4,3
54,2012-07-10,92,4,3
62,2012-06-22,100,4,3
62,2012-06-25,101,4,3
62,2012-06-29,102,4,3
62,2012-07-08,103,4,3
62,2012-07-10,104,4,3
62,2012-07-17,105,4,3
62,2012-07-19,106,4,3
13,2012-06-22,39,4,4
13,2012-06-27,40,4,4
13,2012-06-29,41,4,4
13,2012-07-08,42,4,4
13,2012-07-10,43,4,4
13,2012-07-17,44,4,4
31,2012-06-22,56,4,4
31,2012-06-27,57,4,4
31,2012-07-05,58,4,4
31,2012-07-08,59,4,4
31,2012-07-14,60,4,4
41,2012-06-22,67,4,4
41,2012-06-27,68,4,4
41,2012-07-05,69,4,4
41,2012-07-08,70,4,4
41,2012-07-14,71,4,4
41,2012-07-17,72,4,4
61,2012-06-22,93,4,4
61,2012-06-25,94,4,4
61,2012-06-29,95,4,4
61,2012-07-08,96,4,4
61,2012-07-10,97,4,4
61,2012-07-17,98,4,4
61,2012-07-19,99,4,4
102,2012-06-22,0,5,1
102,2012-06-25,1,5,1
102,2012-06-29,2,5,1
102,2012-07-08,3,5,1
102,2012-07-10,4,5,1
102,2012-07-17,5,5,1
102,2012-07-19,6,5,1
111,2012-06-27,19,5,1
111,2012-07-08,20,5,1
111,2012-07-10,21,5,1
111,2012-07-19,22,5,1
112,2012-06-22,23,5,1
112,2012-06-25,24,5,1
112,2012-07-05,25,5,1
112,2012-07-08,26,5,1
32,2012-06-22,61,5,1
32,2012-06-25,62,5,1
32,2012-07-08,63,5,1
32,2012-07-10,64,5,1
32,2012-07-14,65,5,1
32,2012-07-17,66,5,1
61,2012-06-22,93,5,1
61,2012-06-25,94,5,1
61,2012-06-29,95,5,1
61,2012-07-08,96,5,1
61,2012-07-10,97,5,1
61,2012-07-17,98,5,1
61,2012-07-19,99,5,1
103,2012-06-22,7,5,2
103,2012-06-27,8,5,2
103,2012-06-29,9,5,2
103,2012-07-05,10,5,2
103,2012-07-08,11,5,2
103,2012-07-14,12,5,2
103,2012-07-17,13,5,2
21,2012-06-22,45,5,2
21,2012-06-25,46,5,2
21,2012-06-29,47,5,2
21,2012-07-08,48,5,2
21,2012-07-10,49,5,2
21,2012-07-17,50,5,2
31,2012-06-22,56,5,2
31,2012-06-27,57,5,2
31,2012-07-05,58,5,2
31,2012-07-08,59,5,2
31,2012-07-14,60,5,2
41,2012-06-22,67,5,2
41,2012-06-27,68,5,2
41,2012-07-05,69,5,2
41,2012-07-08,70,5,2
41,2012-07-14,71,5,2
41,2012-07-17,72,5,2
54,2012-06-22,90,5,2
54,2012-06-29,91,5,2
54,2012-07-10,92,5,2
113,2012-06-22,27,5,3
113,2012-06-25,28,5,3
113,2012-07-05,29,5,3
113,2012-07-08,30,5,3
113,2012-07-14,31,5,3
113,2012-07-17,32,5,3
22,2012-06-22,51,5,3
22,2012-06-25,52,5,3
22,2012-06-29,53,5,3
22,2012-07-14,54,5,3
22,2012-07-17,55,5,3
72,2012-06-22,114,5,3
72,2012-06-27,115,5,3
72,2012-06-29,116,5,3
72,2012-07-05,117,5,3
72,2012-07-08,118,5,3
72,2012-07-14,119,5,3
72,2012-07-17,120,5,3
81,2012-06-22,121,5,3
81,2012-06-27,122,5,3
81,2012-07-17,123,5,3
91,2012-06-22,126,5,3
91,2012-06-25,127,5,3
91,2012-07-05,128,5,3
91,2012-07-08,129,5,3
91,2012-07-17,130,5,3
91,2012-07-19,131,5,3
12,2012-06-22,33,5,4
12,2012-06-27,34,5,4
12,2012-06-29,35,5,4
12,2012-07-08,36,5,4
12,2012-07-10,37,5,4
12,2012-07-17,38,5,4
42,2012-06-22,73,5,4
42,2012-06-25,74,5,4
42,2012-07-08,75,5,4
42,2012-07-10,76,5,4
42,2012-07-14,77,5,4
42,2012-07-17,78,5,4
53,2012-06-22,85,5,4
53,2012-06-29,86,5,4
53,2012-07-08,87,5,4
53,2012-07-10,88,5,4
53,2012-07-19,89,5,4
71,2012-06-22,107,5,4
71,2012-06-27,108,5,4
71,2012-06-29,109,5,4
71,2012-07-05,110,5,4
71,2012-07-08,111,5,4
71,2012-07-14,112,5,4
71,2012-07-17,113,5,4
83,2012-06-29,124,5,4
83,2012-07-14,125,5,4
