repeat,fold,method,n,response,rmse_db,bias_db,centered_rmse_db,centered_skill,variance_ratio
1,1,ridge,28,HH,3.376725980940236,1.0401945148654508,3.2125182834655788,0.002134613392747009,9.961136359141962e-06
1,1,ridge,28,VV,3.888992824584361,0.5069638072562215,3.8558076829376384,0.0020500856143433888,1.2293708879122087e-05
1,1,ridge,28,common,3.5370412014464683,0.7735791610608366,3.451410688733273,0.0023424777424519982,1.1491812123780286e-05
1,1,ridge,28,differential,1.7350634677530945,-0.5332307076092294,1.6510936525812083,-0.002442135739176843,8.63515710698398e-06
1,1,ridge_vwc,28,HH,3.3771944284281528,1.0401440458520503,3.2130270106683962,0.001818548912119966,9.580590920035543e-06
1,1,ridge_vwc,28,VV,3.8901585980376368,0.5067583436472398,3.8570104872854643,0.0014273752433193732,1.1853804036551417e-05
1,1,ridge_vwc,28,common,3.538007290562197,0.7734511947496454,3.4524294109237923,0.0017534514343472418,1.0903006339592334e-05
1,1,ridge_vwc,28,differential,1.734234672211233,-0.5333857022048105,1.6501725943013001,-0.0013240282406299375,1.1261829980328173e-05
1,1,training_mean,28,HH,3.381307901114195,1.0444579840013666,3.2159525248039786,2.220446049250313e-16,3.0509926903203294e-31
1,1,training_mean,28,VV,3.893751623184555,0.51332938818058,3.8597661382890163,0.0,0.0
1,1,training_mean,28,common,3.542157644987379,0.7788936860909734,3.4554602309547935,-2.220446049250313e-16,2.3784341741406168e-30
1,1,training_mean,28,differential,1.7325029646754226,-0.5311285958207863,1.6490812403609982,0.0,0.0
1,2,ridge,27,HH,2.530265588682977,0.01842813085502714,2.530198481002311,-0.280290441849929,0.04751388106757236
1,2,ridge,27,VV,3.640610428422456,-0.5128843643492539,3.6043021405459887,-0.3044451335928513,0.04678166174132329
1,2,ridge,27,common,2.9255460729428706,-0.24722811674711348,2.9150811452172523,-0.3327515675704533,0.05315624385738034
1,2,ridge,27,differential,2.2532858633509636,-0.5313124952042811,2.1897498063516525,-0.08618876106784734,0.01161227120243183
1,2,ridge_vwc,27,HH,2.2440469364679165,0.06935510406112781,2.2429749268798598,-0.006116241047418036,4.042152250540946e-05
1,2,ridge_vwc,27,VV,3.181306318945933,-0.3268525943233984,3.164471089542356,-0.005508397731941228,4.1244473269201776e-05
1,2,ridge_vwc,27,common,2.5369381448233743,-0.12874874513113532,2.5336690611220365,-0.006810373613593823,4.5834307871196766e-05
1,2,ridge_vwc,27,differential,2.137449997879079,-0.3962076983845262,2.100407568348132,0.0006365528942644527,1.2863087845158844e-05
1,2,training_mean,27,HH,2.23738545093552,0.07443452612180315,2.2361469444960376,0.0,2.524176610388084e-30
1,2,training_mean,27,VV,3.1716016025811924,-0.31628734851577645,3.155791349038217,0.0,1.2673712576041855e-30
1,2,training_mean,27,common,2.527979190471991,-0.12092641119698674,2.52508526401277,-2.220446049250313e-16,4.948896031534692e-31
1,2,training_mean,27,differential,2.1370974739747775,-0.3907218746375796,2.1010763979325144,0.0,0.0
1,3,ridge,27,HH,2.6213481832230365,-0.7568923893291641,2.509697234461222,0.004818817651417562,1.0726807242445298e-05
1,3,ridge,27,VV,3.921920886216086,-1.0941959144669864,3.766191542991637,0.0028902851356223946,3.3083577427638685e-06
1,3,ridge,27,common,3.1899675871560595,-0.9255441518980752,3.0527465060161028,0.0039491570468760395,6.048101719574385e-06
1,3,ridge,27,differential,1.9499452921619036,-0.3373035251378222,1.9205501749118583,-0.0012401912920068092,9.656024056195528e-07
1,3,ridge_vwc,27,HH,2.6213015934508856,-0.7569208191341318,2.5096399975672736,0.004864209923820417,1.0934594471078186e-05
1,3,ridge_vwc,27,VV,3.9203281860869317,-1.0950912445660776,3.7642726060558327,0.003906114090129198,8.366661361465405e-06
1,3,ridge_vwc,27,common,3.1891515097635383,-0.9260060318501048,3.0517536239356344,0.0045969672763261915,9.173618132074655e-06
1,3,ridge_vwc,27,differential,1.9487536663219858,-0.338170425431946,1.9191877488579794,0.00017985166560019472,8.992369325939509e-06
1,3,training_mean,27,HH,2.626779975206932,-0.7555753783932702,2.5157660633918244,0.0,4.9856285217214105e-31
1,3,training_mean,27,VV,3.9269484276522375,-1.093439528036973,3.7716460533786385,0.0,2.2181890899130597e-31
1,3,training_mean,27,common,3.1954537088142683,-0.9245074532151207,3.058792306470734,0.0,0.0
1,3,training_mean,27,differential,1.9488705350734736,-0.3378641496437031,1.9193603566977995,1.1102230246251565e-16,1.3383429330769282e-32
1,4,ridge,26,HH,2.745595603742374,-0.5392823127833851,2.692112517412386,0.0031671153256597195,7.192139405888282e-06
1,4,ridge,26,VV,3.746607763834702,0.4373815133381655,3.7209900762856765,0.002660394152884882,6.783850344792906e-06
1,4,ridge,26,common,3.0370687220177057,-0.05095039972260981,3.036641315504083,0.003209359795710909,7.5726227099517265e-06
1,4,ridge,26,differential,2.501116594962896,0.9766638261215506,2.3025446776000686,0.0002191837207340397,2.3993554285420112e-06
1,4,ridge_vwc,26,HH,2.745515759933602,-0.5391487483297623,2.692057840243822,0.003207606535310936,7.4952589060628895e-06
1,4,ridge_vwc,26,VV,3.742820843075749,0.4396593419077319,3.7169083290330853,0.004847261265302771,1.590953851134201e-05
1,4,ridge_vwc,26,common,3.03550676427621,-0.049744703211015415,3.0350991384910433,0.004221555249305897,1.2272340729464604e-05
1,4,ridge_vwc,26,differential,2.4971832209402622,0.9788080902374943,2.2973590841292557,0.004717353879302499,1.8217181661789224e-05
1,4,training_mean,26,HH,2.748680024613444,-0.5336155648240121,2.696385785952469,1.1102230246251565e-16,4.340066328047035e-31
1,4,training_mean,26,VV,3.7520053262704787,0.44141065351236397,3.725949624367972,-2.220446049250313e-16,2.2729321268569705e-31
1,4,training_mean,26,common,3.04187529616335,-0.04610245565582408,3.0415259132533086,-2.220446049250313e-16,3.4109659421346786e-31
1,4,training_mean,26,differential,2.5007099836859403,0.9750262183363763,2.302797059244084,0.0,0.0
1,5,ridge,24,HH,2.465181485277499,0.7584597417762146,2.345604096061339,-0.1982959887952933,0.05514810630892612
1,5,ridge,24,VV,3.2180390312669203,1.1919376782450197,2.9891570346733563,-0.15513830787525973,0.055346261420532006
1,5,ridge,24,common,2.768359616223951,0.9751987100106172,2.5909076480517887,-0.17910250457026633,0.058589170308399594
1,5,ridge,24,differential,1.4867851442848534,0.433477936468805,1.4221908957171956,-0.07567466516417398,0.015103911963255195
1,5,ridge_vwc,24,HH,2.480294459071161,0.7508946320283943,2.3638988673989507,-0.2170613419940577,0.0692389615395931
1,5,ridge_vwc,24,VV,3.191011334577557,1.147856227311406,2.977411529974462,-0.14607821097023233,0.20594850959856095
1,5,ridge_vwc,24,common,2.7822006409807836,0.9493754296699004,2.6152106416525944,-0.20132646729799153,0.1379177681041821
1,5,ridge_vwc,24,differential,1.3062412700215644,0.3969615952830115,1.244462834872105,0.17637596040093984,0.3622286366560284
1,5,training_mean,24,HH,2.1472576424838694,0.13897267107741293,2.1427556976704074,-2.220446049250313e-16,6.872505684970462e-31
1,5,training_mean,24,VV,2.8250521177154484,0.4958459705112203,2.781196908048103,0.0,0.0
1,5,training_mean,24,common,2.4070509863097875,0.3174093207943167,2.386031385746594,0.0,0.0
1,5,training_mean,24,differential,1.4169304496862825,0.35687329943380736,1.3712524739811407,0.0,0.0
