method,component,n,bias_db,rmse_db,centered_rmse_db,centered_skill,variance_ratio
I2EM,common,138,-5.220536763162985,6.555041217380862,3.964159591392065,-0.02105221321362083,0.3462228501398448
I2EM,differential,138,6.495376710671979,6.751503309488188,1.8419767437429917,0.17657049951593828,0.0745417380177911
SPM,common,138,-5.182460207685263,6.523512198195807,3.9621102452819623,-0.01999678219099965,0.34022321676121614
SPM,differential,138,6.825339915090409,7.071361318781444,1.8490229701742802,0.1702586193702743,0.0902349721166811
Source mean,common,138,3.0585620530504896,4.974470608216058,3.923079912472471,-2.220446049250313e-16,2.0502466713722557e-31
Source mean,differential,138,2.189218940940059,2.9854820623076717,2.029882650053976,0.0,0.0
Source Ridge,common,138,3.241180755714819,5.131182547007214,3.9779117184139903,-0.02814879721436503,0.017229590617478977
Source Ridge,differential,138,2.231361946016685,3.0290183300925086,2.048408140460548,-0.01833606074145866,0.00540297761133935
Scratch,common,138,3.0585620530504882,4.974470608216056,3.923079912472471,-2.220446049250313e-16,8.394125864676263e-31
Scratch,differential,138,3.6010985917666005,4.130761624170665,2.0236799470513307,0.006102053453264311,0.0008743015826423843
SPM only,common,138,3.058562053050488,4.974470608216056,3.9230799124724705,0.0,8.854688522738145e-31
SPM only,differential,138,2.535580223560064,3.5391977400919226,2.4691604997170327,-0.47964243611452506,0.16992513703492396
I2EM only,common,138,3.0585620530504882,4.974470608216056,3.923079912472471,-2.220446049250313e-16,8.11184552586414e-31
I2EM only,differential,138,2.4766581801220426,3.4855007375956135,2.452525157998209,-0.45977216760974793,0.16534842746037418
SPM to I2EM,common,138,3.0585620530504882,4.974470608216056,3.923079912472471,-2.220446049250313e-16,8.527837604113583e-31
SPM to I2EM,differential,138,2.461726904903394,3.4815777838446813,2.4619676095829526,-0.4710343252980129,0.1709816839672567
Risk-controlled transfer,common,138,3.0585620530504882,4.974470608216056,3.923079912472471,-2.220446049250313e-16,8.290127845113904e-31
Risk-controlled transfer,differential,138,2.1987132837564487,3.0003758631618065,2.041547260309418,-0.011525912869261967,0.0002654486975484426
