split_repeat,requested_fraction,full_adaptation_rows,common_adaptation_rows,full_adaptation_fields,common_adaptation_fields
1,0.05,12,6,2,1
1,0.1,19,13,3,2
1,0.2,37,19,6,3
2,0.05,12,6,2,1
2,0.1,18,12,3,2
2,0.2,38,32,6,5
3,0.05,12,12,2,2
3,0.1,19,19,3,3
3,0.2,38,32,6,5
4,0.05,12,12,2,2
4,0.1,18,18,3,3
4,0.2,38,38,6,6
5,0.05,12,12,2,2
5,0.1,16,16,3,3
5,0.2,36,23,6,4
6,0.05,12,12,2,2
6,0.1,19,19,3,3
6,0.2,39,32,6,5
7,0.05,12,6,2,1
7,0.1,18,12,3,2
7,0.2,37,31,6,5
8,0.05,13,13,2,2
8,0.1,19,19,3,3
8,0.2,37,31,6,5
9,0.05,13,13,2,2
9,0.1,20,20,3,3
9,0.2,36,24,6,4
10,0.05,12,12,2,2
10,0.1,19,19,3,3
10,0.2,39,26,6,4
11,0.05,12,12,2,2
11,0.1,18,12,3,2
11,0.2,37,31,6,5
12,0.1,18,6,3,1
12,0.2,38,26,6,4
13,0.05,13,7,2,1
13,0.1,17,11,3,2
13,0.2,37,31,6,5
14,0.2,38,18,6,3
15,0.05,13,6,2,1
15,0.1,19,6,3,1
15,0.2,38,25,6,4
16,0.05,12,6,2,1
16,0.1,19,13,3,2
16,0.2,37,31,6,5
17,0.05,10,10,2,2
17,0.1,17,17,3,3
17,0.2,37,24,6,4
18,0.1,21,7,3,1
18,0.2,41,21,6,3
19,0.05,13,13,2,2
19,0.1,19,13,3,2
19,0.2,38,19,6,3
20,0.05,13,7,2,1
20,0.1,19,13,3,2
20,0.2,40,27,6,4
