path,bytes_match,sha256_match
data/source/smapvex12_portable_source.csv,True,True
data/target/smex02_field_day_model_ready.csv,True,True
data/teachers/i2em_test_requests.csv,True,True
data/teachers/i2em_test_results.csv,True,True
data/teachers/i2em_train_requests.csv,True,True
data/teachers/i2em_train_results.csv,True,True
data/teachers/spm_pretraining.csv,True,True
figures/main/Fig_phase1_physics_teacher_evidence.pdf,True,True
figures/main/Fig_phase1_physics_teacher_evidence.png,True,True
figures/main/Fig_phase2_sample_efficiency.pdf,True,True
figures/main/Fig_phase2_sample_efficiency.png,True,True
figures/main/Fig_phase3_target_domain_evidence.pdf,True,True
figures/main/Fig_phase3_target_domain_evidence.png,True,True
figures/main/Fig_phase4_stage_response_retention.pdf,True,True
figures/main/Fig_phase4_stage_response_retention.png,True,True
figures/main/Fig_phase5_physics_offset_control.pdf,True,True
figures/main/Fig_phase5_physics_offset_control.png,True,True
figures/supplementary/FigS01_spm_angle_loss_scan.pdf,True,True
figures/supplementary/FigS01_spm_angle_loss_scan.png,True,True
figures/supplementary/FigS02_all_centered_controls.pdf,True,True
figures/supplementary/FigS02_all_centered_controls.png,True,True
figures/supplementary/FigS03_dielectric_sensitivity.pdf,True,True
figures/supplementary/FigS03_dielectric_sensitivity.png,True,True
figures/supplementary/FigS04_controlled_mismatch.pdf,True,True
figures/supplementary/FigS04_controlled_mismatch.png,True,True
figures/supplementary/FigS05_smex02_common_cohort.pdf,True,True
figures/supplementary/FigS05_smex02_common_cohort.png,True,True
figures/supplementary/FigS06_teacher_effective_domain.pdf,True,True
figures/supplementary/FigS06_teacher_effective_domain.png,True,True
figures/supplementary/FigS07_i2em_observation_condition_control.pdf,True,True
figures/supplementary/FigS07_i2em_observation_condition_control.png,True,True
README.md,True,True
results/advisor_final/physics_offset_control/adaptation_sample_summary.csv,True,True
results/advisor_final/physics_offset_control/Fig_physics_offset_few_shot_control.pdf,True,True
results/advisor_final/physics_offset_control/Fig_physics_offset_few_shot_control.png,True,True
results/advisor_final/physics_offset_control/heldout_common_predictions.csv,True,True
results/advisor_final/physics_offset_control/metrics_by_split.csv,True,True
results/advisor_final/physics_offset_control/metrics_summary.csv,True,True
results/advisor_final/physics_offset_control/paired_contrasts.csv,True,True
results/advisor_final/physics_offset_control/protocol.json,True,True
results/advisor_final/physics_offset_control/risk_selected_weights.csv,True,True
results/advisor_final/physics_offset_control/split_audit.csv,True,True
results/advisor_final/stage_retention/Fig_i2em_observation_condition_control.pdf,True,True
results/advisor_final/stage_retention/Fig_i2em_observation_condition_control.png,True,True
results/advisor_final/stage_retention/Fig_stage_response_retention.pdf,True,True
results/advisor_final/stage_retention/Fig_stage_response_retention.png,True,True
results/advisor_final/stage_retention/manifest.json,True,True
results/advisor_final/stage_retention/stage_metrics.csv,True,True
results/advisor_final/stage_retention/stage_pairwise_deltas.csv,True,True
results/advisor_final/stage_retention/stage_predictions.csv,True,True
results/common_cohort/manifest.json,True,True
results/common_cohort/metrics.csv,True,True
results/common_cohort/predictions.csv,True,True
results/controlled_mismatch/assignments.json,True,True
results/controlled_mismatch/manifest.json,True,True
results/controlled_mismatch/metrics_by_repeat.csv,True,True
results/controlled_mismatch/summary.csv,True,True
results/cross_domain/few_shot_metrics_by_split.csv,True,True
results/cross_domain/few_shot_metrics_summary.csv,True,True
results/cross_domain/few_shot_summary.json,True,True
results/cross_domain/field_split_assignments.csv,True,True
results/cross_domain/freeze_manifest.json,True,True
results/cross_domain/heldout_predictions.csv,True,True
results/cross_domain/zero_shot_joint_channel_metrics.csv,True,True
results/cross_domain/zero_shot_metrics_by_repeat.csv,True,True
results/cross_domain/zero_shot_predictions.csv,True,True
results/cross_domain/zero_shot_summary.json,True,True
results/diagnostics/calibration_summary.json,True,True
results/diagnostics/data_contract_audit.json,True,True
results/diagnostics/dielectric_original_predictions.json,True,True
results/diagnostics/dielectric_paired_intervals.json,True,True
results/diagnostics/dielectric_protocol.json,True,True
results/diagnostics/dielectric_scores.json,True,True
results/diagnostics/dielectric_unified_predictions.json,True,True
results/diagnostics/response_metrics.csv,True,True
results/diagnostics/response_summary.csv,True,True
results/multifidelity/metrics_by_repeat.csv,True,True
results/multifidelity/metrics_summary.csv,True,True
results/multifidelity/paired_teacher_disagreement.csv,True,True
results/multifidelity/summary.json,True,True
results/multifidelity/test_predictions_ensemble.csv,True,True
results/paper_phases/phase1_summary.json,True,True
results/paper_phases/phase2_summary.json,True,True
results/paper_phases/phase3_summary.json,True,True
results/residual_baselines/manifest.json,True,True
results/residual_baselines/metrics_by_repeat.csv,True,True
results/residual_baselines/paired_comparisons.csv,True,True
results/residual_baselines/summary.csv,True,True
results/sample_efficiency/metrics_by_repeat.csv,True,True
results/sample_efficiency/metrics_summary.csv,True,True
results/sample_efficiency/paired_improvement_summary.csv,True,True
results/sample_efficiency/summary.json,True,True
