repeat,i2em_train_samples,method,rmse_db
1,32,i2em_only,0.5810407129712806
1,32,spm_to_i2em,0.0967987693098607
1,64,i2em_only,0.5319896886081014
1,64,spm_to_i2em,0.062381256258114796
1,128,i2em_only,0.36914019333015086
1,128,spm_to_i2em,0.0476865842633319
1,256,i2em_only,0.25506951737191186
1,256,spm_to_i2em,0.040228878976270546
2,32,i2em_only,0.5651282973095444
2,32,spm_to_i2em,0.07567853159336535
2,64,i2em_only,0.43307263954353387
2,64,spm_to_i2em,0.0515851175238679
2,128,i2em_only,0.41329178889719564
2,128,spm_to_i2em,0.0475908799153754
2,256,i2em_only,0.29524656470122457
2,256,spm_to_i2em,0.05740305979127775
3,32,i2em_only,0.6154254587690797
3,32,spm_to_i2em,0.06823598316908641
3,64,i2em_only,0.516044766962962
3,64,spm_to_i2em,0.057237818330865595
3,128,i2em_only,0.32818977606835514
3,128,spm_to_i2em,0.051633088635219496
3,256,i2em_only,0.22858950105793968
3,256,spm_to_i2em,0.04435552668739225
4,32,i2em_only,0.4047457542035571
4,32,spm_to_i2em,0.0989604174554556
4,64,i2em_only,0.3769192670193857
4,64,spm_to_i2em,0.049243230414634395
4,128,i2em_only,0.3354542470180934
4,128,spm_to_i2em,0.053582158777344596
4,256,i2em_only,0.3003343061483451
4,256,spm_to_i2em,0.05197243291987335
5,32,i2em_only,0.5332895611688233
5,32,spm_to_i2em,0.07027009541082625
5,64,i2em_only,0.45385921875910673
5,64,spm_to_i2em,0.068500378152266
5,128,i2em_only,0.3745942694402449
5,128,spm_to_i2em,0.039696923128097944
5,256,i2em_only,0.2700889138497161
5,256,spm_to_i2em,0.0492453599826829
6,32,i2em_only,0.5706451257428384
6,32,spm_to_i2em,0.07598593710555335
6,64,i2em_only,0.43339627904568856
6,64,spm_to_i2em,0.0604663884991515
6,128,i2em_only,0.3376636603027783
6,128,spm_to_i2em,0.045247580424215256
6,256,i2em_only,0.24695314143716451
6,256,spm_to_i2em,0.04282385956555805
7,32,i2em_only,0.47929844432176555
7,32,spm_to_i2em,0.0601522039192534
7,64,i2em_only,0.49174016093091377
7,64,spm_to_i2em,0.054535123784982806
7,128,i2em_only,0.38233156772551363
7,128,spm_to_i2em,0.04931313969573105
7,256,i2em_only,0.3139063696934714
7,256,spm_to_i2em,0.04720317652901555
8,32,i2em_only,0.5939605654051394
8,32,spm_to_i2em,0.051703996274839445
8,64,i2em_only,0.28349900815704887
8,64,spm_to_i2em,0.04620273033347905
8,128,i2em_only,0.47208327448320087
8,128,spm_to_i2em,0.051361551394651
8,256,i2em_only,0.19739616565564894
8,256,spm_to_i2em,0.044323990180606
9,32,i2em_only,0.5704665107565294
9,32,spm_to_i2em,0.07454238075445625
9,64,i2em_only,0.3980166478120223
9,64,spm_to_i2em,0.0834504507197053
9,128,i2em_only,0.3558291483722354
9,128,spm_to_i2em,0.04044987561062985
9,256,i2em_only,0.24742189200891784
9,256,spm_to_i2em,0.044275942686776204
10,32,i2em_only,0.47112395730513357
10,32,spm_to_i2em,0.0691700552040756
10,64,i2em_only,0.3684324401758795
10,64,spm_to_i2em,0.0592169976717177
10,128,i2em_only,0.37098228206598627
10,128,spm_to_i2em,0.0561858044681218
10,256,i2em_only,0.2699398177084526
10,256,spm_to_i2em,0.04379168495991585
