split_repeat,requested_fraction,actual_fraction,status,planned_adaptation_fields,usable_adaptation_fields,usable_adaptation_rows,all_original_adaptation_rows,test_rows
1,0.05,0.0666666666666666,evaluated,2,1,6,12.0,132
1,0.1,0.1,evaluated,3,2,13,19.0,125
1,0.2,0.2,evaluated,6,3,19,37.0,119
2,0.05,0.0666666666666666,evaluated,2,1,6,12.0,132
2,0.1,0.1,evaluated,3,2,12,18.0,126
2,0.2,0.2,evaluated,6,5,32,38.0,106
3,0.05,0.0666666666666666,evaluated,2,2,12,12.0,126
3,0.1,0.1,evaluated,3,3,19,19.0,119
3,0.2,0.2,evaluated,6,5,32,38.0,106
4,0.05,0.0666666666666666,evaluated,2,2,12,12.0,126
4,0.1,0.1,evaluated,3,3,18,18.0,120
4,0.2,0.2,evaluated,6,6,38,38.0,100
5,0.05,0.0666666666666666,evaluated,2,2,12,12.0,126
5,0.1,0.1,evaluated,3,3,16,16.0,122
5,0.2,0.2,evaluated,6,4,23,36.0,115
6,0.05,0.0666666666666666,evaluated,2,2,12,12.0,126
6,0.1,0.1,evaluated,3,3,19,19.0,119
6,0.2,0.2,evaluated,6,5,32,39.0,106
7,0.05,0.0666666666666666,evaluated,2,1,6,12.0,132
7,0.1,0.1,evaluated,3,2,12,18.0,126
7,0.2,0.2,evaluated,6,5,31,37.0,107
8,0.05,0.0666666666666666,evaluated,2,2,13,13.0,125
8,0.1,0.1,evaluated,3,3,19,19.0,119
8,0.2,0.2,evaluated,6,5,31,37.0,107
9,0.05,0.0666666666666666,evaluated,2,2,13,13.0,125
9,0.1,0.1,evaluated,3,3,20,20.0,118
9,0.2,0.2,evaluated,6,4,24,36.0,114
10,0.05,0.0666666666666666,evaluated,2,2,12,12.0,126
10,0.1,0.1,evaluated,3,3,19,19.0,119
10,0.2,0.2,evaluated,6,4,26,39.0,112
11,0.05,0.0666666666666666,evaluated,2,2,12,12.0,126
11,0.1,0.1,evaluated,3,2,12,18.0,126
11,0.2,0.2,evaluated,6,5,31,37.0,107
12,0.05,,excluded_no_common_valid_adaptation_rows,2,0,0,,138
12,0.1,0.1,evaluated,3,1,6,18.0,132
12,0.2,0.2,evaluated,6,4,26,38.0,112
13,0.05,0.0666666666666666,evaluated,2,1,7,13.0,131
13,0.1,0.1,evaluated,3,2,11,17.0,127
13,0.2,0.2,evaluated,6,5,31,37.0,107
14,0.05,,excluded_no_common_valid_adaptation_rows,2,0,0,,138
14,0.1,,excluded_no_common_valid_adaptation_rows,3,0,0,,138
14,0.2,0.2,evaluated,6,3,18,38.0,120
15,0.05,0.0666666666666666,evaluated,2,1,6,13.0,132
15,0.1,0.1,evaluated,3,1,6,19.0,132
15,0.2,0.2,evaluated,6,4,25,38.0,113
16,0.05,0.0666666666666666,evaluated,2,1,6,12.0,132
16,0.1,0.1,evaluated,3,2,13,19.0,125
16,0.2,0.2,evaluated,6,5,31,37.0,107
17,0.05,0.0666666666666666,evaluated,2,2,10,10.0,128
17,0.1,0.1,evaluated,3,3,17,17.0,121
17,0.2,0.2,evaluated,6,4,24,37.0,114
18,0.05,,excluded_no_common_valid_adaptation_rows,2,0,0,,138
18,0.1,0.1,evaluated,3,1,7,21.0,131
18,0.2,0.2,evaluated,6,3,21,41.0,117
19,0.05,0.0666666666666666,evaluated,2,2,13,13.0,125
19,0.1,0.1,evaluated,3,2,13,19.0,125
19,0.2,0.2,evaluated,6,3,19,38.0,119
20,0.05,0.0666666666666666,evaluated,2,1,7,13.0,131
20,0.1,0.1,evaluated,3,2,13,19.0,125
20,0.2,0.2,evaluated,6,4,27,40.0,111
