campaign_id,acquisition_date,field_id,soil_moisture_m3_m3,soil_real_dielectric,pals_rms_height_cm,pals_correlation_length_cm,sigma0_hh_db,sigma0_vv_db,hh_source_mean,vv_source_mean,hh_source_ridge,vv_source_ridge,hh_scratch,vv_scratch,hh_spm_only,vv_spm_only,hh_i2em_only,vv_i2em_only,hh_spm_to_i2em,vv_spm_to_i2em,hh_risk_spm_to_i2em,vv_risk_spm_to_i2em,hh_ridge_common_risk_spm_to_i2em,vv_ridge_common_risk_spm_to_i2em,i2em_hh_db,i2em_vv_db,spm_hh_db,spm_vv_db,i2em_fixed40_hh_db,i2em_fixed40_vv_db,i2em_actual_hh_db,i2em_actual_vv_db,differential_pretraining_only,differential_i2em_fixed40_teacher,differential_pretraining_only_surrogate,differential_source_finetuned_surrogate,differential_risk_shrunk_surrogate,differential_i2em_actual_angle_control
SMEX02,2002-06-25,WC03,0.159,7.8914166207,0.596,5.561875,-20.353016802301987,-20.40345198030642,-13.686230346282718,-12.92441638178551,-12.973509196654518,-12.022140571100303,-14.391869463407383,-12.218777264660847,-14.142376290495625,-12.468270437572611,-14.128114237401157,-12.482532490667078,-14.126781556248693,-12.48386517181954,-13.703276271614172,-12.90737045645406,-12.895777791457473,-12.099871976297358,-25.1121322879537,-19.6052791377186,-25.100756464685507,-19.438601849677365,-23.2970238310224,-18.7571432659572,-25.1121322879537,-19.6052791377186,4.539563592004048,4.5398805650652,4.539563592004048,1.642916384429153,0.7959058151601113,5.506853150235099
SMEX02,2002-06-27,WC03,0.123,6.240005501099999,0.596,5.561875,-20.50957065025301,-20.99818260842613,-13.686230346282718,-12.92441638178551,-12.958348870049338,-11.986100819335682,-14.38506841629813,-12.225578311770102,-14.376779280380566,-12.233867447687668,-14.34767732783416,-12.262969400234072,-14.33149623255819,-12.279150495510043,-13.7102862110615,-12.900360517006732,-12.877187691719897,-12.067261997665128,-25.7701186989378,-20.6769770287336,-25.74746132307164,-20.50950317864185,-24.0123381650457,-19.8032905831007,-25.7701186989378,-20.6769770287336,4.196706881834062,4.209047581945001,4.196706881834062,2.052345737048146,0.809925694054769,5.093141670204201
SMEX02,2002-07-05,WC03,0.225,11.6400890625,0.596,5.561875,-13.241172090351409,-11.73093617916422,-13.686230346282718,-12.92441638178551,-13.008771808316569,-12.08778312102025,-14.424023336871832,-12.186623391196402,-13.587701189510764,-13.022945538557469,-13.613129125617494,-12.997517602450738,-13.580576112955224,-13.030070615113008,-13.68252078057706,-12.928125947491168,-12.925474881211358,-12.171080048125464,-24.0427687429713,-18.0408746116495,-24.039935709711514,-17.872766397801115,-22.33152112967,-17.3132318009617,-24.0427687429713,-18.0408746116495,5.027587755558481,5.018289328708303,5.027587755558481,0.5505054978422166,0.7543948330858914,6.0018941313218015
SMEX02,2002-07-06,WC03,0.21,10.711281299999998,0.596,5.561875,-13.79830759677947,-13.196596370200137,-13.686230346282718,-12.92441638178551,-12.999961737714017,-12.072910214203215,-14.413428246012472,-12.19721848205576,-13.703315472479428,-12.907331255588804,-13.72484042863526,-12.885806299432971,-13.710584571453545,-12.90006215661469,-13.68787310250523,-12.922773625563002,-12.918985714429734,-12.153886237487503,-24.3294510877424,-18.3803929985747,-24.328580516244955,-18.213801519628667,-22.5187122795627,-17.5960566674086,-24.3294510877424,-18.3803929985747,4.932573781264994,4.922655612154099,4.932573781264994,0.8105224148388555,0.765099476942229,5.9490580891677
SMEX02,2002-07-07,WC03,0.293,16.359560838100002,0.596,5.561875,-13.418587105014897,-11.372366634186127,-13.686230346282718,-12.92441638178551,-13.053981510842082,-12.154903278610917,-14.519737804314513,-12.09090892375372,-13.34758793744129,-13.263058790626944,-13.359929458952786,-13.250717269115446,-13.275508226716756,-13.335138501351476,-13.66831201495916,-12.942334713109071,-12.967431045651548,-12.241453743801458,-23.558299754032,-17.0261348476654,-23.575508057070262,-16.861622790009047,-21.6554646172393,-16.280224516109,-23.558299754032,-17.0261348476654,5.384255479673404,5.375240101130299,5.384255479673404,-0.05963027463472059,0.7259773018500884,6.532164906366599
SMEX02,2002-07-08,WC03,0.252,13.4177532864,0.596,5.561875,-13.801066592842291,-11.508654395940574,-13.686230346282718,-12.92441638178551,-13.02572587060234,-12.114491207999247,-14.450753423346264,-12.159893304721969,-13.442805480753467,-13.167841247314763,-13.460620172513226,-13.150026555555009,-13.398007318060664,-13.212639410007569,-13.674279679946128,-12.936367048122104,-12.93906485521281,-12.201152223388783,-23.9191597703747,-17.6326500414165,-23.929357412840023,-17.467551711793462,-22.0326237909925,-16.8587525307689,-23.9191597703747,-17.6326500414165,5.182470397353114,5.173871260223599,5.182470397353114,0.18536790805309522,0.7379126318240239,6.286509728958201
SMEX02,2002-06-25,WC04,0.187,9.3730171299,1.104,9.5211875,-20.10332241735227,-21.907755618818552,-13.686230346282718,-12.92441638178551,-14.392854156097377,-13.898017105970336,-14.386405642161224,-12.224241085907009,-13.365652993532589,-13.244993734535646,-13.354265113737052,-13.25638161433118,-13.293768471770582,-13.31687825629765,-13.669724189684544,-12.940922538383688,-14.509836456684289,-13.781034805383433,-20.3567798153885,-15.1867977093502,-20.81106727818053,-14.85740350120308,-18.5343864320717,-14.256687720014,-20.3567798153885,-15.1867977093502,4.289060357946309,4.277698712057699,4.289060357946309,-0.02310978452706891,0.7288016513008557,5.169982106038299
SMEX02,2002-06-27,WC04,0.157,7.792033206899999,1.104,9.5211875,-19.244180822629925,-20.648764488743645,-13.686230346282718,-12.92441638178551,-14.378099241147572,-13.868106204521425,-14.378337043404338,-12.232309684663893,-13.406032355734254,-13.204614372333978,-13.403618953192671,-13.20702777487556,-13.315079037867813,-13.29556769020042,-13.670146295384432,-12.9405004326838,-14.48792565418482,-13.758279791484185,-20.7650939574333,-15.8814934091827,-21.15766559055844,-15.56146677087792,-19.0573300543192,-14.9753687119215,-20.7650939574333,-15.8814934091827,4.087894401902804,4.0819613423976975,4.087894401902804,0.019511347667393153,0.7296458627006324,4.883600548250602
SMEX02,2002-07-05,WC04,0.163,8.092805705099998,1.104,9.5211875,-13.314716088847106,-16.33562992684544,-13.686230346282718,-12.92441638178551,-14.380890466286145,-13.874097589694957,-14.379666121313514,-12.230980606754718,-13.396296161416409,-13.214350566651826,-13.391753043428317,-13.218893684639918,-13.307602564664482,-13.30304416340375,-13.669818548880468,-12.940828179187765,-14.491989212836904,-13.762998843144198,-20.5448501343881,-15.6649882789432,-20.93008013000858,-15.337184656293532,-18.9450041535031,-14.8216039348234,-20.5448501343881,-15.6649882789432,4.131293868667372,4.1234002186796985,4.131293868667372,0.0045584012607307045,0.7289903696927027,4.879861855444899
SMEX02,2002-07-06,WC04,0.16,7.941436799999999,1.104,9.5211875,-11.87057425035103,-15.916903214238392,-13.686230346282718,-12.92441638178551,-14.37948467580605,-13.871102483536244,-14.37898541967183,-12.231661308396404,-13.401048485950923,-13.209598242117307,-13.397544995121203,-13.213101732947024,-13.311152643111134,-13.299494084957098,-13.669969245204571,-12.94067748286366,-14.489939460841606,-13.760647698500696,-20.6864074122239,-15.7890232474557,-21.080233439538915,-15.466500816497032,-19.000655762085,-14.8978278342173,-20.6864074122239,-15.7890232474557,4.109808639354217,4.1028279278677005,4.109808639354217,0.011658558154035603,0.7292917623409121,4.8973841647682
SMEX02,2002-07-07,WC04,0.191,9.5980902943,1.104,9.5211875,-12.98907578865373,-16.144758710048464,-13.686230346282718,-12.92441638178551,-14.394969335338336,-13.901996706965477,-14.387778579745724,-12.222868148322508,-13.36165843310523,-13.248988294963004,-13.349340442578727,-13.261306285489502,-13.294005812550951,-13.31664091551728,-13.6699118686661,-12.940734859402133,-14.513071525783891,-13.783894516519922,-20.1265286325357,-15.0123644844141,-20.5596203739049,-14.674016187462913,-18.4715361701301,-14.1698320073704,-20.1265286325357,-15.0123644844141,4.313213705752879,4.3017041627597,4.313213705752879,-0.02263510296632809,0.7291770092639673,5.114164148121599
SMEX02,2002-07-08,WC04,0.166,8.246127496800002,1.104,9.5211875,-13.642230318720156,-16.96782165269326,-13.686230346282718,-12.92441638178551,-14.382316483891112,-13.877091530412772,-14.380380157268617,-12.230266570799616,-13.391767207096851,-13.21887952097138,-13.386231525154434,-13.224415202913798,-13.304436388097375,-13.306210339970855,-13.669695523108093,-12.94095120496014,-14.494076166225923,-13.765331848077969,-20.5484067548479,-15.6168142356189,-20.94701231595222,-15.290091407560285,-18.8903567450653,-14.7466762447074,-20.5484067548479,-15.6168142356189,4.152357636003755,4.143680500357901,4.152357636003755,-0.0017739518734796178,0.7287443181479532,4.9315925192289995
SMEX02,2002-06-25,WC06,0.139,6.9375790227000005,0.6948125,8.287875,-18.834668696974013,-18.76111843408568,-13.686230346282718,-12.92441638178551,-13.345685861700264,-12.478240113781574,-14.380952067735151,-12.22969466033308,-14.035838350091064,-12.574808377977169,-13.995341322278694,-12.61530540578954,-14.040250420470548,-12.570396307597685,-13.700631129556829,-12.910015598511404,-13.307270753263634,-12.516655222218208,-24.7624769004003,-19.7154988172089,-24.8377288893378,-19.547044219995456,-23.1614031897659,-18.8790554031717,-24.7624769004003,-19.7154988172089,4.279409093648546,4.2823477865941975,4.279409093648546,1.4698541128728628,0.7906155310454253,5.0469780831914015
SMEX02,2002-06-27,WC06,0.117,5.9938502829,0.6948125,8.287875,-20.38375773320379,-19.73573381194751,-13.686230346282718,-12.92441638178551,-13.33709929495715,-12.456176751766357,-14.37909744115296,-12.231549286915271,-14.201734134666372,-12.408912593401862,-14.17251037235071,-12.438136355717525,-14.190883895841225,-12.419762832227008,-13.706116997295291,-12.90452973077294,-13.297431656622935,-12.49584439010058,-25.3536424509412,-20.4863068353272,-25.42172818275604,-20.323398595108152,-23.6406187004044,-19.5619447925898,-25.3536424509412,-20.4863068353272,4.070437387656917,4.078673907814601,4.070437387656917,1.771121063614217,0.8015872665223522,4.867335615614003
SMEX02,2002-07-01,WC06,0.108,5.640724089599999,0.6948125,8.287875,-17.145502779900013,-17.41792911962384,-13.686230346282718,-12.92441638178551,-13.333927834543736,-12.447131170277617,-14.37872552391464,-12.231921204153592,-14.262320039351824,-12.348326688716408,-14.238996084272452,-12.371650643795782,-14.24552472725297,-12.365122000815262,-13.708078070209382,-12.90256865785885,-13.29328420858594,-12.487774796235408,-25.3597204507498,-20.6903703302694,-25.409755977241826,-20.52495171117165,-23.8549213999814,-19.864712940746,-25.3597204507498,-20.6903703302694,3.985708816648777,3.990208459235401,3.985708816648777,1.8804027264377083,0.8055094123505313,4.669350120480402
SMEX02,2002-07-05,WC06,0.188,9.4289776576,0.6948125,8.287875,-10.688898180713917,-11.153723954425896,-13.686230346282718,-12.92441638178551,-13.368844312465052,-12.527148818464918,-14.391516904290688,-12.219129823777545,-13.625718624367233,-12.984928103701,-13.596966873272596,-13.013679854795637,-13.626387076897451,-12.984259651170785,-13.68410457256125,-12.926542155506985,-13.326777773992124,-12.569215356937852,-24.0352946526542,-18.4748872229982,-24.14593893765849,-18.30289837752036,-22.2981619934974,-17.6283540512806,-24.0352946526542,-18.4748872229982,4.679922854922826,4.669807942216799,4.679922854922826,0.6421274257266667,0.757562417054265,5.560407429656003
SMEX02,2002-07-06,WC06,0.184,9.2063730432,0.6948125,8.287875,-12.02900759389793,-12.202872517390295,-13.686230346282718,-12.92441638178551,-13.366754701359556,-12.523167744292012,-14.390217717855007,-12.220429010213223,-13.656241214369553,-12.95440551369868,-13.625354310497707,-12.985292417570523,-13.661104048013712,-12.94954268005452,-13.685592814850418,-12.925053913217818,-13.325230673642086,-12.564691772009486,-24.1416431471942,-18.5903250860545,-24.25317891600321,-18.419601651456293,-22.3593583354638,-17.7178927941137,-24.1416431471942,-18.5903250860545,4.651492592243597,4.641465541350101,4.651492592243597,0.7115613679591917,0.7605389016326001,5.5513180611397
SMEX02,2002-07-07,WC06,0.213,10.8935761101,0.6948125,8.287875,-12.01797642179098,-11.756843899409176,-13.686230346282718,-12.92441638178551,-13.382663793587458,-12.551986776471283,-14.402130355889868,-12.208516372178366,-13.47200533027006,-13.138641397798173,-13.452144219464913,-13.15850250860332,-13.43757278726538,-13.173073940802851,-13.675664097120428,-12.934982630947804,-13.337666018115687,-12.59698455194306,-23.7476973556673,-17.9624482331968,-23.87431058835221,-17.78916035221348,-21.9472139792444,-17.1122877136162,-23.7476973556673,-17.9624482331968,4.843816045396745,4.834926265628198,4.843816045396745,0.2644988464625282,0.7406814661726244,5.7852491224705
SMEX02,2002-07-08,WC06,0.205,10.4113699125,0.6948125,8.287875,-11.58283785639622,-12.25029008246372,-13.686230346282718,-12.92441638178551,-13.378101373341227,-12.544046707124007,-14.398213948203075,-12.212432779865155,-13.51363766666462,-13.097009061403613,-13.491974783044038,-13.118671945024197,-13.491030189071305,-13.119616538996928,-13.67811217733841,-12.932534550729825,-13.33386285353691,-12.588285226928324,-23.7943980546337,-18.1000885051063,-23.913420268277527,-17.926446874005705,-22.0538936960981,-17.2696242325735,-23.7943980546337,-18.1000885051063,4.793723397306055,4.784269463524602,4.793723397306055,0.371413650074377,0.7455776266085845,5.6943095495274
SMEX02,2002-06-25,WC09,0.153,7.5959070441,0.8855625,8.092625,-22.018140621228163,-21.93963055698514,-13.686230346282718,-12.92441638178551,-13.786988523374998,-13.08583090529449,-14.37331319337402,-12.237333534694214,-13.608277288650438,-13.002369439417794,-13.560379211566492,-13.05026751650174,-13.562629180325612,-13.04801754774262,-13.681685597366757,-12.92896113070148,-13.81277194766738,-13.060047481002108,-21.8554827398874,-17.0236002524544,-21.984858840518505,-16.754728290960628,-20.6816422245502,-16.4157953470846,-21.8554827398874,-17.0236002524544,4.259870795166728,4.265846877465599,4.259870795166728,0.5146116325829908,0.7527244666652777,4.831882487432999
SMEX02,2002-06-27,WC09,0.12,6.1158624,0.8855625,8.092625,-21.500419033782823,-21.672740523177207,-13.686230346282718,-12.92441638178551,-13.773441113129014,-13.052774325566896,-14.36957718143868,-12.241069546629552,-13.818809302256929,-12.791837425811304,-13.777470222616202,-12.83317650545203,-13.799060426016016,-12.811586302052216,-13.69262723583492,-12.91801949223331,-13.80041159114876,-13.025803847547149,-23.0767064490075,-18.3095667999883,-23.22507211109876,-18.066575830927164,-21.3751247440723,-17.3907272721847,-23.0767064490075,-18.3095667999883,3.9638158623072206,3.984397471887597,3.9638158623072206,0.9874741239637999,0.7746077436016101,4.7671396490191995
SMEX02,2002-07-01,WC09,0.108,5.640724089599999,0.8855625,8.092625,-19.7938690068258,-19.843702719644327,-13.686230346282718,-12.92441638178551,-13.769167926699364,-13.040716118417157,-14.368929509272483,-12.241717218795747,-13.900109196725197,-12.710537531343038,-13.86867868418448,-12.741968043883752,-13.88371555415748,-12.72693117391075,-13.696300978818348,-12.914345749249884,-13.795919637342491,-13.013964407774033,-23.0311389321922,-18.5456393616378,-23.13583331653252,-18.295623789622454,-21.6623195298612,-17.7899945500997,-23.0311389321922,-18.5456393616378,3.8519766540169824,3.872324979761501,3.8519766540169824,1.1567843802467301,0.7819552295684637,4.485499570554399
SMEX02,2002-07-05,WC09,0.203,10.2927857491,0.8855625,8.092625,-15.39950716769026,-11.627627775254064,-13.686230346282718,-12.92441638178551,-13.812221237738475,-13.135645463832908,-14.38676265896486,-12.223884069103374,-13.407136654999627,-13.203510073068603,-13.37243585238016,-13.238210875688072,-13.327614008490134,-13.2830327195781,-13.670254183653082,-12.94039254441515,-13.838864170404658,-13.109002531166729,-21.4474115512436,-16.0096823438384,-21.657541285907943,-15.742722915192548,-19.8628036760079,-15.244890281232,-21.4474115512436,-16.0096823438384,4.615082345838291,4.617913394775901,4.615082345838291,0.044581288912032946,0.7298616392379316,5.4377292074052015
SMEX02,2002-07-06,WC09,0.197,9.9418138909,0.8855625,8.092625,-15.759411133985,-14.383796247679046,-13.686230346282718,-12.92441638178551,-13.80891007010877,-13.129684036562193,-14.3844788000741,-12.22616792799413,-13.422702249800077,-13.187944478268156,-13.38672269229665,-13.223924035771583,-13.344680730148664,-13.265965997919569,-13.671062518276528,-12.939584209791708,-13.835036207577897,-13.103557899093072,-21.7887968571972,-16.2598318834221,-22.0211826590465,-16.00177544834372,-19.9485352100374,-15.3684818610679,-21.7887968571972,-16.2598318834221,4.577773145843206,4.580053348969498,4.577773145843206,0.07871473222909486,0.7314783084848209,5.528964973775103
SMEX02,2002-07-07,WC09,0.25,13.2815625,0.8855625,8.092625,-14.910081306830245,-12.582592031601438,-13.686230346282718,-12.92441638178551,-13.840639322201236,-13.18220038399068,-14.414372059256326,-12.196274668811906,-13.338713768318026,-13.271932959750206,-13.311240638947364,-13.299406089120868,-13.272114159689028,-13.338532568379204,-13.6684741334953,-12.942172594572927,-13.874570622557147,-13.148269083634776,-20.8288030215824,-15.1142184794083,-21.065380776482627,-14.83796743793669,-19.2852865715567,-14.4062919266803,-20.8288030215824,-15.1142184794083,4.874039948818643,4.8789946448764,4.874039948818643,-0.06641840869017557,0.7263015389223728,5.714584542174098
SMEX02,2002-07-08,WC09,0.207,10.5307447119,0.8855625,8.092625,-16.10287011111347,-12.953582678083528,-13.686230346282718,-12.92441638178551,-13.814469882308876,-13.139617374859563,-14.388412441187546,-12.222234286880688,-13.39785281780251,-13.212793910265722,-13.363920889199722,-13.24672583886851,-13.317688251603125,-13.292958476465108,-13.66979216482871,-12.940854563239526,-13.841512429378817,-13.112574827789633,-21.4156952914955,-15.937092138484,-21.631192679377488,-15.670087187254982,-19.8073187775737,-15.1647785469037,-21.4156952914955,-15.937092138484,4.639333103801168,4.642540230669999,4.639333103801168,0.024729775138016663,0.728937601589184,5.4786031530115
SMEX02,2002-06-25,WC10,0.112,5.7952660224,0.84175,12.2933125,-21.551337319558183,-23.293151196204622,-13.686230346282718,-12.92441638178551,-13.89918428296313,-13.156253803528893,-14.38772044085835,-12.222926287209882,-13.774243515506274,-12.836403212561958,-13.750038549279386,-12.860608178788846,-13.885382172417897,-12.725264555650336,-13.69384255783981,-12.916804170228426,-13.916238237051704,-13.13919984944032,-25.1840155459614,-20.4390959657516,-25.417234879422704,-20.29203914669856,-23.2747898692719,-19.3564056869804,-25.1840155459614,-20.4390959657516,3.8968969447471657,3.9183841822915007,3.8968969447471657,1.160117616767561,0.777038387611384,4.7449195802098
SMEX02,2002-06-27,WC10,0.095,5.1653893375,0.84175,12.2933125,-19.51951433123102,-21.85416236188373,-13.686230346282718,-12.92441638178551,-13.893578420501246,-13.13914554112823,-14.3878826581935,-12.222764069874732,-13.904212185335444,-12.706434542732788,-13.907844073328931,-12.7028026547393,-14.02723727135521,-12.583409456713024,-13.699274772134912,-12.91137195593332,-13.910313388915537,-13.12241057271394,-25.4166228973627,-20.9441772348099,-25.610343453953107,-20.80037837450543,-23.7092922913162,-19.9492475907199,-25.4166228973627,-20.9441772348099,3.7480380797164754,3.7600447005963,3.7480380797164754,1.4438278146421855,0.7879028162015906,4.472445662552801
SMEX02,2002-07-05,WC10,0.237,12.4137395349,0.84175,12.2933125,-12.76579631080836,-13.74544514209716,-13.686230346282718,-12.92441638178551,-13.96098459885275,-13.280864035260487,-14.42630908746304,-12.184337640605191,-13.334101677790697,-13.276545050277536,-13.322780002909818,-13.287866725158414,-13.29044389498964,-13.320202833078593,-13.669142116334909,-12.941504611733324,-13.984743069357412,-13.257105564755827,-22.8364142889994,-17.1685607220268,-23.181058005251845,-16.978288670958275,-21.1199372078614,-16.3311412562232,-22.8364142889994,-17.1685607220268,4.781869570567916,4.7887959516382,4.781869570567916,-0.029758938088953357,0.727637504601585,5.6678535669726
SMEX02,2002-07-06,WC10,0.214,10.9547296152,0.84175,12.2933125,-13.73940617444828,-14.79348953399316,-13.686230346282718,-12.92441638178551,-13.947114987347472,-13.258079702056827,-14.410716792127625,-12.199929935940608,-13.34746935997747,-13.263177368090762,-13.331894020576422,-13.27875270749181,-13.286471345373906,-13.324175382694326,-13.668319010423916,-12.942327717644318,-13.965592991091953,-13.239601698312356,-23.3039047275867,-17.6861992531649,-23.647271751147898,-17.504989484731706,-21.4061645594872,-16.7411305054609,-23.3039047275867,-17.6861992531649,4.657290795613809,4.665034054026297,4.657290795613809,-0.03770403732042027,0.7259912927795984,5.6177054744218005
SMEX02,2002-07-07,WC10,0.259,13.8999418107,0.84175,12.2933125,-11.90038698755979,-12.739964832609775,-13.686230346282718,-12.92441638178551,-13.97518986355703,-13.302603660688767,-14.448144676437153,-12.16250205163108,-13.36275559987496,-13.247891128193274,-13.339175175533502,-13.271471552534727,-13.381680823408454,-13.228965904659782,-13.675141587665625,-12.935505140402608,-14.008714985754406,-13.26907853849139,-22.7249215726603,-16.8638009862683,-23.097973982565065,-16.67163464464314,-20.8787262062407,-15.9837199773933,-22.7249215726603,-16.8638009862683,4.889045893657572,4.8950062288474,4.889045893657572,0.15271491874867138,0.7396364472630168,5.861120586392001
SMEX02,2002-07-08,WC10,0.236,12.3482515648,0.84175,12.2933125,-13.67185749846908,-13.79277383946248,-13.686230346282718,-12.92441638178551,-13.960360310736087,-13.279874637118647,-14.425494217276189,-12.185152510792046,-13.33414380930339,-13.276502918764844,-13.322716870871435,-13.287929857196795,-13.288577839198876,-13.322068888869357,-13.669005968678604,-12.941640759389628,-13.98380007857186,-13.256434869282884,-22.8378361797639,-17.1813049741442,-23.18074943378235,-16.991041129178704,-21.1316177972409,-16.3479207468815,-22.8378361797639,-17.1813049741442,4.776725387359417,4.7836970503594,4.776725387359417,-0.03349104967048078,0.7273652092889762,5.6565312056197
SMEX02,2002-06-25,WC11,0.141,7.028918949299999,1.0295,7.587666666666666,-18.51692835839176,-18.815266245876032,-13.686230346282718,-12.92441638178551,-14.090518721976276,-13.50041037194994,-14.372086303530889,-12.238560424537342,-13.484888974042182,-13.12575775402605,-13.464947676567288,-13.145699051500944,-13.396263643045438,-13.214383085022794,-13.67386346648279,-12.936783261585443,-14.164004649411783,-13.426924444514436,-21.1818867660618,-16.2871749192317,-21.40861456033638,-15.95059450273343,-19.4388291364573,-15.3789249834692,-21.1818867660618,-16.2871749192317,4.042136073724164,4.0599041529881,4.042136073724164,0.18188055802264458,0.7370802048973459,4.894711846830102
SMEX02,2002-06-27,WC11,0.131,6.581377420300001,1.0295,7.587666666666666,-19.296043563514207,-20.26986543829029,-13.686230346282718,-12.92441638178551,-14.086423356747256,-13.490392655551547,-14.370648369489832,-12.239998358578402,-13.516716840073496,-13.093929887994737,-13.497063834369616,-13.113582893698617,-13.4306534274332,-13.179993300635031,-13.675626728205431,-12.9350199998628,-14.158711370320722,-13.418104641978086,-21.2997686024751,-16.5469678362437,-21.501555670643206,-16.209844536256025,-19.6512982467033,-15.6743281092907,-21.2997686024751,-16.5469678362437,3.95399214365166,3.9769701374125983,3.95399214365166,0.2506601267981683,0.7406067283426321,4.7528007662314025
SMEX02,2002-07-05,WC11,0.185,9.2617143625,1.0295,7.587666666666666,-10.557366836736035,-11.519384509252069,-13.686230346282718,-12.92441638178551,-14.111268711133174,-13.544331005698462,-14.38224243219015,-12.228404295878082,-13.388779311320937,-13.221867416747296,-13.369322217487644,-13.241324510580588,-13.302382593598342,-13.30826413446989,-13.669228746725867,-12.941417981342363,-14.191705241107574,-13.46389447572407,-20.2697967827183,-15.0591590598259,-20.52931099160849,-14.70335108529306,-18.6427085073887,-14.2601977589561,-20.2697967827183,-15.0591590598259,4.3747170191292835,4.382510748432601,4.3747170191292835,-0.005881540871548907,0.727810765383504,5.210637722892399
SMEX02,2002-07-06,WC11,0.164,8.143696595200002,1.0295,7.587666666666666,-11.016663303948937,-12.361756826440406,-13.686230346282718,-12.92441638178551,-14.100822929739966,-13.523400135601417,-14.376528776914956,-12.234117951153276,-13.426482513666816,-13.184164214401417,-13.407001832667143,-13.203644895401087,-13.33632148424184,-13.274325243826391,-13.67081495460051,-12.939831773467722,-14.177603123237088,-13.446619942104295,-20.6516346548671,-15.5948309687975,-20.89313792344793,-15.246597533471007,-18.9962047597467,-14.759242736904,-20.6516346548671,-15.5948309687975,4.227944206678428,4.2369620228427,4.227944206678428,0.061996240415448156,0.7309831811327889,5.056803686069598
SMEX02,2002-07-07,WC11,0.2015,10.204368696137502,1.0295,7.587666666666666,-10.35852724102918,-11.791165955933106,-13.686230346282718,-12.92441638178551,-14.12014118789168,-13.56073836911796,-14.388104675213675,-12.222542052854555,-13.367367891415393,-13.243278836652845,-13.34733117795265,-13.263315550115578,-13.288242818049053,-13.322403910019176,-13.668814704229543,-12.941832023838687,-14.20393111870025,-13.476948438309396,-20.0282214740785,-14.6935674228821,-20.30443459765128,-14.33351647690111,-18.3946906576651,-13.9078780259894,-20.0282214740785,-14.6935674228821,4.477529402707363,4.486812631675702,4.477529402707363,-0.03416109197012318,0.7269826803908561,5.334654051196399
SMEX02,2002-07-08,WC11,0.186,9.3172625448,1.0295,7.587666666666666,-10.957875159277457,-12.876910520271416,-13.686230346282718,-12.92441638178551,-14.111790047378935,-13.545326335692756,-14.382560556077625,-12.228086171990608,-13.38729668225588,-13.223350045812351,-13.36781805521539,-13.242828672852845,-13.301211770139906,-13.309434957928326,-13.669181411852572,-12.94146531621566,-14.192416239354303,-13.46470014371739,-20.2481471481855,-15.0329933419818,-20.50783043475665,-14.676643795898292,-18.6269696886472,-14.2378934538635,-20.2481471481855,-15.0329933419818,4.38122772745294,4.389076234783701,4.38122772745294,-0.00822318778842046,0.7277160956369109,5.215153806203698
SMEX02,2002-06-25,WC13,0.169,8.4013897497,0.6794375,7.847875,-23.76982136444136,-23.15416480387824,-13.686230346282718,-12.92441638178551,-13.299076816062245,-12.433196147800109,-14.386730412711776,-12.223916315356457,-13.827857153669235,-12.782789574398995,-13.794567457262758,-12.816079270805474,-13.838292845980863,-12.772353882087367,-13.692870997881688,-12.917775730186545,-13.253684115778748,-12.478588848083607,-24.5028547205591,-19.0254406138031,-24.59098804729653,-18.85731432873268,-22.6587407340429,-18.1133526476956,-24.5028547205591,-19.0254406138031,4.553726593241888,4.545388086347302,4.553726593241888,1.0659389638934957,0.7750952676951428,5.477414106756001
SMEX02,2002-06-27,WC13,0.159,7.8914166207,0.6794375,7.847875,-23.767586438313355,-23.70337639533933,-13.686230346282718,-12.92441638178551,-13.294334812277876,-12.42321568924336,-14.38452891541607,-12.22611781265216,-13.915168320841753,-12.69547840722648,-13.87886920532443,-12.731777522743805,-13.92291005135333,-12.687736676714902,-13.696151329384676,-12.914495398683556,-13.24960321611118,-12.46794728541006,-24.6184559989394,-19.2634886475718,-24.697985348504016,-19.09532461459535,-22.8332821762544,-18.3673317557407,-24.6184559989394,-19.2634886475718,4.4713280616205795,4.4659504205137,4.4713280616205795,1.2351733746384284,0.7816559307011204,5.354967351367598
SMEX02,2002-07-05,WC13,0.202,10.2337913064,0.6794375,7.847875,-15.879196784795171,-12.569242826918275,-13.686230346282718,-12.92441638178551,-13.316273781420218,-12.466042448469466,-14.397793207426872,-12.21285352064136,-13.56463143993076,-13.046015288137472,-13.547131156922664,-13.063515571145563,-13.552256580525755,-13.058390147542475,-13.680950386474006,-12.929696341594225,-13.266785137384735,-12.515531092504952,-23.9694711715819,-18.2316470021262,-24.07111249844424,-18.060049383211275,-22.1527311925855,-17.3708037470909,-23.9694711715819,-18.2316470021262,4.792100846996088,4.781927445494599,4.792100846996088,0.49386643298328003,0.7512540448797811,5.737824169455703
SMEX02,2002-07-06,WC13,0.208,10.590727449599996,0.6794375,7.847875,-16.823810497466887,-14.059654270745678,-13.686230346282718,-12.92441638178551,-13.319646724443093,-12.47200031638264,-14.400599404423616,-12.210047323644616,-13.526987428536383,-13.083659299531847,-13.511159629283355,-13.099487098784875,-13.5061821977119,-13.104464530356331,-13.67889665912069,-12.931750068947542,-13.269396815499444,-12.522250225326294,-23.9039139768481,-18.1119672549116,-24.00910758665708,-17.94018542573708,-22.0710347293116,-17.2500463211481,-23.9039139768481,-18.1119672549116,4.83077434943573,4.8209884081634975,4.83077434943573,0.4017176673555678,0.7471465901731484,5.7919467219364975
SMEX02,2002-07-07,WC13,0.246,13.0113080088,0.6794375,7.847875,-15.186377496870062,-11.492059844393715,-13.686230346282718,-12.92441638178551,-13.342665749759366,-12.50963800422009,-14.426886139586884,-12.183760588481348,-13.37835845669603,-13.232288271372198,-13.363333895959643,-13.247312832108587,-13.31336794757961,-13.29727878048862,-13.669905464747362,-12.94074126332087,-13.290733977702974,-12.561569776276482,-23.5011968886894,-17.4201871233199,-23.62448814920021,-17.24673527583962,-21.6148501833201,-16.571301533169,-23.5011968886894,-17.4201871233199,5.051652754153148,5.043548650151102,5.051652754153148,0.01608916709099084,0.7291642014264923,6.081009765369501
SMEX02,2002-07-08,WC13,0.219,11.2633906947,0.6794375,7.847875,-16.968779074950604,-13.776907809836626,-13.686230346282718,-12.92441638178551,-13.326019792644356,-12.48291216492248,-14.4065598326977,-12.204086895370532,-13.468716362762793,-13.14193036530544,-13.45431310514935,-13.156333622918885,-13.432073665308875,-13.178573062759355,-13.67551064461674,-12.935136083451493,-13.274653259366044,-12.534278698200795,-23.8927845692106,-17.9486700705029,-24.01087348429406,-17.778410940829563,-21.9285546029106,-17.0388638148962,-23.8927845692106,-17.9486700705029,4.8987008025354175,4.889690788014402,4.8987008025354175,0.25350060254952034,0.7403745611652468,5.944114498707702
SMEX02,2002-06-25,WC14,0.123,6.240005501099999,0.7629375,7.3508125,-22.39869447724999,-23.285559250485544,-13.686230346282718,-12.92441638178551,-13.447058539544134,-12.622467890534391,-14.373405356896512,-12.237241371171718,-14.071729522412053,-12.53891720565618,-14.054643995151414,-12.556002732916818,-14.06191798471692,-12.548728743351312,-13.70162785491315,-12.909018873155082,-13.4310677059183,-12.63845872416023,-23.9625263264534,-19.1156776809211,-24.02638035262894,-18.90507598165012,-22.3841121958659,-18.2825323100534,-23.9625263264534,-19.1156776809211,4.090694730290031,4.101579885812498,4.090694730290031,1.513189241365609,0.7926089817580682,4.846848645532301
SMEX02,2002-06-27,WC14,0.101,5.3796219133,0.7629375,7.3508125,-23.870190262645888,-23.519309002005173,-13.686230346282718,-12.92441638178551,-13.439335224562695,-12.60035478991765,-14.372337336505344,-12.23830939156289,-14.21480873183978,-12.395837996228453,-14.213806142607972,-12.396840585460255,-14.195251082196654,-12.41539564587158,-13.706646348866126,-12.904000379202106,-13.421167992072188,-12.618522022408166,-24.624898806667,-19.9611947579385,-24.682748584209605,-19.75791166901233,-22.9101338958709,-19.0244146695375,-24.624898806667,-19.9611947579385,3.883426934891091,3.8857192263334,3.883426934891091,1.7798554363250734,0.8026459696640202,4.663704048728501
SMEX02,2002-07-01,WC14,0.081,4.7004444753,0.7629375,7.3508125,-20.030063172187763,-20.21125720789472,-13.686230346282718,-12.92441638178551,-13.433380747832064,-12.580190509271382,-14.37231653811061,-12.238330189957622,-14.327545825519172,-12.28310090254906,-14.339083775425536,-12.271562952642697,-14.29962072142637,-12.311026006641862,-13.710547712237975,-12.900099015830255,-13.412009976755588,-12.601561280347864,-25.1144659084845,-20.7107646693232,-25.15433782794766,-20.51039586386112,-23.4427941198853,-19.7659957108114,-25.1144659084845,-20.7107646693232,3.7161047182857594,3.6767984090739,3.7161047182857594,1.988594714784508,0.81044869640772,4.4037012391613
SMEX02,2002-07-05,WC14,0.208,10.590727449599996,0.7629375,7.3508125,-13.3596004727883,-12.539844152802806,-13.686230346282718,-12.92441638178551,-13.487530778314529,-12.707292269438296,-14.39328913679723,-12.217357591271002,-13.47853644846703,-13.132110279601202,-13.453482061206929,-13.157164666861306,-13.42698044013811,-13.183666287930125,-13.674809613260448,-12.935837114807786,-13.466897773102747,-12.727925274650085,-22.6945258089748,-16.9665264476773,-22.825215921804315,-16.750040583903434,-20.8913376627721,-16.1247626154523,-22.6945258089748,-16.9665264476773,4.771310505145398,4.766575047319797,4.771310505145398,0.2433141522079847,0.7389724984526627,5.727999361297499
SMEX02,2002-07-06,WC14,0.195,9.8264290875,0.7629375,7.3508125,-14.618815856070398,-14.40772606117134,-13.686230346282718,-12.92441638178551,-13.480316608509456,-12.694378146854149,-14.38790573535134,-12.222740992716894,-13.545316337885954,-13.065330390182282,-13.51847587380912,-13.092170854259113,-13.5088097587339,-13.101836969334332,-13.678516456073924,-12.932130271994303,-13.460540469721613,-12.714154285641992,-22.8447152985642,-17.2324983502643,-22.96632858464049,-17.016665583683544,-21.0729200806301,-16.3913961182195,-22.8447152985642,-17.2324983502643,4.687832194275669,4.681523962410601,4.687832194275669,0.4069727893995676,0.7463861840796202,5.612216948299899
SMEX02,2002-07-07,WC14,0.22,11.3256984,0.7629375,7.3508125,-13.877407466487956,-12.8790359596784,-13.686230346282718,-12.92441638178551,-13.494495194873808,-12.719195414033887,-14.399403955964868,-12.211242772103365,-13.431035174262934,-13.179611553805298,-13.406592220531916,-13.204054507536316,-13.368177178080831,-13.2424695499874,-13.672123246247065,-12.938523481821168,-13.473645186666795,-12.7400454222409,-22.4361233845432,-16.6789180063733,-22.56443953705286,-16.458835508311633,-20.7356433553326,-15.8952261760915,-22.4361233845432,-16.6789180063733,4.8436328330931335,4.840417179241099,4.8436328330931335,0.12570762809343172,0.7335997644258967,5.7572053781699
SMEX02,2002-07-08,WC14,0.208,10.590727449599996,0.7629375,7.3508125,-13.828368241798,-13.46502448652929,-13.686230346282718,-12.92441638178551,-13.487530778314529,-12.707292269438296,-14.39328913679723,-12.217357591271002,-13.47853644846703,-13.132110279601202,-13.453482061206929,-13.157164666861306,-13.42698044013811,-13.183666287930125,-13.674809613260448,-12.935837114807786,-13.466897773102747,-12.727925274650085,-22.7884662727218,-17.0091626652551,-22.92660869621156,-16.79486456969976,-20.8913376627721,-16.1247626154523,-22.7884662727218,-17.0091626652551,4.771310505145398,4.766575047319797,4.771310505145398,0.2433141522079847,0.7389724984526627,5.779303607466698
SMEX02,2002-06-25,WC15,0.136,6.802280524800001,0.9506428571428572,7.38225,-18.376214624493457,-20.585922814263604,-13.686230346282718,-12.92441638178551,-13.892771232986458,-13.232946805622754,-14.370310320747256,-12.240336407320976,-13.597056536803402,-13.01359019126483,-13.552230291272789,-13.058416436795444,-13.526903437600089,-13.083743290468144,-13.679831344325205,-12.93081538374303,-13.937366999595696,-13.18835103901352,-21.933379833512,-17.009008806956,-22.103779280008283,-16.710249734064732,-20.1837838969461,-16.0982295438489,-21.933379833512,-17.009008806956,4.066152298512462,4.085554353097201,4.066152298512462,0.4431601471319446,0.7490159605821756,4.924371026555999
SMEX02,2002-06-27,WC15,0.122,6.1983884584,0.9506428571428572,7.38225,-19.325623182138653,-21.395078995304733,-13.686230346282718,-12.92441638178551,-13.887272486712316,-13.218908476037411,-14.368742801675754,-12.241903926392478,-13.668651699981888,-12.941995028086344,-13.623272701120934,-12.9873740269473,-13.607788232589163,-13.00285849547907,-13.683722635882685,-12.926924092185548,-13.931489753223437,-13.174691209526296,-22.0318487806802,-17.3498870576938,-22.164086135007924,-17.047227338603246,-20.4915342807766,-16.5288947034188,-22.0318487806802,-17.3498870576938,3.9370594558617698,3.962639577357802,3.9370594558617698,0.6049297371100941,0.756798543697137,4.681961722986401
SMEX02,2002-07-01,WC15,0.098,5.2713945736,0.9506428571428572,7.38225,-16.089676207568054,-19.592278765252185,-13.686230346282718,-12.92441638178551,-13.878967266006285,-13.194778167099798,-14.367147571932897,-12.243499156135336,-13.80510289294811,-12.805543835120124,-13.769315894139192,-12.84133083392904,-13.756320388494952,-12.85432633957328,-13.690633248209895,-12.920013479858335,-13.922182600728826,-13.15156283237726,-22.5458927038781,-18.1559990798229,-22.64370778985283,-17.85810009817393,-21.0794734321399,-17.3434289585361,-22.5458927038781,-18.1559990798229,3.717731487466714,3.7360444736037977,3.717731487466714,0.9019940489216722,0.7706197683515601,4.389893624055198
SMEX02,2002-07-05,WC15,0.175,8.7176859375,0.9506428571428572,7.38225,-11.455000752731738,-14.928014718267736,-13.686230346282718,-12.92441638178551,-13.91050387340593,-13.271914451126875,-14.37783611869755,-12.23281060937068,-13.447989314245088,-13.162657413823146,-13.413918783780485,-13.196727944287748,-13.361298573080584,-13.249348154987649,-13.6717409675939,-12.938905760474332,-13.957626765826188,-13.224791558706618,-21.1196568151448,-15.8835205702848,-21.31795105709727,-15.571451949392133,-19.4515581690644,-15.0616412769227,-21.1196568151448,-15.8835205702848,4.382746432819931,4.389916892141699,4.382746432819931,0.11195041809293471,0.7328352071195674,5.236136244860001
SMEX02,2002-07-06,WC15,0.163,8.092805705099998,0.9506428571428572,7.38225,-11.479170101624335,-14.697547791428098,-13.686230346282718,-12.92441638178551,-13.90467972720404,-13.259945606748838,-14.374951253394531,-12.2356954746737,-13.485452007014416,-13.125194721053816,-13.447909577420535,-13.162737150647695,-13.40146617709562,-13.209180550972611,-13.673693359507263,-12.936953368560967,-13.950682662449587,-13.213942671503291,-21.436864566899,-16.2460615061706,-21.637260492661483,-15.941042736134133,-19.6586316849646,-15.3564880981217,-21.436864566899,-16.2460615061706,4.2935961185087,4.3021435868429005,4.2935961185087,0.1922856261230077,0.7367399909462957,5.190803060728399
SMEX02,2002-07-07,WC15,0.203,10.2927857491,0.9506428571428572,7.38225,-10.850176250316228,-13.127938053345984,-13.686230346282718,-12.92441638178551,-13.925305857267826,-13.299771904168054,-14.38710216643062,-12.223544561637611,-13.386079853127365,-13.224566874940868,-13.357421921623104,-13.253224806445129,-13.300620939732642,-13.31002578833559,-13.668944245723512,-12.94170248234472,-13.97615976240734,-13.248917999028546,-20.6027760519689,-15.1989494006349,-20.81346727564912,-14.877465218376011,-19.0230302465236,-14.4472316526261,-20.6027760519689,-15.1989494006349,4.5665427962501886,4.575798593897501,4.5665427962501886,-0.00940484860294788,0.7272417633787924,5.403826651333999
SMEX02,2002-07-08,WC15,0.184,9.2063730432,0.9506428571428572,7.38225,-12.034819669175292,-15.230298053775648,-13.686230346282718,-12.92441638178551,-13.91507941304454,-13.280879132766705,-14.380395546354263,-12.230251181713967,-13.424482647564826,-13.186164080503408,-13.392599006903293,-13.21804772116494,-13.337148917258002,-13.27349781081023,-13.670589688508642,-12.94005703955959,-13.963245597380151,-13.2327129484311,-21.0358813745104,-15.694979499926,-21.24926798542788,-15.383135229661114,-19.3058691501304,-14.8533972642777,-21.0358813745104,-15.694979499926,4.445167430011834,4.452471885852699,4.445167430011834,0.06365110644777161,0.7305326489490511,5.3409018745844
SMEX02,2002-06-25,WC16,0.128,6.451612441599999,0.806375,8.9286875,-23.280618015455858,-24.32232071492387,-13.686230346282718,-12.92441638178551,-13.63733267352038,-12.859410865557605,-14.37425151008842,-12.236395217979815,-13.912937704181353,-12.69770902388688,-13.87776989045252,-12.73287683761571,-13.933028543897228,-12.677618184171005,-13.69793969001402,-12.912707038054211,-13.640988095518898,-12.855755443559088,-23.8394742480469,-19.0170532147641,-23.97159094143398,-18.81881386233411,-22.2831489960018,-18.1779534035711,-23.8394742480469,-19.0170532147641,4.093658160214766,4.1051955924307,4.093658160214766,1.2554103597262234,0.7852326519598076,4.822421033282801
SMEX02,2002-06-27,WC16,0.113,5.834503800099999,0.806375,8.9286875,-24.111511211012505,-24.67558442157132,-13.686230346282718,-12.92441638178551,-13.631751042831365,-12.844351943381502,-14.373467627845075,-12.237179100223155,-14.026368457188008,-12.584278270880224,-14.00588823068106,-12.604758497387172,-14.04438730580551,-12.566259422262725,-13.702372479657736,-12.908274248410498,-13.635100608730056,-12.841002377482818,-24.2470735369605,-19.5531151244506,-24.370048162319712,-19.36051040627965,-22.6281036239061,-18.6608961883931,-24.2470735369605,-19.5531151244506,3.952931173470069,3.967207435513,3.952931173470069,1.4781278835427845,0.7940982312472382,4.6939584125099
SMEX02,2002-07-01,WC16,0.105,5.527360162499999,0.806375,8.9286875,-21.01385743819549,-21.53251744680037,-13.686230346282718,-12.92441638178551,-13.629001842186964,-12.83630740044812,-14.373278052665263,-12.237368675402967,-14.083856185208944,-12.526790542859288,-14.07284752017271,-12.537799207895524,-14.099694948519778,-12.510951779548456,-13.704527121558051,-12.90611960651018,-13.63185837884148,-12.833450863793606,-24.1640881328835,-19.6837368537388,-24.25818108843045,-19.48634804776094,-22.8243376331776,-18.9338917892886,-24.1640881328835,-19.6837368537388,3.87889279206084,3.8904458438889975,3.87889279206084,1.5887431689713214,0.798407515047872,4.480351279144699
SMEX02,2002-07-05,WC16,0.199,10.058004056700002,0.806375,8.9286875,-14.842494800714183,-16.42124945774914,-13.686230346282718,-12.92441638178551,-13.670851569336614,-12.930280725425837,-14.388516871388571,-12.22212985667966,-13.449324304490702,-13.16132242357753,-13.412956804766624,-13.197689923301606,-13.396726355339704,-13.213920372728529,-13.67369061242152,-12.936956115646714,-13.66893339576863,-12.932198898993825,-22.6904618042146,-17.1868467340726,-22.8888133316304,-16.976195221249334,-21.0127850880117,-16.3656940837966,-22.6904618042146,-17.1868467340726,4.650379268943128,4.647091004215099,4.650379268943128,0.18280598261117476,0.7367344967748064,5.503615070142001
SMEX02,2002-07-06,WC16,0.178,8.878695021599999,0.806375,8.9286875,-13.923333865112347,-16.288242558520956,-13.686230346282718,-12.92441638178551,-13.659770960438331,-12.909386432644606,-14.381970148372798,-12.228676579695431,-13.550593910521377,-13.060052817546858,-13.508507379963614,-13.102139348104618,-13.527125174349184,-13.083521553719049,-13.679978474969696,-12.930668253098537,-13.659233807477053,-12.909923585605892,-23.114847826525,-17.7215223347869,-23.30706013409236,-17.517267530776294,-21.3332801167095,-16.8279116767941,-23.114847826525,-17.7215223347869,4.509283947141388,4.505368439915401,4.509283947141388,0.44360362063013525,0.7493102218711591,5.3933254917381
SMEX02,2002-07-07,WC16,0.25,13.2815625,0.806375,8.9286875,-15.240543507783714,-16.0270039747872,-13.686230346282718,-12.92441638178551,-13.701485389625782,-12.98080945273719,-14.418972074412562,-12.19167465365567,-13.340262388851452,-13.27038433921678,-13.314472516334911,-13.29617421173332,-13.266866080403895,-13.343780647664335,-13.667744090042806,-12.942902638025426,-13.703568147190175,-12.9787266951728,-22.1669591424248,-16.2698281135968,-22.40604838404635,-16.053855917555442,-20.3808618793294,-15.4444757440878,-22.1669591424248,-16.2698281135968,4.937789687316335,4.936386135241602,4.937789687316335,-0.07691456726043988,0.7248414520173796,5.897131028827999
SMEX02,2002-07-08,WC16,0.215,11.0160766375,0.806375,8.9286875,-16.034006371609525,-16.674245828276835,-13.686230346282718,-12.92441638178551,-13.679910744870549,-12.946164647585828,-14.39543764796274,-12.215209080105492,-13.398034194408154,-13.212612533660078,-13.365129041950018,-13.245517686118214,-13.331085494198875,-13.279561233869355,-13.670537203600778,-12.940109524467454,-13.678251535794852,-12.947823856661527,-22.5913515508499,-16.9103110372604,-22.81070629645472,-16.69975960488753,-20.7941660094801,-16.0484673223519,-22.5913515508499,-16.9103110372604,4.747811388767294,4.7456986871282005,4.747811388767294,0.05152426032952029,0.7304276791333244,5.681040513589501
SMEX02,2002-06-25,WC17,0.081,4.7004444753,0.5825,4.465,-19.925287314322794,-22.852776505970272,-13.686230346282718,-12.92441638178551,-12.852771892188986,-11.835571885298505,-14.383437753678091,-12.22720897439014,-14.589605776417097,-12.021040951651134,-14.546538568317107,-12.064108159751123,-14.514680759716606,-12.095965968351628,-13.716322577445151,-12.894324150623085,-12.75517110215478,-11.93317267533271,-26.5587798843073,-22.0552370386179,-26.490813068540607,-21.87124139235054,-25.0640242537402,-21.2934584153647,-26.5587798843073,-22.0552370386179,3.8566698524890066,3.7705658383755,3.8566698524890066,2.4187147913649785,0.8219984268220664,4.503542845689399
SMEX02,2002-06-27,WC17,0.07,4.3700919,0.5825,4.465,-19.319696019471905,-22.31074965801437,-13.686230346282718,-12.92441638178551,-12.849944324615588,-11.824455753082947,-14.383228086963303,-12.227418641104927,-14.629808654476289,-11.980838073591942,-14.58230678609662,-12.028339941971613,-14.54673631167157,-12.063910416396665,-13.717470859635426,-12.893175868432802,-12.749347534450584,-11.92505254324796,-26.9405730190874,-22.5443801119132,-26.874318617126423,-22.3612436975322,-25.3707930719471,-21.726273593554,-26.9405730190874,-22.5443801119132,3.7867754062111545,3.6445194783931,3.7867754062111545,2.482825895274905,0.8242949912026241,4.3961929071742
SMEX02,2002-07-05,WC17,0.062,4.149544242399999,0.5825,4.465,-14.587630469426085,-18.58956140446513,-13.686230346282718,-12.92441638178551,-12.848092046353536,-11.816359531523515,-14.3832469983732,-12.227399729695032,-14.65768786448557,-11.952958863582662,-14.606887662662762,-12.003759065405468,-14.56863861492585,-12.042008113142382,-13.718265389268442,-12.89238133879979,-12.745167814172856,-11.919283763704204,-27.1176973388953,-22.8520071180179,-27.04850406130909,-22.66770004986105,-25.6004943677165,-22.0480378868189,-27.1176973388953,-22.8520071180179,3.7425164141379,3.5524564808976002,3.7425164141379,2.526630501783469,0.8258840504686518,4.265690220877399
SMEX02,2002-07-06,WC17,0.067,4.2854254779,0.5825,4.465,-13.962388100755582,-17.58522150469006,-13.686230346282718,-12.92441638178551,-12.849229408584415,-11.821420840311095,-14.383218593457393,-12.22742813461084,-14.640385487725831,-11.970261240342404,-14.59165526762747,-12.018991460440764,-14.555078099945144,-12.05556862812309,-13.717772453554982,-12.892874274513252,-12.747774213968626,-11.922876034926896,-26.9461626905332,-22.6279226171072,-26.876431083149114,-22.44331926825332,-25.4563813021047,-21.8463956382172,-26.9461626905332,-22.6279226171072,3.7695377140424724,3.6099856638874996,3.7695377140424724,2.499509471822053,0.82489817904173,4.318240073426001
SMEX02,2002-07-07,WC17,0.106,5.564905072799999,0.5825,4.465,-10.996365216004278,-14.541445374547182,-13.686230346282718,-12.92441638178551,-12.860375414156644,-11.860767992722256,-14.385017613769037,-12.225629114299196,-14.487640109404625,-12.123006618663608,-14.454506013014967,-12.156140715053263,-14.431214692645792,-12.17943203542244,-13.71339515689728,-12.897251571170951,-12.76864349630262,-11.95249991057629,-26.0896929043798,-21.1791009966057,-26.031829894105982,-20.99906465413838,-24.4185519056858,-20.3710071488723,-26.0896929043798,-21.1791009966057,4.053543491531519,4.0475447568134975,4.053543491531519,2.2517826572233517,0.8161435857263282,4.910591907774098
SMEX02,2002-07-08,WC17,0.092,5.0616186304,0.5825,4.465,-11.595505483888598,-15.031737143852498,-13.686230346282718,-12.92441638178551,-12.855918695883757,-11.846669623855409,-14.383934712815238,-12.226712015252994,-14.546791556977784,-12.063855171090443,-14.508092755472694,-12.10255397259554,-14.479980463755444,-12.130666264312788,-13.715096195672222,-12.89555053239601,-12.761066991507688,-11.941521328231476,-26.1803706816736,-21.5786327555585,-26.11031181935193,-21.393636081804686,-24.7704511269893,-20.8759040508618,-26.1803706816736,-21.5786327555585,3.9370626729030915,3.894547076127502,3.9370626729030915,2.349314199442656,0.8195456632762124,4.601737926115103
SMEX02,2002-06-25,WC18,0.122,6.1983884584,0.7701250000000001,6.7901875,-17.72128952405993,-19.07091965911336,-13.686230346282718,-12.92441638178551,-13.432647869943963,-12.610833827017288,-14.372620355797244,-12.23802637227099,-14.068718596193472,-12.54192813187476,-14.05134768651898,-12.559299041549252,-14.049920569669776,-12.560726158398456,-13.700818660127652,-12.90982806794058,-13.41723614457416,-12.626245552387092,-23.7033163908639,-18.8693154328329,-23.747541550203795,-18.64191859038348,-22.1532662749297,-18.0602972060941,-23.7033163908639,-18.8693154328329,4.080771220699801,4.0929690688356,4.080771220699801,1.4891944112713205,0.7909905921870717,4.834000958031002
SMEX02,2002-06-27,WC18,0.116,5.9536552768,0.7701250000000001,6.7901875,-18.04451537546711,-19.106566506383164,-13.686230346282718,-12.92441638178551,-13.430437074951808,-12.604808998779928,-14.372176041696644,-12.238470686371588,-14.10851251385622,-12.502134214212012,-14.095546732492556,-12.515099995575676,-14.08734911841412,-12.523297609654117,-13.70225368639043,-12.908393041677805,-13.414553359222186,-12.620692714509556,-23.9184982309276,-19.112964627601,-23.96452337490385,-18.88848779909299,-22.2908766792357,-18.2557392886309,-23.9184982309276,-19.112964627601,4.022929626800692,4.0351373906048025,4.022929626800692,1.564051508760004,0.7938606447126251,4.805533603326602
SMEX02,2002-07-01,WC18,0.117,5.9938502829,0.7701250000000001,6.7901875,-17.691980584009034,-18.06301766897322,-13.686230346282718,-12.92441638178551,-13.430799389873783,-12.605813491220925,-14.372243761190418,-12.238402966877816,-14.101984822189769,-12.508661905878466,-14.088277987765393,-12.52236874030284,-14.081227140052707,-12.529419588015523,-13.702020015033089,-12.908626713035144,-13.415003091546328,-12.621609789548383,-23.9712701433833,-19.1178429978894,-24.02346809910828,-18.895203627635432,-22.2676116457529,-18.2227434611367,-23.9712701433833,-19.1178429978894,4.032538964752829,4.044868184616199,4.032538964752829,1.5518075520371841,0.7933933019979449,4.8534271454938995
SMEX02,2002-07-05,WC18,0.091,5.027527104299999,0.7701250000000001,6.7901875,-13.774011064384942,-16.519270673736393,-13.686230346282718,-12.92441638178551,-13.422194827857613,-12.579649693244065,-14.3712437298741,-12.239402998194134,-14.25828976100636,-12.352356967061873,-14.262800139642945,-12.347846588425288,-14.226562308693572,-12.38408441937466,-13.707493525084818,-12.903153202983416,-13.40309242160154,-12.598752099500135,-24.5560769183713,-20.035761205899,-24.58632184663248,-19.815639679956902,-22.9154103604005,-19.1344582304505,-24.5560769183713,-20.035761205899,3.7952317937758897,3.7809521299499984,3.7952317937758897,1.8424778893189107,0.8043403221014014,4.5203157124723
SMEX02,2002-07-06,WC18,0.095,5.1653893375,0.7701250000000001,6.7901875,-13.80233144994972,-16.096787850192353,-13.686230346282718,-12.92441638178551,-13.42340671532707,-12.583681339854955,-14.371299429384283,-12.239347298683947,-14.235996051610757,-12.374650676457478,-14.237982776127865,-12.372663951940368,-14.205948329704972,-12.40469839836326,-13.706722755390572,-12.90392397267766,-13.404943418947468,-12.602144636234556,-24.4776930677716,-19.8967711222123,-24.51258086282036,-19.67669089354425,-22.8100188765031,-18.9871191141904,-24.4776930677716,-19.8967711222123,3.829349953087641,3.8228997623127015,3.829349953087641,1.8012499313417116,0.8027987827129124,4.5809219455593
SMEX02,2002-07-07,WC18,0.143,7.121167323099998,0.7701250000000001,6.7901875,-11.650671504140728,-13.795054229966237,-13.686230346282718,-12.92441638178551,-13.44107145421385,-12.63188121150954,-14.374954952307345,-12.23569177576089,-13.91859513049688,-12.692051597571352,-13.888464232605632,-12.7221824954626,-13.90538231943861,-12.705264408629624,-13.695108600435116,-12.915538127633118,-13.426261569262698,-12.646691096460696,-23.292185970096,-18.2229141555308,-23.3516605137826,-17.99356030842338,-21.7081795769084,-17.4236130807119,-23.292185970096,-18.2229141555308,4.280469844392351,4.284566496196501,4.280469844392351,1.200117910808986,0.7795704728019981,5.069271814565202
SMEX02,2002-07-08,WC18,0.147,7.3083746859,0.7701250000000001,6.7901875,-13.234774900256523,-15.417296104303112,-13.686230346282718,-12.92441638178551,-13.442794436438492,-12.63588341000402,-14.37555217886002,-12.235094549208211,-13.888512383487909,-12.722134344580327,-13.856804182093663,-12.753842545974573,-13.875530495067352,-12.735116233000882,-13.693893478269809,-12.916753249798424,-13.427909037456953,-12.650768808985566,-23.4406699977485,-18.2163890785518,-23.51960540089297,-17.992341678341045,-21.6296013345059,-17.3104853739072,-23.4406699977485,-18.2163890785518,4.316905547300999,4.319115960598701,4.316905547300999,1.1404142620664697,0.7771402284713851,5.224280919196701
SMEX02,2002-06-25,WC20,0.13,6.5378901,0.97775,8.7805625,-18.73610482406236,-21.589123521934965,-13.686230346282718,-12.92441638178551,-14.030651148300343,-13.396336982050997,-14.370498605418751,-12.24014812264948,-13.586473424255072,-13.02417330381316,-13.556634807588429,-13.054011920479804,-13.524682366908456,-13.085964361159771,-13.680743769989082,-12.92990295807915,-14.08891447113064,-13.338073659220708,-21.7174722072762,-17.158475321372,-21.899853320700203,-16.87161021730743,-20.4827820537152,-16.4876351821144,-21.7174722072762,-17.158475321372,3.9737552545752104,3.9951468716008023,3.9737552545752104,0.4387180057486848,0.7508408119099315,4.5589968859042
SMEX02,2002-06-27,WC20,0.101,5.3796219133,0.97775,8.7805625,-19.14205096607114,-22.130547982458204,-13.686230346282718,-12.92441638178551,-14.02022052669957,-13.367202292864588,-14.368546652181816,-12.242100075886416,-13.74124990845099,-12.869396819617242,-13.72590821133348,-12.884738516734751,-13.69885791173098,-12.911788816337252,-13.689187290490104,-12.92145943757813,-14.07757533623807,-13.309847483326092,-22.7926665273924,-18.3535891472825,-22.978604834449907,-18.093548302617105,-21.1787154289996,-17.4418048541876,-22.7926665273924,-18.3535891472825,3.7134900728697104,3.7369105748120006,3.7134900728697104,0.7870690953937292,0.7677278529119729,4.4390773801099
SMEX02,2002-07-05,WC20,0.084,4.7959156032,0.97775,8.7805625,-13.935513589112691,-18.28105741844288,-13.686230346282718,-12.92441638178551,-14.015092876304337,-13.350066476973176,-14.368263845849546,-12.242382882218688,-13.842240774569492,-12.76840595349874,-13.84340457168901,-12.767242156379224,-13.805509249124915,-12.805137478943315,-13.693983537450515,-12.916663190617715,-14.07123985005516,-13.29391950322236,-23.0567810132806,-18.8881623615929,-23.196867480616085,-18.62867005174509,-21.6384030068782,-18.0642461733371,-23.0567810132806,-18.8881623615929,3.5729660030684527,3.5741568335410996,3.5729660030684527,1.0003717701815997,0.7773203468328003,4.168618651687698
SMEX02,2002-07-06,WC20,0.169,8.4013897497,0.97775,8.7805625,-10.69749876216078,-14.011512684263108,-13.686230346282718,-12.92441638178551,-14.04784617207055,-13.4353356038027,-14.376840390690472,-12.23380633737776,-13.441176769108012,-13.16946995896022,-13.41070576182393,-13.199940966244304,-13.358522202233022,-13.25212452583521,-13.67212046755444,-12.938526260513791,-14.108387991456947,-13.374793784416305,-21.4706266781029,-16.317550635201,-21.76048505892373,-16.035538918533682,-19.7156470336677,-15.4192742171983,-21.4706266781029,-16.317550635201,4.29036802777434,4.2963728164694,4.29036802777434,0.10639767639781184,0.7335942070406478,5.153076042901901
SMEX02,2002-07-07,WC20,0.236,12.3482515648,0.97775,8.7805625,-9.531005469860606,-11.416607591660943,-13.686230346282718,-12.92441638178551,-14.08510753355868,-13.501888358509408,-14.404420957574686,-12.206225770493546,-13.339280041152694,-13.271366686915538,-13.31287309125697,-13.297773636811264,-13.2888705543784,-13.321776173689832,-13.670188607636504,-12.940458120431732,-14.158363189636429,-13.428632702431656,-20.2750378501303,-14.7774097296378,-20.59927626620984,-14.468310868677738,-18.7530976521799,-14.0543621969544,-20.2750378501303,-14.7774097296378,4.692548095773548,4.698735455225499,4.692548095773548,-0.03290561931143188,0.7297304872047725,5.4976281204925
SMEX02,2002-07-08,WC20,0.189,9.4851436677,0.97775,8.7805625,-10.663126807284888,-13.306724303822588,-13.686230346282718,-12.92441638178551,-14.05799107080789,-13.455258441871411,-14.382337674723948,-12.228309053344285,-13.395377981181394,-13.21526874688684,-13.366478352026736,-13.244168376041497,-13.311669600735945,-13.298977127332288,-13.669772137526737,-12.9408745905415,-14.12107352983227,-13.392175982847036,-21.1066530967567,-15.8151932261227,-21.413444896562464,-15.525549074353345,-19.3872914673953,-14.9566932196246,-21.1066530967567,-15.8151932261227,4.425562492975098,4.4305982477707,4.425562492975098,0.01269247340365709,0.7288975469852375,5.291459870633998
SMEX02,2002-06-25,WC21,0.091,5.027527104299999,0.924375,10.31975,-22.74017428535453,-23.223373160990693,-13.686230346282718,-12.92441638178551,-13.976987092720602,-13.279571304605806,-14.373401655820157,-12.237245072248076,-13.91418036515874,-12.696466362909492,-13.911755215552088,-12.698891512516145,-13.925099089341671,-12.68554763872656,-13.698953972977836,-12.911692755090394,-14.021909807606928,-13.234648589719487,-24.2131434389137,-19.7838623516666,-24.42142816831973,-19.592398092825537,-22.4088133514555,-18.7358862029964,-24.2131434389137,-19.7838623516666,3.6598135449195475,3.672927148459099,3.6598135449195475,1.239551450615112,0.7872612178874423,4.429281087247102
SMEX02,2002-06-27,WC21,0.072,4.4278358784,0.924375,10.31975,-20.79033379168479,-23.455403742683707,-13.686230346282718,-12.92441638178551,-13.971801891628726,-13.26038806825038,-14.374100349697022,-12.236546378371209,-14.045539638488524,-12.565107089579708,-14.075847297419818,-12.534799430648416,-14.05583057924222,-12.554816148826012,-13.70418217660882,-12.906464551459411,-14.01495379251426,-13.217236167364849,-24.6848237769126,-20.4984127455322,-24.85725688169324,-20.3148714082164,-22.9481430527968,-19.4597201691633,-24.6848237769126,-20.4984127455322,3.515182353002268,3.4884228836335005,3.515182353002268,1.501014430416209,0.7977176251494082,4.186411031380402
SMEX02,2002-07-05,WC21,0.055,3.9703890375,0.924375,10.31975,-17.569968283084417,-19.3383744623489,-13.686230346282718,-12.92441638178551,-13.967981980275296,-13.243176903412126,-14.375374182432006,-12.235272545636224,-14.155997102982472,-12.45464962508576,-14.216178223324611,-12.394468504743616,-14.1634838387222,-12.44716288934603,-13.70834698428662,-12.902299743781612,-14.00860306209622,-13.20255582159121,-24.9750167267742,-21.0683644145711,-25.10151050398585,-20.88714624599912,-23.458190533252,-20.1364905374964,-24.9750167267742,-21.0683644145711,3.40885047643805,3.3216999957556013,3.40885047643805,1.7163209493761702,0.8060472405050092,3.9066523122031
SMEX02,2002-07-06,WC21,0.053,3.9215951341,0.924375,10.31975,-16.519583724435062,-19.67338221421531,-13.686230346282718,-12.92441638178551,-13.967584608777262,-13.241149062649168,-14.375564407685436,-12.235082320382796,-14.1684753444241,-12.442171383644132,-14.231972016007765,-12.378674712060468,-14.175587020491225,-12.435059707577008,-13.708809421288532,-12.901837306779695,-14.007852892967634,-13.2008807784588,-25.1486991600376,-21.219980830066,-25.28207168017652,-21.04343362373508,-23.5190940615086,-20.2168028870902,-25.1486991600376,-21.219980830066,3.3978925152915616,3.3022911744184,3.3978925152915616,1.7405273129142174,0.8069721145088362,3.928718329971602
SMEX02,2002-07-07,WC21,0.111,5.7562687023,0.924375,10.31975,-14.314604832317492,-16.208590031405528,-13.686230346282718,-12.92441638178551,-13.983454932825222,-13.299706006423012,-14.373527387440982,-12.23711934062725,-13.77342147558108,-12.837225252487151,-13.744386204646162,-12.866260523422074,-13.777442828410996,-12.833203899657237,-13.69268566041092,-12.917961067657307,-14.028942766000927,-13.25421817324731,-23.4643652600431,-18.9206025014691,-23.67956872727419,-18.71255478507388,-21.8894702442897,-18.0308077860656,-23.4643652600431,-18.9206025014691,3.8330673883815196,3.8586624582240994,3.8330673883815196,0.9442389287537587,0.7747245927536124,4.5437627585739975
SMEX02,2002-07-08,WC21,0.095,5.1653893375,0.924375,10.31975,-15.470915584172024,-18.05605739660432,-13.686230346282718,-12.92441638178551,-13.97819898019006,-13.283602951216697,-14.373354077177275,-12.237292650890955,-13.885909057222555,-12.724737670845675,-13.877317813969764,-12.733328914098468,-13.896250593454464,-12.714396134613768,-13.69776488611628,-12.912881841951952,-14.02334248778554,-13.238459443621212,-24.0579109106887,-19.6046772664872,-24.26767752747768,-19.40978706354435,-22.3007335940272,-18.5898081141533,-24.0579109106887,-19.6046772664872,3.693147745796901,3.7109254798739,3.693147745796901,1.1818544588406965,0.784883044164328,4.4532336442015
SMEX02,2002-06-25,WC22,0.117,5.9938502829,0.7376875,6.783125,-23.32923235894781,-22.63069875142024,-13.686230346282718,-12.92441638178551,-13.35457089039814,-12.50247151833776,-14.373920547061068,-12.236726181007167,-14.167458252183376,-12.443188475884856,-14.158312752306289,-12.452333975761944,-14.147265343976034,-12.463381384092198,-13.704337544682238,-12.906309183385996,-13.327535385016072,-12.52950702371983,-24.23783973121,-19.4150148246391,-24.2725623361012,-19.20454438911672,-22.6399334981365,-18.5755329525708,-24.23783973121,-19.4150148246391,4.053851502708314,4.0644005455657,4.053851502708314,1.6838839598838362,0.7980283612962413,4.822824906570897
SMEX02,2002-06-27,WC22,0.088,4.9267550976,0.7376875,6.783125,-23.96306244759989,-23.12984264572972,-13.686230346282718,-12.92441638178551,-13.345084597917742,-12.473282419056968,-14.372924638606476,-12.237722089461757,-14.334792280777693,-12.275854447290545,-14.33956978708141,-12.271076940986823,-14.299537448593956,-12.311109279474277,-13.709914471793804,-12.900732256274432,-13.31377461624704,-12.504592400727672,-24.8972694192421,-20.4449692046342,-24.910144122151927,-20.236900363511133,-23.3666933998915,-19.5997723208477,-24.8972694192421,-20.4449692046342,3.7924853188825964,3.766921079043801,3.7924853188825964,1.988428169119679,0.8091822155193711,4.452300214607899
SMEX02,2002-07-01,WC22,0.072,4.4278358784,0.7376875,6.783125,-19.54037615997004,-19.562296882826363,-13.686230346282718,-12.92441638178551,-13.340781127290091,-12.457124484005472,-14.373157735933315,-12.237488992134915,-14.413861448152298,-12.196785279915934,-14.423419430800896,-12.187227297267336,-14.370979717877136,-12.239667010191097,-13.712556099625177,-12.898090628443056,-13.30618554123884,-12.491720070056724,-25.4210860641095,-21.1308717894276,-25.42892811705257,-20.927261376474444,-23.8117907920876,-20.217964865853,-25.4210860641095,-21.1308717894276,3.673203605176363,3.593825926234601,3.673203605176363,2.131312707686039,0.8144654711821211,4.290214274681897
SMEX02,2002-07-05,WC22,0.183,9.1512390471,0.7376875,6.783125,-16.56217756116366,-17.126797183204545,-13.686230346282718,-12.92441638178551,-13.38370925050997,-12.56846693369167,-14.385533496060004,-12.22511323200823,-13.674307406784433,-12.9363393212838,-13.650608420492716,-12.960038307575516,-13.660369940829316,-12.950276787238916,-13.684991443737548,-12.925655284330684,-13.355756171804254,-12.596420012397388,-23.1671657554823,-17.6003159296678,-23.249979931264868,-17.387277191947486,-21.3776111919497,-16.7518883714196,-23.1671657554823,-17.6003159296678,4.633141694841593,4.6257228205301,4.633141694841593,0.7100931535903996,0.7593361594068639,5.566849825814501
SMEX02,2002-07-06,WC22,0.146,7.2612351688,0.7376875,6.783125,-17.094110097259804,-17.424277036497983,-13.686230346282718,-12.92441638178551,-13.366131693905748,-12.53154108901528,-14.377092173754823,-12.23355455431341,-13.96315624589326,-12.647490482174971,-13.93971207175414,-12.670934656314092,-13.956669540351411,-12.653977187716816,-13.697123063733772,-12.913523664334456,-13.340636091160174,-12.55703669176086,-23.7776261367206,-18.569506049436,-23.839352686854927,-18.35929788975212,-22.0226573576734,-17.6909002208815,-23.7776261367206,-18.569506049436,4.330153550672265,4.3317571367919,4.330153550672265,1.3026923526345957,0.783599399399316,5.208120087284598
SMEX02,2002-07-07,WC22,0.111,5.7562687023,0.7376875,6.783125,-14.016642376773644,-15.732583316216315,-13.686230346282718,-12.92441638178551,-13.352434168486589,-12.496442422178106,-14.373553044444227,-12.237093683624003,-14.204989509313355,-12.405657218754875,-14.199119340526352,-12.411527387541884,-14.181579436162384,-12.42906729190585,-13.70559920445071,-12.905047523617522,-13.324714135748945,-12.524162454915755,-24.3253780488228,-19.5959705335114,-24.353029623360424,-19.384983196558142,-22.781234364957,-18.7761281303366,-24.3253780488228,-19.5959705335114,3.9965550952686746,4.005106234620403,3.9965550952686746,1.7525121442565332,0.8005516808331876,4.729407515311397
SMEX02,2002-07-08,WC22,0.161,7.9916753473,0.7376875,6.783125,-17.978335429118452,-17.769106966071718,-13.686230346282718,-12.92441638178551,-13.372887161904089,-12.546532377357568,-14.379812712221852,-12.23083401584638,-13.845634899036495,-12.765011829031735,-13.81917907013422,-12.791467657934014,-13.841468509741608,-12.769178218326624,-13.692536562872904,-12.918110165195326,-13.346922968469618,-12.572496570792044,-23.5202901598141,-18.1556485545587,-23.591437989032794,-17.94437525957919,-21.7434196723718,-17.2862409607395,-23.5202901598141,-18.1556485545587,4.46155055998402,4.457178711632299,4.46155055998402,1.0722902914149834,0.774426397677578,5.3646416052554
SMEX02,2002-06-25,WC23,0.096,5.2004767488,0.6119375,9.341625,-20.983452413171094,-22.338699158268284,-13.686230346282718,-12.92441638178551,-13.194214914518165,-12.23494401415954,-14.39013164493212,-12.220515083136112,-14.338899273391144,-12.271747454677088,-14.280107617123807,-12.330539110944423,-14.294011084489654,-12.31663564357858,-13.707376715659368,-12.903270012408864,-13.116632815964104,-12.312526112713604,-27.5732211738118,-22.8077561976828,-27.62495881797818,-22.689211837342786,-25.6153351869708,-21.7080892349272,-27.5732211738118,-22.8077561976828,3.921011749601175,3.907245952043599,3.921011749601175,1.9773754409110733,0.804106703250504,4.7654649761289996
SMEX02,2002-06-27,WC23,0.086,4.8608305048,0.6119375,9.341625,-21.16494934320401,-22.33772212656252,-13.686230346282718,-12.92441638178551,-13.19123708033466,-12.224861908166092,-14.39023800768031,-12.220408720387924,-14.402729638552737,-12.207917089515496,-14.354900190507646,-12.255746537560585,-14.351867626755018,-12.258779101313214,-13.709370429325665,-12.901276298742568,-13.112096559541923,-12.30400242895883,-27.6291536593353,-23.0796702954753,-27.66551051667545,-22.959832058323485,-25.8806586080392,-22.0792548600876,-27.6291536593353,-23.0796702954753,3.839644408453755,3.8014037479516,3.839644408453755,2.0930885254418037,0.8080941305830969,4.549483363860002
SMEX02,2002-07-05,WC23,0.067,4.2854254779,0.6119375,9.341625,-16.79318615263385,-20.315180989994992,-13.686230346282718,-12.92441638178551,-13.186303424816437,-12.205664178327291,-14.391193853868897,-12.219452874199336,-14.512199998420671,-12.09844672964756,-14.4831352011926,-12.127511526875631,-14.45205467644995,-12.158592051618282,-13.712845531110858,-12.897801196957374,-13.103505968648609,-12.288461634495128,-28.1624156055511,-23.8510427750896,-28.18715961302452,-23.73446328692178,-26.4157417609517,-22.8202688581047,-28.1624156055511,-23.8510427750896,3.7071881102459066,3.595472902847,3.7071881102459066,2.293462624831669,0.8150443341534839,4.311372830461501
SMEX02,2002-07-06,WC23,0.223,11.5137642111,0.6119375,9.341625,-11.03277927289232,-14.397615816665954,-13.686230346282718,-12.92441638178551,-13.252746236061968,-12.361793334308434,-14.424259815310757,-12.186386912757476,-13.408331871233258,-13.202314856834974,-13.39509220806188,-13.215554520006354,-13.36112573259454,-13.249520995473688,-13.67171762933116,-12.938929098737074,-13.17366405048224,-12.440875519888158,-25.1115527741364,-19.2032300362468,-25.218440423240907,-19.069608197305868,-23.2870455402836,-18.3417375713897,-25.1115527741364,-19.2032300362468,4.956250981726106,4.9453079688939,4.956250981726106,0.11160473712085128,0.7327885305940871,5.908322737889598
SMEX02,2002-07-07,WC23,0.236,12.3482515648,0.6119375,9.341625,-11.391703192959111,-14.612215674383627,-13.686230346282718,-12.92441638178551,-13.260687392010745,-12.374665569605789,-14.434717493986955,-12.175929234081275,-13.374529638107958,-13.236117089960274,-13.365470235647424,-13.245176492420809,-13.31688630014438,-13.293760427923852,-13.669778957282809,-12.940867770785422,-13.18213207405696,-12.453220887559576,-24.9390659891771,-18.9539188989642,-25.04954948781435,-18.819228080284184,-23.1337521103996,-18.1131140682585,-24.9390659891771,-18.9539188989642,5.032062669316229,5.020638042141101,5.032062669316229,0.023125872220528976,0.7289111864973865,5.985147090212898
SMEX02,2002-07-08,WC23,0.175,8.7176859375,0.6119375,9.341625,-11.54960905416476,-15.341926014993229,-13.686230346282718,-12.92441638178551,-13.226378043086408,-12.314094935867162,-14.40089031633578,-12.209756411732451,-13.683816208146856,-12.926830519921376,-13.622955788979668,-12.987690939088566,-13.682615352097384,-12.92803137597085,-13.685073521165595,-12.925573206902635,-13.149986646608264,-12.39048633234531,-25.8186308153317,-20.2708151559065,-25.907418985187675,-20.141259204058564,-23.9662667670683,-19.3443056628113,-25.8186308153317,-20.2708151559065,4.629396007826804,4.621961104257,4.629396007826804,0.7545839761265345,0.7595003142629597,5.547815659425201
SMEX02,2002-06-25,WC24,0.09,4.9936857,0.4791875,7.2336875,-19.320713463641344,-18.865981359034308,-13.686230346282718,-12.92441638178551,-12.76607180553747,-11.681977686594252,-14.399264885522076,-12.211381842546157,-14.585234610758755,-12.025412117309475,-14.490404729095031,-12.1202419989732,-14.457999365712382,-12.152647362355852,-13.71348915761208,-12.897157570456152,-12.632190539643824,-11.8158589524879,-29.1810999314638,-24.3876206266618,-29.162389654819947,-24.28306976927413,-27.2071980127542,-23.302953434082,-29.1810999314638,-24.3876206266618,3.9483742286759833,3.904244578672202,3.9483742286759833,2.3053520033565302,0.8163315871559291,4.793479304802002
SMEX02,2002-06-27,WC24,0.088,4.9267550976,0.4791875,7.2336875,-21.611601686452765,-20.581959256816475,-13.686230346282718,-12.92441638178551,-12.765486582232976,-11.67996066942478,-14.399194264819863,-12.211452463248367,-14.594953809711052,-12.01569291835718,-14.50013017089566,-12.110516557172575,-14.46720029354636,-12.143446434521874,-13.713784194453762,-12.896862533614472,-12.631184456248524,-11.814262795409237,-28.9888980679738,-24.3337109659739,-28.96274140515149,-24.226829570266155,-27.2601772603507,-23.3780290225043,-28.9888980679738,-24.3337109659739,3.933676900093495,3.882148237846401,3.933676900093495,2.323753859024487,0.8169216608392897,4.6551871019999
SMEX02,2002-07-05,WC24,0.064,4.2031095552,0.4791875,7.2336875,-17.11794998806325,-18.630754299088004,-13.686230346282718,-12.92441638178551,-12.759287552596234,-11.65570900655198,-14.399274677094548,-12.211372050973685,-14.702101507714335,-11.908545220353894,-14.60769888085014,-12.002947847218092,-14.567715025985123,-12.042931702083113,-13.71702907341305,-12.893617654655184,-12.619203988953045,-11.79579257019518,-29.5906641692137,-25.2756659989772,-29.556943609454503,-25.16893938955204,-27.9296283049283,-24.3175942343722,-29.5906641692137,-25.2756659989772,3.7837844123329787,3.612034070556099,3.7837844123329787,2.5247833239020103,0.8234114187578658,4.3149981702365
SMEX02,2002-07-06,WC24,0.176,8.771144780799998,0.4791875,7.2336875,-12.553548261734605,-12.847006151848486,-13.686230346282718,-12.92441638178551,-12.80055243728519,-11.768172656458454,-14.416927906173692,-12.193718821894542,-13.959609076954852,-12.651037651113382,-13.908479287407022,-12.70216744066121,-13.884016550295168,-12.726630177773066,-13.69449724569904,-12.916149482369196,-12.673536428536746,-11.895188665206904,-27.187809164422,-21.5412499067972,-27.182390843142056,-21.433981311675364,-25.4060423676663,-20.6856748838687,-27.187809164422,-21.5412499067972,4.723832757192759,4.720367483797599,4.723832757192759,1.1573863725221027,0.7783477633298439,5.646559257624798
SMEX02,2002-07-07,WC24,0.206,10.4709587128,0.4791875,7.2336875,-12.328692289346105,-11.82464381566177,-13.686230346282718,-12.92441638178551,-12.816538140255028,-11.798012642703238,-14.433605335370984,-12.177041392697248,-13.675276789713166,-12.93536993835507,-13.666448286278747,-12.944198441789483,-13.625066061751037,-12.985580666317196,-13.684636671456854,-12.926010056611377,-12.686588698901875,-11.927962084056396,-26.7181186873093,-20.8372965156894,-26.71705981923347,-20.72984711394773,-24.967697809832,-20.029208664995,-26.7181186873093,-20.8372965156894,4.953399275297395,4.938489144837,4.953399275297395,0.6394853954338409,0.7586266148454772,5.880822171619901
SMEX02,2002-07-08,WC24,0.179,8.9327854987,0.4791875,7.2336875,-13.214542489191878,-13.267407732869716,-13.686230346282718,-12.92441638178551,-12.802064618602447,-11.7711616326193,-14.418249895372227,-12.192396832696003,-13.930121552736551,-12.680525175331685,-13.88327541442792,-12.727371313640312,-13.857738079052302,-12.752908649015932,-13.693555365810544,-12.917091362257684,-12.674845127387307,-11.898381123834447,-27.217425732971,-21.5027905384917,-27.214985051724483,-21.396289406922392,-25.3585280705584,-20.6148912657448,-27.217425732971,-21.5027905384917,4.748648617505443,4.743636804813601,4.748648617505443,1.1048294300363697,0.77646400355286,5.714635194479303
SMEX02,2002-06-25,WC27,0.131,6.581377420300001,0.8580625000000001,10.483625,-22.205142537981143,-21.998567899776003,-13.686230346282718,-12.92441638178551,-13.844894207306472,-13.119154112672351,-14.37731050110614,-12.233336226962091,-13.735520440539023,-12.875126287529207,-13.686400801707949,-12.924245926360284,-13.772380556381384,-12.838266171686849,-13.691801958658113,-12.918844769410118,-13.868502754613411,-13.095545565365416,-23.8922090899813,-19.0152171367292,-24.112830967754046,-18.828909719615087,-22.1405106961846,-18.0581686276956,-23.8922090899813,-19.0152171367292,4.066149262797173,4.082342068488998,4.066149262797173,0.934114384694535,0.772957189247995,4.8769919532521016
SMEX02,2002-06-27,WC27,0.126,6.3662671608000005,0.8580625000000001,10.483625,-22.02343667126444,-22.100605484069177,-13.686230346282718,-12.92441638178551,-13.8429362263245,-13.114140086069275,-14.376980779357371,-12.23366594871086,-13.77283329245391,-12.837813435614322,-13.72714836103319,-12.883498367035042,-13.814099985455869,-12.796546742612364,-13.693613296116336,-12.917033431951898,-13.866828088279108,-13.09024822411467,-24.0462738224344,-19.1992119571614,-24.26485061790817,-19.015801049648225,-22.2512945836938,-18.2119523295603,-24.0462738224344,-19.1992119571614,4.021186659958866,4.039342254133498,4.021186659958866,1.0175532428435048,0.7765798641644377,4.847061865273002
SMEX02,2002-07-05,WC27,0.086,4.8608305048,0.8580625000000001,10.483625,-17.612140106893698,-19.46066175880572,-13.686230346282718,-12.92441638178551,-13.82950386565059,-13.073899300032668,-14.3766759773241,-12.233970750744133,-14.075175590675215,-12.535471137393015,-14.088549241306694,-12.522097486761538,-14.12171128444482,-12.488935443623411,-13.706029178154438,-12.904617549913793,-13.852407396961954,-13.050995768721307,-24.8395131951743,-20.5168060477856,-24.98949726883741,-20.344260417224863,-23.2571151020262,-19.5908663532289,-24.8395131951743,-20.5168060477856,3.668144345634057,3.666248748797301,3.668144345634057,1.6327758408214077,0.8014116282406452,4.322707147388698
SMEX02,2002-07-06,WC27,0.097,5.235811980899999,0.8580625000000001,10.483625,-16.321156957686355,-18.092189631421927,-13.686230346282718,-12.92441638178551,-13.83279367939323,-13.08498879867614,-14.376373645395429,-12.234273082672804,-13.994432621072672,-12.61621410699556,-13.987316130563125,-12.623330597505108,-14.042869594598546,-12.567777133469686,-13.70295805070416,-12.907688677364067,-13.856525925704734,-13.061256552364643,-24.6818621719012,-20.1758460719228,-24.857823108616586,-20.002149534908582,-22.9594956791978,-19.1860851648788,-24.6818621719012,-20.1758460719228,3.7598943499916544,3.773410514319,3.7598943499916544,1.4750924611288596,0.7952693733400924,4.506016099978403
SMEX02,2002-07-07,WC27,0.241,12.6775161393,0.8580625000000001,10.483625,-12.22800531949484,-12.981713931678453,-13.686230346282718,-12.92441638178551,-13.90209451758405,-13.228648863225342,-14.414608397861096,-12.196038330207136,-13.334225104899,-13.276421623169233,-13.309847330826628,-13.300799397241605,-13.272794787985344,-13.337851940082889,-13.668473480170562,-12.94217324789767,-13.928521806541148,-13.202221574268256,-22.1124079471029,-16.3969610948098,-22.432284272112263,-16.180269758887164,-20.384329805104,-15.5696656393995,-22.1124079471029,-16.3969610948098,4.811456790751619,4.8146641657044995,4.811456790751619,-0.0650571520975447,0.7263002322728909,5.715446852293098
SMEX02,2002-07-08,WC27,0.23,11.959191100000002,0.8580625000000001,10.483625,-12.365360106187884,-12.811053037047415,-13.686230346282718,-12.92441638178551,-13.895248504966242,-13.21776426466624,-14.40676621584853,-12.2038805122197,-13.343250131093804,-13.267396596974429,-13.315669086420082,-13.29497764164815,-13.27390956826413,-13.336737159804102,-13.668120617889514,-12.94252611017872,-13.91930363867164,-13.193709130960844,-22.332472316908,-16.6348221970621,-22.653463053262417,-16.422534164532664,-20.5131911677037,-15.7554853266272,-22.332472316908,-16.6348221970621,4.754147093931455,4.757705841076499,4.754147093931455,-0.0628275915399712,0.7255945077107935,5.6976501198459
SMEX02,2002-06-25,WC28,0.164,8.143696595200002,0.797625,12.3425625,-14.825356209532597,-16.76185299813055,-13.686230346282718,-12.92441638178551,-13.820243206192066,-13.071266560539948,-14.39660231884647,-12.214044409221763,-13.480722553717428,-13.129924174350805,-13.45533669648962,-13.155310031578614,-13.503979037325609,-13.106667690742626,-13.67745400591644,-12.933192722151793,-13.817885525248332,-13.073624241483683,-23.7513415501086,-18.8718693986614,-23.94671914929745,-18.70197138565617,-22.6821566963109,-18.3020929276497,-23.7513415501086,-18.8718693986614,4.3733824343112175,4.380063768661202,4.3733824343112175,0.39731134658298295,0.7442612837646472,4.8794721514471995
SMEX02,2002-06-27,WC28,0.141,7.028918949299999,0.797625,12.3425625,-19.35485005675334,-19.106877672290988,-13.686230346282718,-12.92441638178551,-13.809938998428375,-13.04827679688847,-14.392919377698016,-12.217727350370216,-13.602768387408648,-13.007878340659584,-13.568122258694828,-13.042524469373404,-13.68482119799273,-12.925825530075503,-13.68510133255601,-12.925545395512222,-13.808885866180322,-13.04932992913653,-24.8541721543838,-19.8632826854372,-25.077493071360443,-19.71322483248189,-23.122761300062,-18.9216489116809,-24.8541721543838,-19.8632826854372,4.189092375399287,4.201112388381098,4.189092375399287,0.7589956679172261,0.759555937043789,4.990889468946602
SMEX02,2002-07-01,WC28,0.114,5.873981575199999,0.797625,12.3425625,-15.509923813988618,-16.913709583612473,-13.686230346282718,-12.92441638178551,-13.799434861989926,-13.021197079863825,-14.391136316629837,-12.219510411438398,-13.788570868728252,-12.82207585933998,-13.764282459844278,-12.846364268223954,-13.919449032941063,-12.691197695127164,-13.694399242746709,-12.916247485321524,-13.799391849639468,-13.021240092214285,-25.4111613805598,-20.710816071377,-25.60101906761201,-20.56935085991069,-23.7238166731025,-19.7569448346381,-25.4111613805598,-20.710816071377,3.9492877595449896,3.9668718384643995,3.9492877595449896,1.2282513378138997,0.778151757425185,4.700345309182801
SMEX02,2002-07-05,WC28,0.099,5.3072240667,0.797625,12.3425625,-12.57410298012897,-16.20881818501293,-13.686230346282718,-12.92441638178551,-13.79437474578882,-13.006108109210032,-14.391136126439427,-12.219510601628803,-13.902841124582498,-12.707805603485737,-13.900197151315275,-12.710449576752955,-14.044545045217438,-12.566101682850793,-13.699073954131324,-12.91157277393691,-13.793992017596633,-13.00649083740222,-25.7468975673572,-21.2259118930963,-25.915903872273603,-21.08949042219016,-24.0995948668376,-20.273404450283,-25.7468975673572,-21.2259118930963,3.815604389258675,3.8261904165545992,3.815604389258675,1.4784433623666455,0.787501180194413,4.520985674260899
SMEX02,2002-07-06,WC28,0.107,5.602693201899999,0.797625,12.3425625,-9.544278450973682,-13.707936024240716,-13.686230346282718,-12.92441638178551,-13.797003027165314,-13.014159619236391,-14.391054020638204,-12.219592707430028,-13.841354249745669,-12.769292478322564,-13.825714273990098,-12.784932454078133,-13.978710609187395,-12.631936118880835,-13.696633473389324,-12.914013254678906,-13.796891432556064,-13.014271213845646,-25.6258965276039,-20.981214048294,-25.81059875896328,-20.84325887392506,-23.8954265208545,-19.993349093283,-25.6258965276039,-20.981214048294,3.886236204856112,3.9020774275714984,3.886236204856112,1.3467744903065597,0.7826202187104183,4.6446824793099
SMEX02,2002-07-07,WC28,0.328,19.081108761600003,0.797625,12.3425625,-6.607992171431758,-9.365845229019058,-13.686230346282718,-12.92441638178551,-13.924670883488847,-13.233410060619088,-14.600505065996312,-12.01014166207192,-13.83391127367148,-12.776735454396754,-13.6331977783355,-12.977448949732729,-13.79681684402479,-12.813829884043448,-13.688118784552811,-12.922527943515416,-13.961835892572669,-13.196245051535271,-22.4784324967135,-16.3357434352508,-22.831430531718723,-16.146908496597174,-20.7927099480763,-15.5761381432823,-22.4784324967135,-16.3357434352508,5.211043285121879,5.216571804794,5.211043285121879,0.982986959981341,0.7655908410373957,6.142689061462697
SMEX02,2002-07-08,WC28,0.31,17.658630300000002,0.797625,12.3425625,-6.373396802177154,-10.163998304483757,-13.686230346282718,-12.92441638178551,-13.9109096137099,-13.215746326022169,-14.54862305679383,-12.062023671274403,-13.77971892872571,-12.830927799342522,-13.554626293187122,-13.05602043488111,-13.744144411796585,-12.86650231627165,-13.687690244884491,-12.92295648318374,-13.945694850716416,-13.18096108901566,-22.7717799790771,-16.6145734117824,-23.130467269724928,-16.430891846561753,-20.9284443199423,-15.775651839792,-22.7717799790771,-16.6145734117824,5.148623247195671,5.152792480150302,5.148623247195671,0.8776420955249353,0.7647337617007519,6.1572065672947005
SMEX02,2002-06-25,WC30,0.148,7.355738553599999,0.5484375,9.0643125,-20.00771810626417,-22.459616862018287,-13.686230346282718,-12.92441638178551,-13.050010455897612,-12.069121075300838,-14.402371177363417,-12.20827555070482,-13.96620568037486,-12.64444104769337,-13.863866793498076,-12.746779934570158,-13.919878824150612,-12.69076790391762,-13.693393250829043,-12.91725347723919,-12.947635652394158,-12.171495878804302,-27.2003743741901,-21.8477648104979,-27.243333473289795,-21.736072670323143,-25.3205701248858,-20.8783248174986,-27.2003743741901,-21.8477648104979,4.435000597502263,4.4422453073872,4.435000597502263,1.2291109202329906,0.7761397735898541,5.3526095636922015
SMEX02,2002-06-27,WC30,0.127,6.4088230239,0.5484375,9.0643125,-19.31029505445544,-21.86864010430412,-13.686230346282718,-12.92441638178551,-13.04133687486028,-12.048088095053266,-14.39888592106034,-12.21176080700789,-14.151147877116188,-12.459498850952045,-14.04761584236753,-12.563030885700702,-14.086876184422763,-12.523770543645467,-13.699220283290265,-12.911426444777964,-12.938609404212926,-12.150815565700626,-27.5821779756978,-22.4746750570808,-27.61491500855982,-22.363998868885485,-25.7491259479352,-21.4985232588692,-27.5821779756978,-22.4746750570808,4.2362644838251855,4.250602689066003,4.2362644838251855,1.5631056407772963,0.7877938385123002,5.107502918617001
SMEX02,2002-07-05,WC30,0.159,7.8914166207,0.5484375,9.0643125,-12.444477081011222,-15.742867112030508,-13.686230346282718,-12.92441638178551,-13.054964692968394,-12.080114673660796,-14.404976083472937,-12.205670644595296,-13.86381688465949,-12.746829843408742,-13.771141382440184,-12.83950534562805,-13.82596384865758,-12.784682879410653,-13.690012808995892,-12.920633919072344,-12.952229128276372,-12.182850238352824,-26.8247976489127,-21.4504867068832,-26.865066492333817,-21.33613041236815,-25.1170620597833,-20.5813767873312,-26.8247976489127,-21.4504867068832,4.533920252335103,4.535685272452099,4.533920252335103,1.0412809692469267,0.7693788899235479,5.374310942029499
SMEX02,2002-07-06,WC30,0.171,8.505969816300002,0.5484375,9.0643125,-11.768547671864948,-15.205749204512175,-13.686230346282718,-12.92441638178551,-13.060681876347656,-12.092089680993196,-14.408540868354184,-12.202105859714049,-13.753661720240627,-12.856985007827603,-13.677519444190008,-12.933127283878225,-13.722175054899347,-12.888471673168883,-13.686176167749776,-12.924470560318458,-12.957238582386088,-12.19553297495477,-26.7750036437182,-21.2093201457041,-26.82583161447472,-21.09606194978326,-24.9102012239015,-20.2779212771213,-26.7750036437182,-21.2093201457041,4.635698934767196,4.632279946780198,4.635698934767196,0.833703381730464,0.7617056074313187,5.565683498014099
SMEX02,2002-06-25,WC32,0.103,5.4530018391,0.5811875,7.42025,-15.885702250419529,-19.574073411936467,-13.686230346282718,-12.92441638178551,-13.018868912904386,-12.029835620425986,-14.387138562187635,-12.223508165880595,-14.449576008286597,-12.161070719781636,-14.392923746568224,-12.217722981500009,-14.377899095033964,-12.232747633034268,-13.711719008245575,-12.898927719822655,-12.930747910876653,-12.117956622453727,-27.115363418373,-22.2608543133309,-27.12638552123689,-22.127306081236377,-25.2554076385053,-21.2541530758848,-27.115363418373,-22.2608543133309,4.005733673728026,4.001254562620499,4.005733673728026,2.1451514619996956,0.81279128842292,4.854509105042101
SMEX02,2002-06-27,WC32,0.103,5.4530018391,0.5811875,7.42025,-8.525295863049081,-13.404938206406618,-13.686230346282718,-12.92441638178551,-13.018868912904386,-12.029835620425986,-14.387138562187635,-12.223508165880595,-14.449576008286597,-12.161070719781636,-14.392923746568224,-12.217722981500009,-14.377899095033964,-12.232747633034268,-13.711719008245575,-12.898927719822655,-12.930747910876653,-12.117956622453727,-26.9488603857993,-22.1723815890952,-26.952981517805696,-22.03647127134937,-25.2554076385053,-21.2541530758848,-26.9488603857993,-22.1723815890952,4.005733673728026,4.001254562620499,4.005733673728026,2.1451514619996956,0.81279128842292,4.776478796704101
SMEX02,2002-07-05,WC32,0.077,4.5767179189,0.5811875,7.42025,-12.468630744035496,-17.031006955028104,-13.686230346282718,-12.92441638178551,-13.011196937206302,-12.003618088948285,-14.386868950272746,-12.223777777795489,-14.5796170804344,-12.031029647633831,-14.525044006628708,-12.085602721439525,-14.494391757887438,-12.116254970180794,-13.715635577007664,-12.895011151060572,-12.91771972605084,-12.09709530010375,-27.5436891337372,-23.1315223557933,-27.533497194562266,-22.99645734335003,-25.9437415181538,-22.2237933248185,-27.5436891337372,-23.1315223557933,3.8018312642490946,3.7199481933352985,3.8018312642490946,2.3781367877066444,0.8206244259470914,4.412166777943899
SMEX02,2002-07-06,WC32,0.068,4.3133870656,0.5811875,7.42025,-11.460590373144836,-16.178123562880288,-13.686230346282718,-12.92441638178551,-13.008955536713412,-11.994518919523973,-14.387172668339804,-12.223474059728428,-14.619629030308108,-11.991017697760125,-14.565383308336743,-12.045263419731487,-14.52999883377526,-12.080647894292971,-13.71685309997714,-12.893793628091087,-12.913266964061725,-12.09020749217567,-27.9302640223066,-23.5755688910579,-27.921512030753984,-23.44329061092772,-26.1994716576574,-22.5796455440821,-27.9302640223066,-23.5755688910579,3.7443588832788692,3.6198261135753,3.7443588832788692,2.4493509394822883,0.8230594718860527,4.354695131248697
SMEX02,2002-07-07,WC32,0.1,5.3433,0.5811875,7.42025,-7.999381076296474,-12.478384778014592,-13.686230346282718,-12.92441638178551,-13.017894691235025,-12.02681564825476,-14.387017264007168,-12.223629464061066,-14.465899459071968,-12.144747268996266,-14.409534139864428,-12.201112588203804,-14.392541110789228,-12.218105617279004,-13.71220773279244,-12.898438995275791,-12.92923953850322,-12.115470800986571,-26.9764282947085,-22.2582554691027,-26.97739772313041,-22.121892356881155,-25.3305238923584,-21.3608145405511,-26.9764282947085,-22.2582554691027,3.979616268621238,3.9697093518072997,3.979616268621238,2.1744354935102237,0.8137687375166482,4.7181728256058015
SMEX02,2002-07-08,WC32,0.089,4.9600948777,0.5811875,7.42025,-6.186742648943148,-11.575689521893292,-13.686230346282718,-12.92441638178551,-13.014519700647668,-12.015731057307196,-14.386777225950784,-12.22386950211745,-14.522612131891274,-12.08803459617696,-14.467235100451123,-12.143411627617107,-14.443403397598818,-12.167243330469416,-13.713911657921718,-12.896735070146514,-12.923713672865034,-12.106537085089832,-27.2655209193072,-22.680494813855,-27.26220387629894,-22.54508788257334,-25.6158435840392,-21.7640562822593,-27.2655209193072,-22.680494813855,3.8893013273335955,3.8517873017799005,3.8893013273335955,2.2761600671294016,0.8171765877752044,4.585026105452201
SMEX02,2002-06-25,WC33,0.107,5.602693201899999,0.5793125,5.74575,-19.851915152206804,-22.378482151964583,-13.686230346282718,-12.92441638178551,-12.923710422294564,-11.92804407695412,-14.385197533323128,-12.225449194745105,-14.477874165604964,-12.13277256246327,-14.43520630208204,-12.175440425986192,-14.414697720956877,-12.195949007111356,-13.713153021684652,-12.89749370638358,-12.833706907274884,-12.018047591973811,-26.4559866052043,-21.5401686737087,-26.431719695718183,-21.3830796497872,-24.6747301875561,-20.6227598717764,-26.4559866052043,-21.5401686737087,4.053074178623393,4.051970315779702,4.053074178623393,2.218748713845521,0.8156593153010725,4.915817931495599
SMEX02,2002-06-27,WC33,0.097,5.235811980899999,0.5793125,5.74575,-19.304297975808435,-22.47531555463001,-13.686230346282718,-12.92441638178551,-12.92045050041537,-11.917978224211597,-14.384562346198848,-12.226084381869384,-14.524588297572413,-12.08605843049582,-14.478777005790334,-12.131869722277896,-14.45491495318424,-12.155731774883993,-13.714516554967672,-12.89613017310056,-12.82840755324704,-12.010021171379927,-26.5071165431283,-21.8103446797681,-26.472220021058,-21.65033801511223,-24.923266851922,-20.9780544629603,-26.5071165431283,-21.8103446797681,3.9667095832340826,3.9452123889617,3.9667095832340826,2.2991831783002468,0.8183863818671107,4.696771863360201
SMEX02,2002-07-05,WC33,0.073,4.4570963961,0.5793125,5.74575,-15.138053099315748,-19.91559889526068,-13.686230346282718,-12.92441638178551,-12.913681079940329,-11.893759425960544,-14.384067145422378,-12.226579582645854,-14.62451831498675,-11.986128413081484,-14.57139321821092,-12.039253509857314,-14.53957557269324,-12.071071155374993,-13.717435267972524,-12.893211460095705,-12.815832156888847,-11.99160834901203,-27.0695965241605,-22.7160223352031,-27.02525398736234,-22.555189027954658,-25.5699656851981,-21.8916272769165,-27.0695965241605,-22.7160223352031,3.7915959099001078,3.6783384082816006,3.7915959099001078,2.468504417318247,0.8242238078768196,4.353574188957399
SMEX02,2002-07-06,WC33,0.079,4.6380699087,0.5793125,5.74575,-12.99394991514358,-19.516606923412304,-13.686230346282718,-12.92441638178551,-12.91523148083316,-11.89982230460268,-14.38406165768392,-12.226585070384312,-14.600896611954775,-12.009750116113455,-14.549608862107773,-12.06103786596046,-14.519771859549016,-12.090874868519215,-13.716744919595437,-12.893901808472796,-12.818948448279244,-11.996105337156605,-26.9970113981804,-22.5224785733643,-26.95793569854505,-22.363024613543026,-25.4022221197107,-21.6561605338153,-26.9970113981804,-22.5224785733643,3.83075889266541,3.7460615858954007,3.83075889266541,2.4288969910298004,0.8228431111226406,4.474532824816102
SMEX02,2002-07-07,WC33,0.13,6.5378901,0.5793125,5.74575,-9.258697803710168,-14.138649895774115,-13.686230346282718,-12.92441638178551,-12.93215461309048,-11.951141010549408,-14.387760627012824,-12.222886101055408,-14.35493934551718,-12.255707382551051,-14.32046887057543,-12.290177857492802,-14.30780596735026,-12.302840760717974,-13.709557610338027,-12.901089117730203,-12.845882058123856,-12.037413565516037,-25.7698755937,-20.6698597480205,-25.74455618450566,-20.509984262446565,-24.1528548439058,-19.8690067172881,-25.7698755937,-20.6698597480205,4.270570077510672,4.283848126617698,4.270570077510672,2.0049652066322867,0.8084684926078243,5.100015845679501
SMEX02,2002-07-08,WC33,0.103,5.4530018391,0.5793125,5.74575,-10.871586361529308,-16.85293587974076,-13.686230346282718,-12.92441638178551,-12.922376013997908,-11.924019489714404,-14.384911199013208,-12.225735529055026,-14.496982461070417,-12.113664266997814,-14.45303980881538,-12.157606919252856,-14.431185987199717,-12.17946074086852,-13.71371078603264,-12.896935942035588,-12.831585173854682,-12.014810329857632,-26.4558978399683,-21.6370113839584,-26.42657666633333,-21.47846833139853,-24.7725783868622,-20.7629191160678,-26.4558978399683,-21.6370113839584,4.01771378118071,4.009659270794401,4.01771378118071,2.2517252463311976,0.8167748439970524,4.818886456009903
