repeat,seed,i2em_train_samples,method,response,n_test,rmse_db,mae_db,r_squared
1,20260910,32,i2em_only,HH,128,0.5076489329313387,0.38885987763066787,0.9711669225371173
1,20260910,32,i2em_only,VV,128,0.6544324930112224,0.4777077620775632,0.9546170628763115
1,20260910,32,i2em_only,common,128,0.5735185807170323,0.4270809479570383,0.963838214108036
1,20260910,32,i2em_only,differential,128,0.23724334409990225,0.15019825916167184,0.8463867525548951
1,20260910,32,spm_to_i2em,HH,128,0.10775893377944706,0.07312044902395368,0.9987008161457653
1,20260910,32,spm_to_i2em,VV,128,0.08583860484027447,0.06306958985351653,0.9992192208783474
1,20260910,32,spm_to_i2em,common,128,0.08396726768114754,0.05762676776294037,0.999224869318008
1,20260910,32,spm_to_i2em,differential,128,0.09878511837856012,0.07438474864543539,0.9733667819021389
1,20260910,64,i2em_only,HH,128,0.5135432326348791,0.402863460908324,0.9704934750571612
1,20260910,64,i2em_only,VV,128,0.5504361445813236,0.42544477262128255,0.9678946965181945
1,20260910,64,i2em_only,common,128,0.5308704167681483,0.41404027082121586,0.969016395927324
1,20260910,64,i2em_only,differential,128,0.07822790100032302,0.05515412370642134,0.9832981741406712
1,20260910,64,spm_to_i2em,HH,128,0.058906720169445946,0.03758734972551972,0.9996117658550523
1,20260910,64,spm_to_i2em,VV,128,0.06585579234678372,0.04270104304982965,0.9995404308689703
1,20260910,64,spm_to_i2em,common,128,0.055688387956835936,0.03460160136089692,0.9996590551162126
1,20260910,64,spm_to_i2em,differential,128,0.05664969479674119,0.04226100840521142,0.9912413787780492
1,20260910,128,i2em_only,HH,128,0.34719770896312735,0.24558175140831937,0.9865129258570112
1,20260910,128,i2em_only,VV,128,0.3910826776971744,0.2678469857561403,0.9837930963154161
1,20260910,128,i2em_only,common,128,0.3682366777203098,0.2555622855715174,0.9850923573938208
1,20260910,128,i2em_only,differential,128,0.06775556459884058,0.04483268293654666,0.9874705925246495
1,20260910,128,spm_to_i2em,HH,128,0.047608570310679305,0.033469733183441236,0.9997464087157926
1,20260910,128,spm_to_i2em,VV,128,0.04776459821598451,0.03263175773569707,0.9997582451759757
1,20260910,128,spm_to_i2em,common,128,0.043449055618209005,0.029698058493874788,0.9997924534264525
1,20260910,128,spm_to_i2em,differential,128,0.03930373879245834,0.029356067866683044,0.9957839250188969
1,20260910,256,i2em_only,HH,128,0.24183799569879555,0.17195979955596788,0.9934564547024424
1,20260910,256,i2em_only,VV,128,0.26830103904502833,0.1858784338475835,0.9923720541719543
1,20260910,256,i2em_only,common,128,0.25461659170643114,0.17861978945881765,0.9928726467189607
1,20260910,256,i2em_only,differential,128,0.040295065997056984,0.02587181602742976,0.9955685654528409
1,20260910,256,spm_to_i2em,HH,128,0.037233999735915325,0.02625608595112991,0.9998448887041382
1,20260910,256,spm_to_i2em,VV,128,0.04322375821662582,0.028961127609168538,0.9998020260987144
1,20260910,256,spm_to_i2em,common,128,0.038385730388791686,0.025822571525276145,0.9998380076512254
1,20260910,256,spm_to_i2em,differential,128,0.024808684597997947,0.01804834393706757,0.9983202367640811
2,20360910,32,i2em_only,HH,128,0.5583383700542739,0.4487938514219198,0.9651214041840225
2,20360910,32,i2em_only,VV,128,0.571918224564815,0.453123547609691,0.9653398240764991
2,20360910,32,i2em_only,common,128,0.5623368761755925,0.44854369888585055,0.9652345373487111
2,20360910,32,i2em_only,differential,128,0.11301917050117065,0.07948920046711971,0.9651385997364431
2,20360910,32,spm_to_i2em,HH,128,0.09641118754129842,0.0712575366928295,0.9989600345577386
2,20360910,32,spm_to_i2em,VV,128,0.0549458756454323,0.04080357441613941,0.9996800861157702
2,20360910,32,spm_to_i2em,common,128,0.06332009462529806,0.04445780131152906,0.9995592036440056
2,20360910,32,spm_to_i2em,differential,128,0.09268546344333975,0.0702001004507698,0.9765542652192055
2,20360910,64,i2em_only,HH,128,0.4194634361620525,0.3040863004278669,0.9803142364757531
2,20360910,64,i2em_only,VV,128,0.4466818429250152,0.3209612419990942,0.9788573466346279
2,20360910,64,i2em_only,common,128,0.4310377368961266,0.3111799690682449,0.9795738990994957
2,20360910,64,i2em_only,differential,128,0.08817235188759846,0.06080996596525037,0.9787819510645404
2,20360910,64,spm_to_i2em,HH,128,0.05328054601874828,0.04016319182884262,0.999682384727601
2,20360910,64,spm_to_i2em,VV,128,0.04988968902898769,0.03529217271830866,0.9997362548483726
2,20360910,64,spm_to_i2em,common,128,0.04248286069195688,0.029887377797921125,0.9998015813949921
2,20360910,64,spm_to_i2em,differential,128,0.05862099880282886,0.04161861287958622,0.9906212054176634
2,20360910,128,i2em_only,HH,128,0.40625003384553104,0.28943839406083194,0.9815349340210712
2,20360910,128,i2em_only,VV,128,0.42033354394886036,0.2913593830853575,0.981278053928218
2,20360910,128,i2em_only,common,128,0.4123326998323042,0.28945014848228534,0.9813082294793648
2,20360910,128,i2em_only,differential,128,0.0580149543843531,0.039621076365922075,0.990814125525061
2,20360910,128,spm_to_i2em,HH,128,0.049249766544693985,0.03510689544343509,0.9997286234007408
2,20360910,128,spm_to_i2em,VV,128,0.04593199328605692,0.0329898663075264,0.9997764403215218
2,20360910,128,spm_to_i2em,common,128,0.044745431090260884,0.031064465306046632,0.9997798836623423
2,20360910,128,spm_to_i2em,differential,128,0.03258773711170105,0.02456648018983107,0.9971016621754812
2,20360910,256,i2em_only,HH,128,0.28904235770490283,0.189225750561968,0.9906526818318139
2,20360910,256,i2em_only,VV,128,0.30145077169754647,0.19086609716276282,0.990370678412477
2,20360910,256,i2em_only,common,128,0.2947116139685084,0.18932392395242165,0.990451187033546
2,20360910,256,i2em_only,differential,128,0.0376345981460953,0.026977302511507636,0.9961344155777667
2,20360910,256,spm_to_i2em,HH,128,0.05775487321527034,0.03928862187703952,0.9996268002766803
2,20360910,256,spm_to_i2em,VV,128,0.0570512463672852,0.03862123538838355,0.9996551000238744
2,20360910,256,spm_to_i2em,common,128,0.05591250845399909,0.03745005246188644,0.9996563052969786
2,20360910,256,spm_to_i2em,differential,128,0.026002034110261158,0.021146331244381145,0.9981547498741347
3,20460910,32,i2em_only,HH,128,0.5807860618150317,0.44848113322366656,0.9622604763673166
3,20460910,32,i2em_only,VV,128,0.6500648557231277,0.4914895659359242,0.9552208066386935
3,20460910,32,i2em_only,common,128,0.6131172063769703,0.4692406458406964,0.9586722374409603
3,20460910,32,i2em_only,differential,128,0.1270539155944744,0.0809599511515432,0.9559428191425668
3,20460910,32,spm_to_i2em,HH,128,0.06384932932771266,0.04841865301293008,0.9995438825128181
3,20460910,32,spm_to_i2em,VV,128,0.07262263701046023,0.05283209880546616,0.9994411349893909
3,20460910,32,spm_to_i2em,common,128,0.05932847543737084,0.04286664117808947,0.9996130264674195
3,20460910,32,spm_to_i2em,differential,128,0.0679860024785452,0.05076925851759692,0.9873852221228487
3,20460910,64,i2em_only,HH,128,0.4949355706773747,0.36554574596304956,0.9725930076724515
3,20460910,64,i2em_only,VV,128,0.5371539632485494,0.3842058068894638,0.9694254228211705
3,20460910,64,i2em_only,common,128,0.513992627847646,0.37396197877347925,0.970955181616523
3,20460910,64,i2em_only,differential,128,0.10118059489749026,0.0716353212088452,0.9720594434019572
3,20460910,64,spm_to_i2em,HH,128,0.04722052760152314,0.035076345228857164,0.9997505257567801
3,20460910,64,spm_to_i2em,VV,128,0.06725510906020819,0.04311611071998575,0.999520693351074
3,20460910,64,spm_to_i2em,common,128,0.049448785774632784,0.0316897748547398,0.9997311771698858
3,20460910,64,spm_to_i2em,differential,128,0.06103545023174108,0.045743649184638024,0.9898327172511541
3,20460910,128,i2em_only,HH,128,0.30342633780753964,0.22178614882642683,0.9896992085552013
3,20460910,128,i2em_only,VV,128,0.35295321432917076,0.25248040841693276,0.9867992935457734
3,20460910,128,i2em_only,common,128,0.326515699423212,0.23553492939776743,0.9882790444041624
3,20460910,128,i2em_only,differential,128,0.08268627505130488,0.05863367921923096,0.9813401799252189
3,20460910,128,spm_to_i2em,HH,128,0.0505772723717804,0.03789117767808389,0.9997137965584277
3,20460910,128,spm_to_i2em,VV,128,0.052688904898658684,0.034803079660717384,0.9997058280662656
3,20460910,128,spm_to_i2em,common,128,0.0456708969398026,0.030473693060846227,0.9997706842063048
3,20460910,128,spm_to_i2em,differential,128,0.04821865874154982,0.038729045534150325,0.9936544269526849
3,20460910,256,i2em_only,HH,128,0.21155773246800094,0.15396482913957701,0.9949924897095976
3,20460910,256,i2em_only,VV,128,0.2456212696478785,0.1702161554331055,0.9936071452817895
3,20460910,256,i2em_only,common,128,0.22767204830056884,0.1616553456833815,0.9943013194198362
3,20460910,256,i2em_only,differential,128,0.053242072004854195,0.034840940763429584,0.9922633937699834
3,20460910,256,spm_to_i2em,HH,128,0.04262000584061633,0.03417889943839972,0.9997967684856516
3,20460910,256,spm_to_i2em,VV,128,0.046091047534168275,0.030597490195530277,0.9997748893467128
3,20460910,256,spm_to_i2em,common,128,0.04144076152966502,0.029761010093464782,0.999811196369832
3,20460910,256,spm_to_i2em,differential,128,0.03181748350621042,0.024308847073550563,0.997237054925165
4,20560910,32,i2em_only,HH,128,0.3740695631870151,0.2672486914654071,0.984344433455853
4,20560910,32,i2em_only,VV,128,0.4354219452200991,0.2949829958258141,0.9799098343201718
4,20560910,32,i2em_only,common,128,0.4018770169095795,0.2793166618169419,0.9822441599153898
4,20560910,32,i2em_only,differential,128,0.11410552170595956,0.07503836182970186,0.9644651965014487
4,20560910,32,spm_to_i2em,HH,128,0.09963449861508555,0.05914069573734021,0.9988893338837256
4,20560910,32,spm_to_i2em,VV,128,0.09828633629582577,0.05940188597529966,0.9989763554362578
4,20560910,32,spm_to_i2em,common,128,0.09351192716145727,0.054284255398872286,0.9990386336873551
4,20560910,32,spm_to_i2em,differential,128,0.064780802308034,0.04809504274389015,0.988546631309489
4,20560910,64,i2em_only,HH,128,0.36148700068348205,0.27741255018802513,0.9853799313385572
4,20560910,64,i2em_only,VV,128,0.39235153335528944,0.28994792312067347,0.9836877601161634
4,20560910,64,i2em_only,common,128,0.369651306180101,0.2814849387782109,0.9849775981403495
4,20560910,64,i2em_only,differential,128,0.15052176632020323,0.10942327691934345,0.9381643104351495
4,20560910,64,spm_to_i2em,HH,128,0.043743181539128484,0.030563347084619413,0.9997859157205271
4,20560910,64,spm_to_i2em,VV,128,0.05474327929014043,0.03331989103101887,0.999682440938449
4,20560910,64,spm_to_i2em,common,128,0.04062750279887656,0.022569383209033164,0.9998185340515238
4,20560910,64,spm_to_i2em,differential,128,0.056729262136185364,0.04349238254999582,0.991216757653223
4,20560910,128,i2em_only,HH,128,0.31845039017660626,0.2485386039719245,0.98865387368681
4,20560910,128,i2em_only,VV,128,0.3524581038595806,0.26793147495373265,0.986836302552092
4,20560910,128,i2em_only,common,128,0.33396040469202354,0.2580204161281847,0.9877384649894282
4,20560910,128,i2em_only,differential,128,0.07180894339569895,0.0543024830299693,0.9859266441431849
4,20560910,128,spm_to_i2em,HH,128,0.053353782703018056,0.03780608672914115,0.9996815109724349
4,20560910,128,spm_to_i2em,VV,128,0.05381053485167125,0.03582286237546206,0.9996931702201164
4,20560910,128,spm_to_i2em,common,128,0.04922863891519296,0.03286225774586876,0.9997335654495799
4,20560910,128,spm_to_i2em,differential,128,0.04231505667865484,0.030268773155325973,0.9951131337808591
4,20560910,256,i2em_only,HH,128,0.28222999666904275,0.21528189632648775,0.9910880983568454
4,20560910,256,i2em_only,VV,128,0.3184386156276476,0.23324963628781353,0.9892548039088739
4,20560910,256,i2em_only,common,128,0.29952380846991444,0.22387341637089075,0.9901368058140101
4,20560910,256,i2em_only,differential,128,0.057059605011192324,0.03926493991978325,0.991114167586053
4,20560910,256,spm_to_i2em,HH,128,0.05166544609906647,0.03768714721654967,0.9997013486992138
4,20560910,256,spm_to_i2em,VV,128,0.052279419740680316,0.03613324395499615,0.9997103827614915
4,20560910,256,spm_to_i2em,common,128,0.05039271781695691,0.0355161847325941,0.9997208160493355
4,20560910,256,spm_to_i2em,differential,128,0.025440284238934543,0.01790933498501837,0.9982336184702961
5,20660910,32,i2em_only,HH,128,0.4878215050809377,0.3770078205004974,0.9733752261816391
5,20660910,32,i2em_only,VV,128,0.5787576172567089,0.4472709976186291,0.9645058867245588
5,20660910,32,i2em_only,common,128,0.5297886316532538,0.4083308311301255,0.9691425414056318
5,20660910,32,i2em_only,differential,128,0.1521723489602492,0.11610474543929448,0.9368007265903193
5,20660910,32,spm_to_i2em,HH,128,0.08512671205612536,0.06291530196004519,0.999189233562344
5,20660910,32,spm_to_i2em,VV,128,0.055413478765527296,0.04237582521504442,0.9996746178521597
5,20660910,32,spm_to_i2em,common,128,0.05032557964092124,0.038470667573072756,0.9997215594668687
5,20660910,32,spm_to_i2em,differential,128,0.1024878802785442,0.07188531905281507,0.9713327774481554
5,20660910,64,i2em_only,HH,128,0.418157648094326,0.3158482562996644,0.9804366091187107
5,20660910,64,i2em_only,VV,128,0.4895607894238874,0.37292330145160624,0.9746033669588456
5,20660910,64,i2em_only,common,128,0.4520596443889627,0.34210213655856314,0.9775329338852337
5,20660910,64,i2em_only,differential,128,0.10779370140195789,0.07973102800742289,0.9682877273955794
5,20660910,64,spm_to_i2em,HH,128,0.06808880234133344,0.04895534420474776,0.9994813009724656
5,20660910,64,spm_to_i2em,VV,128,0.06891195396319866,0.04853336809693665,0.9994967868059944
5,20660910,64,spm_to_i2em,common,128,0.06158847467362833,0.04298098790781113,0.999582982978736
5,20660910,64,spm_to_i2em,differential,128,0.05997769548848745,0.045463715266055194,0.9901820651441695
5,20660910,128,i2em_only,HH,128,0.35152130440193813,0.2776268983894822,0.9861749297837517
5,20660910,128,i2em_only,VV,128,0.3976672344785517,0.3044108081382468,0.9832427592521283
5,20660910,128,i2em_only,common,128,0.3727014119586365,0.2895160684655682,0.984728666506657
5,20660910,128,i2em_only,differential,128,0.08824706085005837,0.059390866726190386,0.978745979471336
5,20660910,128,spm_to_i2em,HH,128,0.04202697166983425,0.030578435755293898,0.9998023848492655
5,20660910,128,spm_to_i2em,VV,128,0.03736687458636177,0.026126369708465935,0.9998520426855726
5,20660910,128,spm_to_i2em,common,128,0.0311777109071616,0.021745551842636143,0.9998931330691903
5,20660910,128,spm_to_i2em,differential,128,0.049364974410382276,0.035645470137573326,0.9933491304646789
5,20660910,256,i2em_only,HH,128,0.2556999839825172,0.17092587194683323,0.9926848127890991
5,20660910,256,i2em_only,VV,128,0.2844778437169151,0.18838995459226854,0.991424493392778
5,20660910,256,i2em_only,common,128,0.26935333085677676,0.1789485605837647,0.9920237347840412
5,20660910,256,i2em_only,differential,128,0.04914654997463439,0.0345563777240208,0.9934078562533881
5,20660910,256,spm_to_i2em,HH,128,0.045436733910331865,0.03387968899371427,0.9997690179374358
5,20660910,256,spm_to_i2em,VV,128,0.05305398605503407,0.038460775715414994,0.9997017373110944
5,20660910,256,spm_to_i2em,common,128,0.04665688507390825,0.03391329339416446,0.9997606759371529
5,20660910,256,spm_to_i2em,differential,128,0.032418894958536115,0.02362223596499223,0.9971316178528454
6,20760910,32,i2em_only,HH,128,0.5608831205046414,0.4184951746824324,0.964802745848027
6,20760910,32,i2em_only,VV,128,0.5804071309810356,0.43794717714064735,0.9643032752722746
6,20760910,32,i2em_only,common,128,0.5695499583762603,0.427132080939946,0.9643369457579772
6,20760910,32,i2em_only,differential,128,0.07332124368640577,0.05556515663299734,0.9853276309510515
6,20760910,32,spm_to_i2em,HH,128,0.07504398834211405,0.049213806814867644,0.999369919762602
6,20760910,32,spm_to_i2em,VV,128,0.07692788586899275,0.049353578567796846,0.9993729091186555
6,20760910,32,spm_to_i2em,common,128,0.07434285368916943,0.04769900222947297,0.9993923782088152
6,20760910,32,spm_to_i2em,differential,128,0.031489046389676235,0.023885887037280007,0.9972938017198363
6,20760910,64,i2em_only,HH,128,0.42104418930399584,0.3046614899593565,0.980165584818588
6,20760910,64,i2em_only,VV,128,0.44574836878738133,0.3250991285633654,0.9789456219840416
6,20760910,64,i2em_only,common,128,0.4323568632036595,0.31436955157175844,0.9794486857610273
6,20760910,64,i2em_only,differential,128,0.06488302250441819,0.04566190894367693,0.988510457342703
6,20760910,64,spm_to_i2em,HH,128,0.06057140869213851,0.04069656757028933,0.9995895130152602
6,20760910,64,spm_to_i2em,VV,128,0.06036136830616458,0.040625036569159556,0.9996139166764892
6,20760910,64,spm_to_i2em,common,128,0.05861198539481118,0.038975902943375176,0.9996223167273398
6,20760910,64,spm_to_i2em,differential,128,0.029720722430633943,0.022269431214419322,0.9975892103418109
6,20760910,128,i2em_only,HH,128,0.32233170463674576,0.23529485277687345,0.9883756121101205
6,20760910,128,i2em_only,VV,128,0.35299561596881096,0.25324132388857606,0.9867961216510479
6,20760910,128,i2em_only,common,128,0.3359505551741237,0.2430543417083404,0.9875918906706797
6,20760910,128,i2em_only,differential,128,0.0745396761949863,0.055227141157391454,0.9848359363068537
6,20760910,128,spm_to_i2em,HH,128,0.0458337923899735,0.03240257507369043,0.9997649633275622
6,20760910,128,spm_to_i2em,VV,128,0.044661368458457036,0.03066828393592823,0.999788637983776
6,20760910,128,spm_to_i2em,common,128,0.038387897648358385,0.025649768078007354,0.9998379893585226
6,20760910,128,spm_to_i2em,differential,128,0.047918952110988185,0.03469662793066318,0.9937330645566878
6,20760910,256,i2em_only,HH,128,0.23376225563560268,0.15583133512349653,0.9938861775556356
6,20760910,256,i2em_only,VV,128,0.2601440272387264,0.17035080757683335,0.9928288202353928
6,20760910,256,i2em_only,common,128,0.24629669719717828,0.1626291258129039,0.9933308258016029
6,20760910,256,i2em_only,differential,128,0.04462243757015039,0.029980202504172895,0.9945656553591424
6,20760910,256,spm_to_i2em,HH,128,0.04209842547607542,0.03270994634393318,0.9998017123117132
6,20760910,256,spm_to_i2em,VV,128,0.04354929365504071,0.03082433905642211,0.9997990328277232
6,20760910,256,spm_to_i2em,common,128,0.039749061007851444,0.028398337230991985,0.9998262964746025
6,20760910,256,spm_to_i2em,differential,128,0.03190118190305334,0.024305450275200716,0.9972224995163872
7,20860910,32,i2em_only,HH,128,0.4669064001963941,0.30489060944646623,0.9756093318312347
7,20860910,32,i2em_only,VV,128,0.491690488447137,0.33041081930334393,0.9743819242639533
7,20860910,32,i2em_only,common,128,0.4760832336880655,0.3146599319538362,0.9750815709433794
7,20860910,32,i2em_only,differential,128,0.11358373277867805,0.08820702141729186,0.9647894450122985
7,20860910,32,spm_to_i2em,HH,128,0.06791516073213955,0.04980513420288163,0.9994839431951027
7,20860910,32,spm_to_i2em,VV,128,0.05238924710636734,0.03707032567247617,0.9997091646412767
7,20860910,32,spm_to_i2em,common,128,0.053532820681410666,0.03842135027402063,0.9996849386426306
7,20860910,32,spm_to_i2em,differential,128,0.05701888265177124,0.04240363352263804,0.99112684636074
7,20860910,64,i2em_only,HH,128,0.48207967332059976,0.350615414436574,0.9739983035739939
7,20860910,64,i2em_only,VV,128,0.5014006485412278,0.35820710895257324,0.9733600948798101
7,20860910,64,i2em_only,common,128,0.49042831716252294,0.3539088774515772,0.9735572900226349
7,20860910,64,i2em_only,differential,128,0.07434451206016217,0.05118796839813716,0.9849152392278874
7,20860910,64,spm_to_i2em,HH,128,0.05829506203265906,0.04347860125886699,0.9996197864579837
7,20860910,64,spm_to_i2em,VV,128,0.050775185537306616,0.035502241014189306,0.9997268092885975
7,20860910,64,spm_to_i2em,common,128,0.049401069110022094,0.03607205437142719,0.9997316957322578
7,20860910,64,spm_to_i2em,differential,128,0.04680817162233847,0.035113122846772565,0.9940202372818946
7,20860910,128,i2em_only,HH,128,0.3701470960728115,0.2864992329372321,0.9846710383904395
7,20860910,128,i2em_only,VV,128,0.39451603937821583,0.2941518092316832,0.9835072825034072
7,20860910,128,i2em_only,common,128,0.3812841206031418,0.29027400577999607,0.9840172199728722
7,20860910,128,i2em_only,differential,128,0.06158923298088264,0.03860345039854371,0.9896473820483308
7,20860910,128,spm_to_i2em,HH,128,0.04944334353430202,0.033876443372713005,0.9997264859081888
7,20860910,128,spm_to_i2em,VV,128,0.04918293585716016,0.03355778854281764,0.9997436745138786
7,20860910,128,spm_to_i2em,common,128,0.040528354563985666,0.023738818894740027,0.9998194186776109
7,20860910,128,spm_to_i2em,differential,128,0.05618737139344174,0.04317480846379278,0.9913837552609729
7,20860910,256,i2em_only,HH,128,0.3023319846612343,0.22451659149518738,0.9897733772990892
7,20860910,256,i2em_only,VV,128,0.3254807547257086,0.23648788905389262,0.9887742977265097
7,20860910,256,i2em_only,common,128,0.3131510790855927,0.2297483216799866,0.9892189090361257
7,20860910,256,i2em_only,differential,128,0.04929815373977981,0.03480609415540577,0.9933671235776586
7,20860910,256,spm_to_i2em,HH,128,0.0442377044357544,0.033332301735614134,0.9997810478526863
7,20860910,256,spm_to_i2em,VV,128,0.05016864862227673,0.03610916069527581,0.9997332971255293
7,20860910,256,spm_to_i2em,common,128,0.045476707514681816,0.03355660639844772,0.9997726301296138
7,20860910,256,spm_to_i2em,differential,128,0.025984839640789778,0.019522665541321704,0.9981571894991531
8,20960910,32,i2em_only,HH,128,0.536768498404019,0.41701083173896497,0.9677642273632143
8,20960910,32,i2em_only,VV,128,0.65115263240626,0.48140782084246425,0.9550708200153923
8,20960910,32,i2em_only,common,128,0.5895413556415052,0.44600683663238,0.9617894369983704
8,20960910,32,i2em_only,differential,128,0.18440255716914336,0.12931343466326733,0.9071943376148769
8,20960910,32,spm_to_i2em,HH,128,0.061107864819379014,0.04491321797426945,0.9995822097872188
8,20960910,32,spm_to_i2em,VV,128,0.04230012773029993,0.03168147718466763,0.9998103965442701
8,20960910,32,spm_to_i2em,common,128,0.03918859665940557,0.029584167554409194,0.9998311604023231
8,20960910,32,spm_to_i2em,differential,128,0.07002827618206887,0.05040750894977619,0.9866159525384012
8,20960910,64,i2em_only,HH,128,0.25073341494648677,0.1889966793556312,0.9929662249489649
8,20960910,64,i2em_only,VV,128,0.31626460136761103,0.23095350180159924,0.9894010202725331
8,20960910,64,i2em_only,common,128,0.27721901130594934,0.20523644079546788,0.9915510856836705
8,20960910,64,i2em_only,differential,128,0.13557125794241887,0.0967899273010529,0.9498378840291866
8,20960910,64,spm_to_i2em,HH,128,0.045712490095039235,0.03347649170482975,0.9997662057628393
8,20960910,64,spm_to_i2em,VV,128,0.046692970571918985,0.030647192001195867,0.9997689713184785
8,20960910,64,spm_to_i2em,common,128,0.038824100630188936,0.024038299102061192,0.999834286575127
8,20960910,64,spm_to_i2em,differential,128,0.050104763686361936,0.03631546870183311,0.9931482953714617
8,20960910,128,i2em_only,HH,128,0.4631079503406446,0.3417894014250973,0.9760045711035
8,20960910,128,i2em_only,VV,128,0.48105859862575717,0.35042412577302956,0.9754778324986328
8,20960910,128,i2em_only,common,128,0.471097331191686,0.34573518144172716,0.9756007670710173
8,20960910,128,i2em_only,differential,128,0.06357606575798933,0.046297965010668185,0.9889686695408704
8,20960910,128,spm_to_i2em,HH,128,0.05451307194429699,0.04305130304665883,0.999667520130052
8,20960910,128,spm_to_i2em,VV,128,0.04821003084500511,0.03492824987410821,0.9997537151430329
8,20960910,128,spm_to_i2em,common,128,0.046439299764708154,0.03484191239986238,0.9997629029172637
8,20960910,128,spm_to_i2em,differential,128,0.04433204172170712,0.034817849364748174,0.9946361569344986
8,20960910,256,i2em_only,HH,128,0.18300786066606944,0.12824393088821123,0.9962528288311827
8,20960910,256,i2em_only,VV,128,0.2117844706452285,0.14252766381212123,0.9952471827617815
8,20960910,256,i2em_only,common,128,0.19554639419356293,0.13346587533961513,0.9957960793554812
8,20960910,256,i2em_only,differential,128,0.06111881065339186,0.04298835006102662,0.9898049259347145
8,20960910,256,spm_to_i2em,HH,128,0.04673459467682218,0.03543776199070359,0.9997556338737265
8,20960910,256,spm_to_i2em,VV,128,0.04191338568438995,0.03359365276715168,0.9998138477120087
8,20960910,256,spm_to_i2em,common,128,0.03238628554635465,0.02482273795058823,0.9998846872932315
8,20960910,256,spm_to_i2em,differential,128,0.06071426942910913,0.046528508380007355,0.9899394402807418
9,21060910,32,i2em_only,HH,128,0.5240817025349596,0.3827784787780344,0.9692700369527363
9,21060910,32,i2em_only,VV,128,0.6168513189780993,0.42895509460726694,0.9596796877806353
9,21060910,32,i2em_only,common,128,0.5674665836651616,0.40216782686655905,0.9645973745859971
9,21060910,32,i2em_only,differential,128,0.14920143098337263,0.11248948781889048,0.9392443637639093
9,21060910,32,spm_to_i2em,HH,128,0.0674514393358168,0.04746587930090515,0.9994909663573174
9,21060910,32,spm_to_i2em,VV,128,0.08163332217309575,0.04998127218052849,0.9992938485860273
9,21060910,32,spm_to_i2em,common,128,0.06359265623481286,0.03965037806788531,0.9995554006571182
9,21060910,32,spm_to_i2em,differential,128,0.07906508842076503,0.05643658992922147,0.9829387786226633
9,21060910,64,i2em_only,HH,128,0.375066588290814,0.2639394710851103,0.9842608672099658
9,21060910,64,i2em_only,VV,128,0.42096670733323055,0.2819199184391079,0.9812216083792156
9,21060910,64,i2em_only,common,128,0.3964773273572241,0.2709598796335365,0.9827180955559773
9,21060910,64,i2em_only,differential,128,0.08365849769674212,0.05756573661148416,0.980898797042295
9,21060910,64,spm_to_i2em,HH,128,0.07990893823799952,0.0464186769812065,0.9992855780921273
9,21060910,64,spm_to_i2em,VV,128,0.0869919632014111,0.046863773707561424,0.999198098261722
9,21060910,64,spm_to_i2em,common,128,0.07997511673562696,0.04250040939105108,0.9992968230105881
9,21060910,64,spm_to_i2em,differential,128,0.04818716588897443,0.03654990407050754,0.993662713161439
9,21060910,128,i2em_only,HH,128,0.33122115665875457,0.26740635379412225,0.9877256025350442
9,21060910,128,i2em_only,VV,128,0.38043714008571633,0.2822729126631759,0.9846634135340134
9,21060910,128,i2em_only,common,128,0.3516061658697799,0.2729770133374837,0.9864084855878984
9,21060910,128,i2em_only,differential,128,0.11988394737968663,0.0815591931290023,0.9607750259415863
9,21060910,128,spm_to_i2em,HH,128,0.037731957532328116,0.029192603975523812,0.9998407121254228
9,21060910,128,spm_to_i2em,VV,128,0.04316779368893162,0.0310894117285114,0.9998025384254375
9,21060910,128,spm_to_i2em,common,128,0.033737132914639215,0.02389816215227178,0.999874867180713
9,21060910,128,spm_to_i2em,differential,128,0.04496155594708713,0.03431944401191561,0.9944827424143774
9,21060910,256,i2em_only,HH,128,0.23871044876764427,0.1827117979704145,0.9936246078707308
9,21060910,256,i2em_only,VV,128,0.2561333352501915,0.1908049110381494,0.993048234715021
9,21060910,256,i2em_only,common,128,0.24685278207953665,0.186584276354559,0.9933006766876915
9,21060910,256,i2em_only,differential,128,0.037798723164220775,0.024640927913636326,0.9961006263230018
9,21060910,256,spm_to_i2em,HH,128,0.04186678911602821,0.028325851247958778,0.999803888368264
9,21060910,256,spm_to_i2em,VV,128,0.04668509625752421,0.02922811212845136,0.999769049233379
9,21060910,256,spm_to_i2em,common,128,0.041370102167569464,0.026620425254008512,0.9998118396674034
9,21060910,256,spm_to_i2em,differential,128,0.03191725353942627,0.02479595637772758,0.9972197002331276
10,21160910,32,i2em_only,HH,128,0.4375740187514489,0.32543293630741543,0.9785776505905713
10,21160910,32,i2em_only,VV,128,0.5046738958588182,0.3706647233543191,0.9730111379137881
10,21160910,32,i2em_only,common,128,0.46501648945870316,0.34339836123495493,0.9762265839068993
10,21160910,32,i2em_only,differential,128,0.16544541160526588,0.1217215215524834,0.9252949345611594
10,21160910,32,spm_to_i2em,HH,128,0.06339380471867698,0.04749704481950284,0.9995503675167676
10,21160910,32,spm_to_i2em,VV,128,0.07494630568947433,0.050294549741342856,0.9994047994124146
10,21160910,32,spm_to_i2em,common,128,0.05896000589209216,0.04131431634898067,0.9996178182702492
10,21160910,32,spm_to_i2em,differential,128,0.07325515167711841,0.05206043136856682,0.9853540704724087
10,21160910,64,i2em_only,HH,128,0.33970404912912344,0.2426619979676611,0.9870888332402585
10,21160910,64,i2em_only,VV,128,0.3971608312226356,0.2726659743113375,0.983285410581714
10,21160910,64,i2em_only,common,128,0.36557743488639766,0.2545981754456784,0.9853068927830506
10,21160910,64,i2em_only,differential,128,0.10809111948666417,0.07610777511247717,0.9681124886738854
10,21160910,64,spm_to_i2em,HH,128,0.059211594692464474,0.040492207901606764,0.9996077368072526
10,21160910,64,spm_to_i2em,VV,128,0.059222400650971056,0.03681366075684535,0.999628349341086
10,21160910,64,spm_to_i2em,common,128,0.05564606522569207,0.035568397173620925,0.9996595731500773
10,21160910,64,spm_to_i2em,differential,128,0.04050522274188642,0.03107509932587292,0.9955222210978718
10,21160910,128,i2em_only,HH,128,0.3546428317925008,0.27555857807379047,0.9859283049242038
10,21160910,128,i2em_only,VV,128,0.3873217323394717,0.2848107576705133,0.9841033130359799
10,21160910,128,i2em_only,common,128,0.3687356807649392,0.27890390564351597,0.9850519268782225
10,21160910,128,i2em_only,differential,128,0.08783687091292552,0.061502490119842365,0.9789431061139382
10,21160910,128,spm_to_i2em,HH,128,0.05362297153528932,0.03314442572638843,0.9996782890839927
10,21160910,128,spm_to_i2em,VV,128,0.05874863740095438,0.033774904025623,0.9996342717673347
10,21160910,128,spm_to_i2em,common,128,0.052729350126190795,0.029701070291972442,0.9996943251393952
10,21160910,128,spm_to_i2em,differential,128,0.039142221277858893,0.024767990920381983,0.9958185054817524
10,21160910,256,i2em_only,HH,128,0.25896390060192676,0.19431125093635884,0.9924968695130593
10,21160910,256,i2em_only,VV,128,0.2809157348149785,0.2046406375815692,0.9916379064343319
10,21160910,256,i2em_only,common,128,0.26922945466344383,0.19906424647880933,0.9920310697010528
10,21160910,256,i2em_only,differential,128,0.04487657216974307,0.032841159567556025,0.9945035795165481
10,21160910,256,spm_to_i2em,HH,128,0.0451241130413183,0.03118767115683657,0.999772185480186
10,21160910,256,spm_to_i2em,VV,128,0.042459256878513416,0.02989549738385988,0.9998089673198635
10,21160910,256,spm_to_i2em,common,128,0.041323212028810334,0.028591989006280363,0.999812265959029
10,21160910,256,spm_to_i2em,differential,128,0.029112140686842,0.020289985280326217,0.9976869294512769
