i2em_train_samples,method,response,rmse_mean_db,rmse_std_db,mae_mean_db,r_squared_mean
32,i2em_only,HH,0.503487817346006,0.06368690433347296,0.37789994051954723,0.9712292455311733
32,i2em_only,VV,0.5735370602447324,0.0751995353219737,0.4213960504315663,0.9646040259882278
32,i2em_only,common,0.5348295932662124,0.0663938548430378,0.3965877823258329,0.9681163602411352
32,i2em_only,differential,0.14295486770846216,0.04586309335850143,0.10090871401342616,0.9390584806428969
32,spm_to_i2em,HH,0.07876929192677955,0.017185685881115954,0.05537477195395254,0.9992760707281401
32,spm_to_i2em,VV,0.06953038211257502,0.017576061908898877,0.04768641776122782,0.9994582533574571
32,spm_to_i2em,common,0.06400702777030856,0.016112900233306162,0.043437534769927275,0.9995238988764793
32,spm_to_i2em,differential,0.0737581712208423,0.021168921018158312,0.05405285202179899,0.9840515127715888
64,i2em_only,HH,0.40762148032431345,0.07974504936349991,0.3016631366591263,0.9807697073454404
64,i2em_only,VV,0.44977254307861514,0.07208197242679024,0.3262328678150104,0.9780682349146316
64,i2em_only,common,0.4259670685996738,0.0770784810088282,0.31218422188977324,0.9794638058475286
64,i2em_only,differential,0.09924447251979783,0.027308983602255883,0.07040670321741116,0.9712866472753856
64,spm_to_i2em,HH,0.057493927142048006,0.010959135006490952,0.0396908123489386,0.9996180713167888
64,spm_to_i2em,VV,0.0610699711957091,0.011908113532935234,0.03934144896650311,0.9995912751699233
64,spm_to_i2em,common,0.05322943489922718,0.012187536177186035,0.03388841881119377,0.9996738025906741
64,spm_to_i2em,differential,0.050833914782617916,0.009961534162468925,0.03799023944448922,0.9927036801498736
128,i2em_only,HH,0.35682965146962,0.04738884694248995,0.26895202156641,0.9855281000967153
128,i2em_only,VV,0.391082390071131,0.03877317803731762,0.2848929989577388,0.983649746881671
128,i2em_only,common,0.3722420747230156,0.04319108746162527,0.2759028295956386,0.9845817052954123
128,i2em_only,differential,0.07759385915067263,0.01828283859653666,0.053997102809330746,0.982746764154103
128,spm_to_i2em,HH,0.048396150053619594,0.00534763168384384,0.03465196799843698,0.999735069507188
128,spm_to_i2em,VV,0.048153367208924144,0.00600353308766808,0.03263925738948573,0.9997508564302912
128,spm_to_i2em,common,0.042609376848850924,0.00672548000289848,0.02836737582661265,0.9997959223087374
128,spm_to_i2em,differential,0.044433230818582935,0.006568949289606394,0.03303425575750655,0.994505650304089
256,i2em_only,HH,0.24971445168557366,0.03626634840677473,0.17869730539445022,0.9928908398459496
256,i2em_only,VV,0.27527478624098495,0.03454429299369579,0.19134121863860998,0.991856561704091
256,i2em_only,common,0.2616953800521514,0.035472938008600775,0.184391288171515,0.9923463254352349
256,i2em_only,differential,0.04750925884311191,0.0079881009285996,0.032676811114796867,0.9936830309351098
256,spm_to_i2em,HH,0.04547726855471988,0.00570423274557602,0.03322839759518793,0.9997653291989697
256,spm_to_i2em,VV,0.04764751390115387,0.005217309796215586,0.03324246348946543,0.9997568329760391
256,spm_to_i2em,common,0.043309397152858864,0.006602568575955926,0.030445320804770276,0.9997894720828405
256,spm_to_i2em,differential,0.032011706661116066,0.010540797271602797,0.024047765905959344,0.996930303686721
