family,inner_fold,candidate,validation_rmse_db,mean_rmse_for_candidate_db,candidate_selected,repeat,selected_weight
differential_shrinkage,1,0.0,1.4731424867894014,1.7832745972624737,True,1,0.0
differential_shrinkage,1,0.1,1.4784383919730149,1.7877200084011915,False,1,0.0
differential_shrinkage,1,0.25,1.4949794510353303,1.806552164689144,False,1,0.0
differential_shrinkage,1,0.5,1.5445280195366309,1.8692195387360977,False,1,0.0
differential_shrinkage,1,0.75,1.6192462810615356,1.9679309901618385,False,1,0.0
differential_shrinkage,1,1.0,1.7158492666348915,2.097920311458691,False,1,0.0
differential_shrinkage,2,0.0,2.367864796798663,1.7832745972624737,True,1,0.0
differential_shrinkage,2,0.1,2.380711506422392,1.7877200084011915,False,1,0.0
differential_shrinkage,2,0.25,2.4062120712037696,1.806552164689144,False,1,0.0
differential_shrinkage,2,0.5,2.464712757870502,1.8692195387360977,False,1,0.0
differential_shrinkage,2,0.75,2.541975813717946,1.9679309901618385,False,1,0.0
differential_shrinkage,2,1.0,2.6363521592835295,2.097920311458691,False,1,0.0
differential_shrinkage,3,0.0,1.8628564491928588,1.7832745972624737,True,1,0.0
differential_shrinkage,3,0.1,1.9011681127651943,1.7877200084011915,False,1,0.0
differential_shrinkage,3,0.25,1.9785334224497508,1.806552164689144,False,1,0.0
differential_shrinkage,3,0.5,2.1537035573422054,1.8692195387360977,False,1,0.0
differential_shrinkage,3,0.75,2.375240551559497,1.9679309901618385,False,1,0.0
differential_shrinkage,3,1.0,2.631459765670626,2.097920311458691,False,1,0.0
differential_shrinkage,4,0.0,1.4292346562689713,1.7832745972624737,True,1,0.0
differential_shrinkage,4,0.1,1.3905620224441653,1.7877200084011915,False,1,0.0
differential_shrinkage,4,0.25,1.3464837140677255,1.806552164689144,False,1,0.0
differential_shrinkage,4,0.5,1.3139338201950523,1.8692195387360977,False,1,0.0
differential_shrinkage,4,0.75,1.335261314308375,1.9679309901618385,False,1,0.0
differential_shrinkage,4,1.0,1.408020054245716,2.097920311458691,False,1,0.0
differential_shrinkage,1,0.0,1.4731424867894014,1.7832745972624737,True,2,0.0
differential_shrinkage,1,0.1,1.491488213798731,1.7934336826093837,False,2,0.0
differential_shrinkage,1,0.25,1.5333437052094028,1.822309273915234,False,2,0.0
differential_shrinkage,1,0.5,1.637746910848387,1.9045923866703645,False,2,0.0
differential_shrinkage,1,0.75,1.7785850734357542,2.0247086788198727,False,2,0.0
differential_shrinkage,1,1.0,1.9479714260405354,2.1762702855975746,False,2,0.0
differential_shrinkage,2,0.0,2.367864796798663,1.7832745972624737,True,2,0.0
differential_shrinkage,2,0.1,2.3825652273188958,1.7934336826093837,False,2,0.0
differential_shrinkage,2,0.25,2.4112809666738744,1.822309273915234,False,2,0.0
differential_shrinkage,2,0.5,2.4761793280637705,1.9045923866703645,False,2,0.0
differential_shrinkage,2,0.75,2.5609272128231844,2.0247086788198727,False,2,0.0
differential_shrinkage,2,1.0,2.6636306564889263,2.1762702855975746,False,2,0.0
differential_shrinkage,3,0.0,1.8628564491928588,1.7832745972624737,True,2,0.0
differential_shrinkage,3,0.1,1.896137116019989,1.7934336826093837,False,2,0.0
differential_shrinkage,3,0.25,1.9660944296458391,1.822309273915234,False,2,0.0
differential_shrinkage,3,0.5,2.129776798589345,1.9045923866703645,False,2,0.0
differential_shrinkage,3,0.75,2.3412603159142025,2.0247086788198727,False,2,0.0
differential_shrinkage,3,1.0,2.588856749895593,2.1762702855975746,False,2,0.0
differential_shrinkage,4,0.0,1.4292346562689713,1.7832745972624737,True,2,0.0
differential_shrinkage,4,0.1,1.4035441732999194,1.7934336826093837,False,2,0.0
differential_shrinkage,4,0.25,1.3785179941318197,1.822309273915234,False,2,0.0
differential_shrinkage,4,0.5,1.3746665091799553,1.9045923866703645,False,2,0.0
differential_shrinkage,4,0.75,1.41806211310635,2.0247086788198727,False,2,0.0
differential_shrinkage,4,1.0,1.5046223099652436,2.1762702855975746,False,2,0.0
differential_shrinkage,1,0.0,1.4731424867894014,1.7832745972624737,True,3,0.0
differential_shrinkage,1,0.1,1.4897999372757957,1.7917783179575335,False,3,0.0
differential_shrinkage,1,0.25,1.525667738101491,1.8174768589210633,False,3,0.0
differential_shrinkage,1,0.5,1.6121188812940292,1.8932408428810916,False,3,0.0
differential_shrinkage,1,0.75,1.727409768238863,2.0062611356462012,False,3,0.0
differential_shrinkage,1,1.0,1.8662030187068894,2.1508293522015522,False,3,0.0
differential_shrinkage,2,0.0,2.367864796798663,1.7832745972624737,True,3,0.0
differential_shrinkage,2,0.1,2.3825048952726293,1.7917783179575335,False,3,0.0
differential_shrinkage,2,0.25,2.4108489773396684,1.8174768589210633,False,3,0.0
differential_shrinkage,2,0.5,2.4744190978695704,1.8932408428810916,False,3,0.0
differential_shrinkage,2,0.75,2.5570402689445824,2.0062611356462012,False,3,0.0
differential_shrinkage,2,1.0,2.656935826633245,2.1508293522015522,False,3,0.0
differential_shrinkage,3,0.0,1.8628564491928588,1.7832745972624737,True,3,0.0
differential_shrinkage,3,0.1,1.8994243967805458,1.7917783179575335,False,3,0.0
differential_shrinkage,3,0.25,1.9736076159231926,1.8174768589210633,False,3,0.0
differential_shrinkage,3,0.5,2.1423908896794925,1.8932408428810916,False,3,0.0
differential_shrinkage,3,0.75,2.3567709387962172,2.0062611356462012,False,3,0.0
differential_shrinkage,3,1.0,2.6055169588678893,2.1508293522015522,False,3,0.0
differential_shrinkage,4,0.0,1.4292346562689713,1.7832745972624737,True,3,0.0
differential_shrinkage,4,0.1,1.3953840425011634,1.7917783179575335,False,3,0.0
differential_shrinkage,4,0.25,1.3597831043199018,1.8174768589210633,False,3,0.0
differential_shrinkage,4,0.5,1.3440345026812741,1.8932408428810916,False,3,0.0
differential_shrinkage,4,0.75,1.3838235666051422,2.0062611356462012,False,3,0.0
differential_shrinkage,4,1.0,1.4746616045981866,2.1508293522015522,False,3,0.0
differential_shrinkage,1,0.0,1.4731424867894014,1.7832745972624737,True,4,0.0
differential_shrinkage,1,0.1,1.4919693343441636,1.7890195948650724,False,4,0.0
differential_shrinkage,1,0.25,1.525329910679783,1.8101430189684424,False,4,0.0
differential_shrinkage,1,0.5,1.5935886601896248,1.8775582465767926,False,4,0.0
differential_shrinkage,1,0.75,1.6759562138659128,1.9817696547217625,False,4,0.0
differential_shrinkage,1,1.0,1.770464508299108,2.1171845041662816,False,4,0.0
differential_shrinkage,2,0.0,2.367864796798663,1.7832745972624737,True,4,0.0
differential_shrinkage,2,0.1,2.380215888296195,1.7890195948650724,False,4,0.0
differential_shrinkage,2,0.25,2.403801466878999,1.8101430189684424,False,4,0.0
differential_shrinkage,2,0.5,2.4561417136974115,1.8775582465767926,False,4,0.0
differential_shrinkage,2,0.75,2.5238652049392143,1.9817696547217625,False,4,0.0
differential_shrinkage,2,1.0,2.6057727945822213,2.1171845041662816,False,4,0.0
differential_shrinkage,3,0.0,1.8628564491928588,1.7832745972624737,True,4,0.0
differential_shrinkage,3,0.1,1.8948106274482956,1.7890195948650724,False,4,0.0
differential_shrinkage,3,0.25,1.9657776614832696,1.8101430189684424,False,4,0.0
differential_shrinkage,3,0.5,2.138039287642156,1.8775582465767926,False,4,0.0
differential_shrinkage,3,0.75,2.3645347731940123,1.9817696547217625,False,4,0.0
differential_shrinkage,3,1.0,2.631296241173441,2.1171845041662816,False,4,0.0
differential_shrinkage,4,0.0,1.4292346562689713,1.7832745972624737,True,4,0.0
differential_shrinkage,4,0.1,1.3890825293716358,1.7890195948650724,False,4,0.0
differential_shrinkage,4,0.25,1.3456630368317182,1.8101430189684424,False,4,0.0
differential_shrinkage,4,0.5,1.3224633247779785,1.8775582465767926,False,4,0.0
differential_shrinkage,4,0.75,1.3627224268879095,1.9817696547217625,False,4,0.0
differential_shrinkage,4,1.0,1.4612044726103552,2.1171845041662816,False,4,0.0
differential_shrinkage,1,0.0,1.4731424867894014,1.7832745972624737,True,5,0.0
differential_shrinkage,1,0.1,1.4813635142126864,1.801085678076027,False,5,0.0
differential_shrinkage,1,0.25,1.5005713051684508,1.836630559289272,False,5,0.0
differential_shrinkage,1,0.5,1.550082446830266,1.916964063814787,False,5,0.0
differential_shrinkage,1,0.75,1.61965207270362,2.0195552212138184,False,5,0.0
differential_shrinkage,1,1.0,1.706829216945981,2.140106809193788,False,5,0.0
differential_shrinkage,2,0.0,2.367864796798663,1.7832745972624737,True,5,0.0
differential_shrinkage,2,0.1,2.3798724700154548,1.801085678076027,False,5,0.0
differential_shrinkage,2,0.25,2.4034448210451638,1.836630559289272,False,5,0.0
differential_shrinkage,2,0.5,2.4570532579714945,1.916964063814787,False,5,0.0
differential_shrinkage,2,0.75,2.5275432360331482,2.0195552212138184,False,5,0.0
differential_shrinkage,2,1.0,2.613549176949722,2.140106809193788,False,5,0.0
differential_shrinkage,3,0.0,1.8628564491928588,1.7832745972624737,True,5,0.0
differential_shrinkage,3,0.1,1.9071603358687257,1.801085678076027,False,5,0.0
differential_shrinkage,3,0.25,1.9954557507430561,1.836630559289272,False,5,0.0
differential_shrinkage,3,0.5,2.1924715571394824,1.916964063814787,False,5,0.0
differential_shrinkage,3,0.75,2.438339143223457,2.0195552212138184,False,5,0.0
differential_shrinkage,3,1.0,2.719842348134127,2.140106809193788,False,5,0.0
differential_shrinkage,4,0.0,1.4292346562689713,1.7832745972624737,True,5,0.0
differential_shrinkage,4,0.1,1.4359463922072409,1.801085678076027,False,5,0.0
differential_shrinkage,4,0.25,1.4470503602004168,1.836630559289272,False,5,0.0
differential_shrinkage,4,0.5,1.4682489933179048,1.916964063814787,False,5,0.0
differential_shrinkage,4,0.75,1.4926864328950473,2.0195552212138184,False,5,0.0
differential_shrinkage,4,1.0,1.5202064947453207,2.140106809193788,False,5,0.0
