sample_date,field_id,crop_type,vegetation_water_content_in_situ_kg_m2,vegetation_water_content_in_situ_std_kg_m2,plant_water_content_pct,canopy_height_cm,stem_diameter_mm,vegetation_site_count
2012-06-13,101,Beans,0.02574,0.0042354574723399135,81.12,6.966666666666666,0.19500000000000003,3
2012-06-19,101,Beans,0.05428666666666667,0.03282548146384655,83.81666666666666,8.9,0.29333333333333333,3
2012-06-28,101,Beans,0.10010999999999999,0.05113577319255083,77.51777777777778,13.6,0.3833333333333333,3
2012-07-09,101,Beans,0.31583,0.23221688375309837,80.80222222222223,30.03333333333333,0.47333333333333333,3
2012-07-16,101,Beans,0.57212,0.3607738312294837,80.87111111111112,39.03333333333333,0.5533333333333333,3
2012-06-13,102,Beans,0.028479999999999995,0.004378641341786286,81.91333333333334,6.216666666666666,0.26,3
2012-06-18,102,Beans,0.06885,0.02223258644422641,91.78777777777778,9.866666666666667,0.27666666666666667,3
2012-06-24,102,Beans,0.05608,0.004985970316798928,82.64999999999999,11.766666666666666,0.2866666666666667,3
2012-06-30,102,Beans,0.14337666666666665,0.032346385166403584,82.93555555555555,21.5,0.35800000000000004,3
2012-07-09,102,Beans,0.41407,0.053632875179315115,83.43444444444445,33.1,0.39666666666666667,3
2012-07-18,102,Beans,0.6757799999999999,0.3681650449187157,83.52,43.709091,0.4801853333333333,3
2012-06-13,103,Beans,0.014746666666666667,0.013009555462556487,53.336666666666666,5.583333333333333,0.24500000000000002,3
2012-06-21,103,Beans,0.05389333333333333,0.02270203148031764,86.57333333333334,9.266666666666666,0.25333333333333335,3
2012-06-28,103,Beans,0.08446666666666668,0.01984404276686918,79.30333333333333,13.1,0.34,3
2012-07-07,103,Beans,0.24404333333333336,0.09214050376101345,86.11666666666667,26.96666666666667,0.43,3
2012-07-16,103,Beans,0.5443533333333334,0.21690744208840168,84.05333333333333,43.53333333333333,0.47833333333333333,3
2012-06-13,104,Wheat,0.3306233333333333,0.030026249071992545,75.99,32.266666666666666,0.26333333333333336,3
2012-06-18,104,Wheat,1.83809,0.4656171550748533,82.11,42.199999999999996,0.30666666666666664,3
2012-06-24,104,Wheat,2.5251866666666665,0.3094627635650747,84.81,57.93333333333334,0.36000000000000004,3
2012-07-07,104,Wheat,3.2058933333333335,1.4440222582887472,71.71111111111111,85.2,0.3133333333333333,3
2012-07-16,104,Wheat,4.08436,1.8331290588226459,68.78444444444445,90.63333333333333,0.5533333333333333,3
2012-06-13,105,Wheat,0.8456033333333334,0.11306933109085476,78.05666666666667,35.666666666666664,0.31666666666666665,3
2012-06-18,105,Wheat,2.03199,0.4210996626690647,82.21,46.699999999999996,0.3333333333333333,3
2012-06-24,105,Wheat,3.1453333333333333,0.5544981605319655,82.48222222222222,60.166666666666664,0.33666666666666667,3
2012-07-07,105,Wheat,3.2768333333333337,0.944387146478251,71.61,87.36666666666667,0.33,3
2012-07-16,105,Wheat,3.2799366666666665,0.46751818321144833,68.00555555555555,86.25,0.3316666666666667,3
2012-06-13,11,Beans,0.01847,0.003516191121085429,86.09333333333332,5.9284,0.26433333333333336,3
2012-06-16,11,Beans,0.02971,0.009281357659308253,81.13,8.187666666666667,0.27666666666666667,3
2012-06-21,11,Beans,0.011816666666666665,0.010368096900267345,56.55333333333334,8.979000000000001,0.259,3
2012-06-28,11,Beans,0.025050000000000003,0.004841146558409485,74.71777777777778,11.160000000000002,0.26866666666666666,3
2012-07-09,11,Beans,0.10839666666666666,0.11844945433953394,53.60333333333333,25.600000000000005,0.385,3
2012-07-18,11,Beans,0.41314,0.16517136918969944,82.87333333333333,27.134666666666664,0.47900000000000004,3
2012-06-13,111,Beans,0.03519,0.00820680205683066,79.67,7.758333333333333,0.027999999999999997,3
2012-06-16,111,Beans,0.033433333333333336,0.028992428896753946,52.72,11.866666666666667,0.2866666666666667,3
2012-06-21,111,Beans,0.07365333333333333,0.03105447525451578,80.88777777777777,13.25,0.28099999999999997,3
2012-06-28,111,Beans,0.13176666666666667,0.04935115432624988,78.18111111111112,17.666666666666668,0.31,3
2012-07-09,111,Beans,0.7219466666666667,0.8349370046496521,75.26555555555557,37.76666666666667,0.297,3
2012-07-18,111,Beans,1.1273166666666665,0.4428741882672022,81.85666666666667,57.333333333333336,0.48,3
2012-06-13,112,Beans,0.03861666666666667,0.0043466807259486305,81.32333333333334,9.863333333333333,0.2886666666666667,3
2012-06-19,112,Beans,0.07759666666666666,0.037228121539144746,83.35111111111111,16.099999999999998,0.3383333333333333,3
2012-06-24,112,Beans,0.09493666666666667,0.0031187550935162117,79.19777777777777,18.133333333333333,0.34,3
2012-07-07,112,Beans,0.42324000000000006,0.15595439365404234,81.75444444444445,44.333333333333336,0.385,3
2012-07-16,112,Beans,0.6745966666666666,0.45526413589622156,76.32333333333334,67.13333333333334,0.39833333333333326,3
2012-06-13,113,Beans,0.02526,0.002431439902609151,75.90333333333332,7.752222333333333,0.459,3
2012-06-19,113,Beans,0.04128666666666667,0.004680612495532324,82.22666666666667,9.133333333333333,0.2933333333333333,3
2012-06-24,113,SoyBeans,0.07077666666666667,0.038010433216859464,78.61555555555556,13.633333333333333,0.33499999999999996,3
2012-07-07,113,Beans,0.23725000000000004,0.08652532981734312,82.45222222222223,25.133333333333336,0.429,3
2012-07-16,113,Beans,0.5231233333333333,0.11996791668330885,84.44166666666666,39.833333333333336,0.465,3
2012-06-19,114,Beans,0.13805333333333333,0.0607896515315998,84.75888888888889,16.099999999999998,0.3383333333333333,3
2012-06-24,114,Beans,0.19360666666666662,0.11355726147337884,79.47666666666667,18.533333333333335,0.40259266666666665,3
2012-06-30,114,Beans,0.3182,0.16269130646718652,84.79222222222222,25.900000000000002,0.4166666666666667,3
2012-07-09,114,Beans,0.89766,0.47581980044970806,79.59666666666668,48.629999999999995,0.4363333333333333,3
2012-07-16,114,Beans,1.4872266666666665,1.3719553511078022,54.72,67.7,0.6693333333333333,3
2012-06-19,115,Canola,0.68165,0.27840232164980233,87.31,11.950000000000001,0.6683333333333333,3
2012-06-30,115,Canola,3.320063333333333,1.787055139225797,90.3,55.17666666666667,0.625,3
2012-07-07,115,Canola,3.4741099999999996,1.4890422021890446,85.74083333333333,87.73333333333333,0.4656666666666667,3
2012-07-16,115,Canola,3.858996666666666,1.334037710948732,84.17999999999999,102.13333333333333,0.5650000000000001,3
2012-06-13,12,Beans,0.03516333333333333,0.03835472895658804,78.57666666666667,14.671,0.19399999999999998,3
2012-06-16,12,Beans,0.05383333333333334,0.06456385082484883,72.9588888888889,15.102333333333334,0.18033333333333335,3
2012-06-21,12,Beans,0.08316666666666667,0.13108906031142847,49.550000000000004,14.135333333333334,0.18866666666666665,3
2012-06-28,12,Beans,0.06559,0.06965618206591573,63.58222222222222,18.016666666666666,0.18899999999999997,3
2012-07-09,12,Soybeans,0.06164333333333333,0.05953579959430572,52.55555555555555,22.06566666666667,0.26933333333333337,3
2012-07-18,12,Soybeans,0.17048,0.1562751918891799,62.13333333333333,29.113333333333333,0.32066666666666666,3
2012-06-11,121,Forage,0.9478466666666666,0.8248578253452733,48.830000000000005,25.95,0.1,3
2012-06-18,121,Forage,0.8835666666666665,0.8012756100951366,49.02,38.90333333333333,0.10000000000000002,3
2012-06-24,121,Forage,1.7034233333333333,0.1613168188172992,73.97,53.61666666666667,0.10000000000000002,3
2012-06-30,121,Forage,1.2477433333333332,0.2596907646284968,66.36,59.29999999999999,0.10000000000000002,3
2012-07-07,121,Forage,1.369093333333333,0.08537219121782771,63.583333333333336,56.0,0.10000000000000002,3
2012-07-16,121,Forage,1.4779266666666666,0.26842192763135686,62.56666666666666,62.53333333333333,0.10000000000000002,3
2012-06-11,122,Canola,1.0364366666666667,0.21142057641897896,84.09333333333332,21.233333333333334,2.2433333333333336,3
2012-06-18,122,Canola,3.36158,1.2318855099805341,83.45333333333333,51.54,1.0433333333333332,3
2012-06-21,122,Canola,4.913176666666668,2.8082351328963426,89.39333333333333,71.3,0.9166666666666666,3
2012-06-24,122,Canola,7.728103333333333,6.544456039613479,90.75083333333333,88.14999999999999,0.9700000000000001,3
2012-07-09,122,Canola,6.401079999999999,4.5036688676233725,79.87,111.48333333333333,1.0333333333333334,3
2012-07-18,122,Canola,3.063693333333333,2.0545719881603888,79.28333333333333,112.5,0.7166666666666667,3
2012-06-11,123,Beans,0.035956666666666665,0.005279737998550056,77.82333333333334,7.7,0.13,3
2012-06-16,123,Beans,0.05461666666666667,0.007685351867893451,81.16777777777777,11.836666666666668,0.4466666666666667,3
2012-06-21,123,Beans,0.08055333333333334,0.03768766553308036,85.6588888888889,13.683333333333332,0.25333333333333335,3
2012-06-28,123,Beans,0.09895666666666668,0.026669481309791795,78.87,17.683333333333334,0.3233333333333333,3
2012-07-07,123,Beans,0.29394333333333333,0.15697049160059776,78.51666666666667,30.48333333333333,0.3466666666666667,3
2012-07-16,123,Beans,0.8167033333333332,0.49243413532505365,80.94333333333333,43.666666666666664,0.2773333333333333,3
2012-06-13,124,Canola,2.4038233333333334,2.309087667550397,61.68333333333334,51.300000000000004,2.61,3
2012-06-19,124,Canola,5.488316666666667,4.771127738327003,61.75,98.43333333333334,1.1033333333333333,3
2012-06-28,124,Canola,11.295526666666666,7.474490777178958,86.08333333333333,128.38333333333333,0.9266666666666666,3
2012-07-09,124,Canola,9.69618,6.811753936806586,77.38,137.1,0.9766666666666667,3
2012-07-16,124,Canola,6.690063333333334,3.749908116612103,80.55333333333333,137.31851866666668,0.8023333333333333,3
2012-06-13,125,Canola,3.0712966666666666,2.7568604718108847,61.17333333333334,37.86666666666667,2.6366666666666667,3
2012-06-19,125,Canola,10.97703,1.1702937975141123,68.51833333333333,84.66666666666667,0.9733333333333333,3
2012-06-24,125,Canola,18.061653333333332,6.809947991294303,89.76666666666667,115.96666666666665,1.01,3
2012-07-07,125,Canola,7.75904,1.4579078279507245,81.97500000000001,137.91666666666666,0.88,3
2012-07-18,125,Canola,7.303006666666666,5.047689346882722,76.99166666666667,123.26666666666667,0.6766666666666666,3
2012-06-13,13,Pasture,0.1912033333333333,0.17269188351898107,38.27,29.040000000000003,0.153,3
2012-06-18,13,Pasture,0.39079,0.19710185919975493,72.66333333333334,28.179999999999996,0.13033333333333333,3
2012-06-21,13,Pasture,0.2524166666666667,0.06046661585811901,61.94,23.423333333333332,0.128,3
2012-06-28,13,Pasture,0.11988666666666666,0.14709746610099486,28.39,31.916666666666668,0.13933333333333334,3
2012-07-09,13,Pasture,0.047773333333333334,0.019387195086792035,35.49666666666666,10.246666666666666,0.07200000000000001,3
2012-07-18,13,Pasture,0.13265,0.052694526281199264,50.86333333333334,13.993333333333334,0.125,3
2012-06-11,14,Beans,0.11025666666666667,0.023822981201632457,83.55,6.700333333333333,0.27055566666666664,3
2012-06-16,14,Beans,0.122,0.055635050103329656,78.2988888888889,8.586666666666666,0.2846666666666667,3
2012-06-21,14,Beans,0.07192333333333334,0.062445835996752685,51.73333333333333,10.879666666666665,0.31233333333333335,3
2012-06-30,14,Beans,0.16419000000000003,0.1471531185534306,60.9,18.433333333333334,0.3433333333333333,3
2012-07-16,14,Beans,1.1096333333333332,0.6319677406587566,80.68555555555555,30.583333333333332,0.4676666666666667,3
2012-06-13,21,Pasture,0.42893333333333333,0.2524055439829587,63.21333333333333,45.22466666666666,0.112,3
2012-06-18,21,Pasture,0.42032,0.17322203872486897,73.50333333333333,35.42333333333333,0.10966666666666668,3
2012-06-24,21,Pasture,0.34101333333333333,0.3708451445459861,65.12666666666667,23.614666666666665,0.08666666666666667,3
2012-06-30,21,Pasture,0.41683000000000003,0.27293407775505063,63.373333333333335,38.03333333333333,0.10000000000000002,3
2012-07-09,21,Pasture,0.40864666666666666,0.4487057590819772,54.77333333333333,27.706666666666667,0.08433333333333333,3
2012-07-18,21,Pasture,0.5402300000000001,0.516320257882644,55.00333333333333,27.496666666666666,0.081,3
2012-06-13,22,Pasture,0.14059,0.020684902707047002,53.31666666666666,21.956666666666667,0.12133333333333333,3
2012-06-18,22,Pasture,0.23481,0.0744594144484094,65.38666666666667,24.776666666666667,0.10066666666666667,3
2012-06-24,22,Pasture,0.20913,0.06516928801206902,52.093333333333334,22.706666666666667,0.074,3
2012-06-30,22,Pasture,0.17657333333333333,0.04169390403084524,49.096666666666664,26.433333333333334,0.10000000000000002,3
2012-07-16,22,Pasture,0.29440666666666665,0.10064512424023994,53.54333333333333,18.88,0.09933333333333334,3
2012-06-09,23,Pasture,0.6376966666666667,0.011499714489209414,77.66666666666667,,,3
2012-06-18,23,Pasture,0.40704,0.10181072487709733,71.54666666666667,26.94666666666667,0.16433333333333333,3
2012-06-24,23,Pasture,0.49330999999999997,0.10296608519313527,67.57000000000001,21.883333333333336,0.15133333333333332,3
2012-06-30,23,Pasture,0.2343033333333333,0.2075072760973295,42.906666666666666,39.6,0.10000000000000002,3
2012-07-07,23,Pasture,0.2513833333333333,0.1518444178537141,55.71,11.034666666666666,0.126,3
2012-07-16,23,Pasture,0.19111333333333333,0.13081767668527572,70.12333333333333,13.04,0.11366666666666665,3
2012-06-11,24,Corn,0.05501333333333333,0.015757450089825233,77.19,18.266666666666666,0.63,3
2012-06-16,24,Corn,0.14941000000000002,0.02967891338981266,85.39222222222223,27.766666666666666,0.9455556666666668,3
2012-06-18,24,Corn,0.0,,0.0,,,1
2012-06-21,24,Corn,0.15492,0.1395435835142555,55.830000000000005,37.300000000000004,1.5133333333333334,3
2012-06-30,24,Corn,1.0576466666666666,0.14651215114567573,87.24222222222222,79.64999999999999,2.094666666666667,3
2012-07-09,24,Corn,2.9814666666666665,0.25129206798729925,86.22777777777777,149.0,2.0033333333333334,3
2012-07-18,24,Corn,4.022953333333333,1.513356255424787,75.78500000000001,227.52333333333334,2.1973333333333334,3
2012-06-11,31,Wheat,1.81889,0.22380962378771851,83.33666666666666,23.439333333333334,0.208,3
2012-06-21,31,Wheat,2.1129,1.838454604797192,58.169999999999995,38.4,0.26833333333333337,3
2012-06-28,31,Wheat,4.259843333333333,1.4155822068086805,79.66333333333334,72.99,0.302,3
2012-07-07,31,Wheat,2.714636666666667,0.8514894161604905,67.34444444444445,84.79,0.28200000000000003,3
2012-07-16,31,Wheat,3.4253866666666664,1.201300266641664,71.46555555555555,78.83,0.2806666666666667,3
2012-06-19,32,Wheat,2.3197799999999997,0.6095957461301709,75.84666666666666,45.70333333333334,0.26333333333333336,3
2012-06-24,32,Wheat,3.680826666666667,1.0750040309846904,80.90555555555555,59.24666666666667,0.2723333333333333,3
2012-07-09,32,Wheat,3.2641899999999997,1.6190538150104836,67.38777777777777,86.29,0.2856666666666667,3
2012-07-16,32,Wheat,3.2702333333333335,1.020992763066092,65.57444444444444,90.98333333333333,0.3,3
2012-06-11,33,Beans,0.042956666666666664,0.004245660529685968,89.07333333333334,7.3,0.09500000000000001,3
2012-06-16,33,Beans,0.07695333333333333,0.021629425173437532,84.56666666666668,11.833333333333334,0.2966666666666667,3
2012-06-19,33,Beans,0.06511666666666667,0.009915449224988921,83.28111111111112,12.1,0.2733333333333334,3
2012-06-28,33,Beans,0.20183666666666666,0.06723879262251321,81.84444444444445,19.933333333333334,0.36999999999999994,3
2012-07-07,33,Beans,0.4686166666666667,0.057261187844239926,81.51777777777778,42.46666666666667,0.455,3
2012-07-16,33,Beans,0.8946133333333334,0.4577117714603082,82.4525,57.0,0.47666666666666674,3
2012-06-11,34,Beans,0.09205666666666668,0.021999003007712258,83.81333333333333,7.733333333333333,0.10833333333333334,3
2012-06-16,34,Beans,0.08026333333333334,0.01632783002524626,82.28444444444445,10.466666666666667,0.27666666666666667,3
2012-06-19,34,Beans,0.08891666666666666,0.04614685940920936,85.82,12.366666666666667,0.2683333333333333,3
2012-06-28,34,Beans,0.2433266666666667,0.10716398291092646,81.42888888888889,19.666666666666668,0.3233333333333333,3
2012-07-07,34,Beans,0.6107600000000001,0.22450032271691733,81.44777777777777,48.300000000000004,0.4683333333333333,3
2012-07-18,34,Beans,1.2185633333333332,0.6590458375813729,81.76777777777778,68.5,0.49300000000000005,3
2012-06-11,41,Winter Wheat,4.3395,0.22756886342380017,80.36,54.06,0.322,3
2012-06-21,41,Winter Wheat,4.9001633333333325,2.24057304643998,73.94777777777777,73.06333333333333,0.307,3
2012-06-28,41,Winter Wheat,4.75828,2.034744107056217,67.70666666666666,75.18,0.31666666666666665,3
2012-07-07,41,Winter Wheat,2.14875,1.8060797151011916,47.391111111111115,75.25766666666667,0.294,3
2012-07-16,41,Winter Wheat,2.26942,0.36150789258327387,44.663333333333334,90.43333333333334,0.11133333333333333,3
2012-06-19,42,Winter Wheat,4.46291,2.0556744426343396,67.76444444444445,61.64333333333334,0.33899999999999997,3
2012-06-24,42,Winter Wheat,2.1016266666666668,1.8247231297195017,47.04,76.02666666666666,0.3216666666666667,3
2012-07-09,42,Winter Wheat,3.12719,1.594210300681814,57.882222222222225,72.02333333333333,0.323,3
2012-07-16,42,Winter Wheat,2.880786666666667,1.6968615414444788,59.102222222222224,74.86999999999999,0.29550000000000004,3
2012-06-19,43,Oats,2.51167,0.20938881226082748,73.61666666666667,44.48,0.38000000000000006,3
2012-06-21,43,Oats,2.6127800000000003,0.33951336409631916,85.67666666666666,67.13333333333334,0.41333333333333333,3
2012-07-07,43,Oats,4.32962,2.7360719287145945,72.68333333333334,90.08333333333333,0.39033333333333337,3
2012-07-16,43,Oats,1.4232933333333333,1.235751197018774,42.81,88.88,0.38599999999999995,3
2012-06-18,44,Wheat,2.2978166666666664,0.6779040888896696,92.63666666666667,44.73333333333333,0.3033333333333333,3
2012-06-21,44,Wheat,2.437203333333333,0.4514358286992002,86.69,53.76666666666667,0.3333333333333333,3
2012-06-24,44,Wheat,2.2229933333333336,1.9681475055577855,56.6,61.166666666666664,0.32,3
2012-07-07,44,Wheat,2.732416666666667,0.5854499357189589,70.31777777777778,72.67333333333333,0.30433333333333334,3
2012-07-16,44,Wheat,2.5663633333333333,0.409623071656533,63.78,87.66666666666667,0.3216666666666667,3
2012-06-18,45,Wheat,1.39924,1.212591995190468,61.36333333333334,49.43333333333334,0.3333333333333333,3
2012-06-24,45,Wheat,3.1778366666666664,1.6469604532086777,70.94111111111111,62.300000000000004,0.33,3
2012-06-28,45,Wheat,2.4368,0.3706800102514297,82.4811111111111,85.8,0.27366666666666667,3
2012-07-09,45,Wheat,2.510033333333333,0.9377203482026683,72.58666666666666,89.89999999999999,0.32,3
2012-07-16,45,Wheat,3.231596666666667,1.333171957788392,68.39333333333333,84.89999999999999,0.305,3
2012-06-11,51,Beans,0.12625,0.0017792414113885755,76.90666666666667,11.483333333333334,0.13,3
2012-06-16,51,Beans,0.2667833333333333,0.12774471900369633,78.01222222222222,16.133333333333333,0.41,3
2012-06-21,51,Beans,0.31715,0.11013757714785631,82.25,16.166666666666668,0.37000000000000005,3
2012-06-30,51,Beans,0.34948666666666667,0.30447542303662756,57.800000000000004,33.78333333333333,0.5,3
2012-07-09,51,Beans,1.4962733333333331,0.9765120092110148,77.25777777777778,51.26666666666667,0.4566666666666667,3
2012-07-18,51,Beans,1.44843,1.3319026050353684,52.94666666666666,70.13333333333334,0.628,3
2012-06-11,52,Beans,0.11323333333333334,0.016350120284980577,83.88,6.8,0.08,3
2012-06-16,52,Beans,0.12174333333333333,0.1069828043815142,57.03888888888889,10.4,0.3566666666666667,3
2012-06-21,52,Beans,0.16357666666666668,0.16227602544224864,56.321111111111115,12.566666666666668,0.28,3
2012-06-30,52,Beans,0.2261666666666667,0.21811410255490896,55.75666666666667,25.433333333333334,0.38966666666666666,3
2012-07-09,52,Beans,1.1404466666666666,0.38520343902064696,77.15888888888888,38.13333333333333,0.41,3
2012-07-18,52,Beans,2.7450766666666673,1.4681158911112342,81.91555555555556,60.53333333333333,0.4693333333333333,3
2012-06-11,53,Corn,0.03635,0.041645793304966594,53.63666666666666,20.166666666666668,0.7016666666666667,3
2012-06-16,53,Corn,0.12488333333333333,0.036695752251906924,83.07444444444444,29.46666666666667,1.1733333333333333,3
2012-06-21,53,Corn,0.28030333333333335,0.1595813025806386,87.07666666666667,38.78333333333333,1.5,3
2012-06-30,53,Corn,1.3558933333333332,0.8495992416624046,81.96444444444444,85.06666666666666,2.308333333333333,3
2012-07-09,53,Corn,10.769606666666666,13.916076066612073,86.32444444444445,138.23333333333332,2.2399999999999998,3
2012-07-18,53,Corn,4.424626666666667,1.8675322406141572,79.0025,192.79999999999998,2.2716666666666665,3
2012-06-11,54,Corn,0.07039333333333332,0.019971846017164594,73.68666666666667,19.766666666666666,0.8783333333333333,3
2012-06-16,54,Corn,0.25619333333333333,0.19753751095256145,80.37333333333333,32.800000000000004,1.3166666666666667,3
2012-06-21,54,Corn,0.2888633333333333,0.13203606830458614,79.38777777777779,41.13333333333333,1.505,3
2012-06-30,54,Corn,1.4363866666666667,1.027840340536084,86.21111111111111,83.06666666666666,1.8516666666666666,3
2012-07-09,54,Corn,4.1775899999999995,2.873124873078091,78.13555555555556,145.9,2.29,3
2012-07-18,54,Corn,5.780763333333333,3.0709281899831744,83.16166666666668,238.70000000000002,2.3533333333333335,3
2012-06-13,55,Wheat,1.3881366666666668,0.2346953962763934,88.43666666666667,29.7,0.27233333333333337,3
2012-06-19,55,Wheat,0.9509266666666667,0.8329083140618381,47.913333333333334,46.06666666666666,0.31666666666666665,3
2012-07-07,55,Wheat,2.640276666666667,2.358314228561014,47.6311111111111,83.36666666666666,0.30233333333333334,3
2012-07-16,55,Wheat,2.9576733333333336,1.4101658924514282,65.90888888888888,83.18333333333334,0.3233333333333333,3
2012-06-13,61,Canola,1.1695733333333334,0.5300165978847582,88.61666666666667,21.133333333333333,0.7283333333333334,3
2012-06-18,61,Canola,2.7144566666666665,1.4997350830841198,91.49333333333334,57.5,0.7916666666666666,3
2012-06-24,61,Canola,3.37159,1.739271117422468,87.88499999999999,83.76666666666667,0.8183333333333334,3
2012-06-30,61,Canola,2.0648999999999997,2.0343224990153352,56.81833333333333,111.840741,0.7599999999999999,3
2012-07-09,61,Canola,4.5782533333333335,0.9852605794577055,82.26166666666667,117.8,0.775,3
2012-07-18,61,Canola,3.8829833333333332,1.5798013503707777,80.24333333333333,107.13333333333333,0.8016666666666667,3
2012-06-13,62,Corn,0.09971333333333333,0.027453162537917804,81.85666666666667,11.763333333333334,0.4983333333333333,3
2012-06-18,62,Corn,0.294825,0.21768282258827862,85.35166666666666,16.316666666666666,0.7583333333333333,3
2012-06-24,62,Corn,0.4293466666666667,0.47973985047453926,83.07666666666667,25.333333333333332,0.8783333333333333,3
2012-06-30,62,Corn,1.0687666666666669,1.2375338836708003,86.83999999999999,43.166666666666664,0.9866666666666667,3
2012-07-09,62,Corn,3.4855400000000003,2.323401041555246,86.92333333333333,97.60000000000001,1.0283333333333333,3
2012-07-18,62,Corn,13.55541,15.918880474615671,88.86333333333334,141.03333333333333,1.14,3
2012-06-11,63,Soybeans,0.021459999999999996,0.037169810330428106,24.84,7.33,0.305,3
2012-06-13,63,Beans,0.05314333333333334,0.018038382226057116,78.43333333333334,10.13,0.31033333333333335,3
2012-06-18,63,Beans,0.11957333333333332,0.036518933901927286,79.46,13.216666666666667,0.355,3
2012-06-24,63,Beans,0.15711333333333333,0.057432928127802554,77.56222222222222,16.162963,0.3433333333333333,3
2012-06-30,63,Beans,0.25050666666666666,0.06847326582932449,84.35888888888888,23.46666666666667,0.3333333333333333,3
2012-07-09,63,Beans,0.6696333333333332,0.3441078035054325,82.66777777777777,40.666666666666664,0.4383333333333333,3
2012-07-18,63,Beans,1.3688566666666666,0.5656033300232003,81.19555555555556,61.86666666666667,0.48833333333333334,3
2012-06-11,64,SoyBeans,0.04851666666666667,0.002823903917156769,84.36999999999999,6.833333333333333,0.26666666666666666,3
2012-06-16,64,SoyBeans,0.07150333333333334,0.033898044683039356,72.44222222222223,10.633333333333333,0.29333333333333333,3
2012-06-21,64,SoyBeans,0.09063333333333334,0.03492890111831939,80.99666666666667,14.916666666666666,0.325,3
2012-07-07,64,SoyBeans,0.4310366666666667,0.11092591416496564,80.93444444444445,40.81666666666666,0.38599999999999995,3
2012-07-16,64,SoyBeans,0.5342433333333334,0.18146624268258085,81.91000000000001,45.71666666666667,0.38666666666666666,3
2012-06-16,65,Wheat,2.3476500000000002,0.532835333381712,88.78555555555556,49.88333333333333,0.32,3
2012-06-21,65,Wheat,3.5421666666666667,2.303613970923369,82.65555555555555,72.33333333333333,0.26666666666666666,3
2012-07-07,65,Wheat,2.363046666666667,0.4525486986317975,66.73333333333333,93.05,0.25666666666666665,3
2012-07-16,65,Wheat,2.157993333333333,1.2558503474671388,60.04666666666666,95.66666666666667,0.27666666666666667,3
2012-06-11,71,Corn,0.020796666666666668,0.010269105770870866,71.68666666666667,11.700000000000001,0.6823333333333332,3
2012-06-16,71,Corn,,,,16.283333333333335,0.8966666666666666,3
2012-06-21,71,Corn,0.25056666666666666,0.06461854403600667,81.39666666666666,40.56666666666667,1.5666666666666667,3
2012-06-28,71,Corn,0.6500400000000001,0.23149809761637352,88.13666666666666,66.85000000000001,1.8633333333333333,3
2012-07-07,71,Corn,2.3601666666666667,0.8722832248950647,87.79444444444444,118.93333333333334,2.066666666666667,3
2012-07-16,71,Corn,3.89514,1.8832690382151986,84.155,205.6,2.03,3
2012-06-11,72,Corn,0.033306666666666665,0.009588254968102033,76.87333333333333,15.116666666666667,0.7686666666666667,3
2012-06-16,72,Corn,0.12383333333333331,0.055385760203623936,82.24333333333333,27.883333333333336,1.16,3
2012-06-21,72,Corn,0.23970000000000002,0.034998529969128715,85.19222222222221,38.75,1.4400000000000002,3
2012-06-28,72,Corn,0.7219433333333334,0.15226603604656333,86.50666666666666,55.86666666666667,1.8113333333333335,3
2012-07-07,72,Corn,2.970853333333333,1.4091001242045695,85.59777777777776,119.43333333333334,2.0446666666666666,3
2012-07-16,72,Corn,4.45269,2.40516583376282,85.82833333333333,198.86666666666667,1.9166666666666667,3
2012-06-13,73,Wheat,0.44671666666666665,0.40956025738996366,49.56666666666666,38.9,0.248889,3
2012-06-19,73,Wheat,1.773113333333333,0.33729990829132045,75.73,59.38333333333333,0.305,3
2012-06-24,73,Wheat,2.2272133333333333,0.6056496317453955,79.98,67.8,0.2833333333333334,3
2012-07-07,73,Wheat,1.9968366666666668,0.4696443410000095,68.31666666666666,84.19074066666667,0.285,3
2012-07-16,73,Wheat,1.8664566666666664,0.17818326249491928,63.12888888888889,84.38333333333334,0.27266666666666667,3
2012-06-13,74,Wheat,1.3419966666666667,0.05360567351813917,77.00999999999999,46.36666666666667,0.2966666666666667,3
2012-06-19,74,Wheat,2.288073333333333,0.36953190191556323,75.07666666666667,61.38333333333333,0.3356666666666667,3
2012-06-24,74,Wheat,3.04186,0.38742766924937105,84.11999999999999,76.45,0.265,3
2012-07-07,74,Wheat,3.957786666666667,1.4436241537302335,73.24,95.95,0.2966666666666667,3
2012-07-16,74,Wheat,2.977656666666667,1.4137929094578643,65.96666666666667,92.03000000000002,0.30666666666666664,3
2012-06-13,81,Wheat,1.2441666666666666,0.12412507576365615,77.42333333333333,44.93333333333334,0.27,3
2012-06-18,81,Wheat,1.9982266666666666,0.8279074148921082,87.06,55.949999999999996,0.24466666666666667,3
2012-06-21,81,Wheat,1.9886300000000003,0.5559360670976476,84.82333333333334,62.86666666666667,0.299,3
2012-06-28,81,Wheat,2.755193333333333,1.7159854793771812,75.31444444444445,95.16666666666667,0.25466666666666665,3
2012-07-16,81,Wheat,1.5535333333333334,1.5343826647004761,41.19888888888889,91.16666666666667,0.20000000000000004,3
2012-06-11,82,Beans,0.051550000000000006,0.0024209915324098085,79.40333333333332,6.043333333333333,0.32233333333333336,3
2012-06-16,82,Beans,0.07245333333333333,0.035428500297547634,83.78333333333335,14.049999999999999,0.305,3
2012-06-21,82,Beans,0.09079,0.025965174753889105,89.36222222222223,13.666666666666666,0.35333333333333333,3
2012-06-28,82,Beans,0.20567666666666665,0.10581347566984717,81.64111111111112,19.25,0.4394,3
2012-07-09,82,Soybeans,0.3362333333333334,0.5823732165315756,28.72666666666667,43.7,0.475,3
2012-07-16,82,Beans,2.725713333333333,1.6178372487161163,84.03222222222222,63.26666666666667,0.5683333333333334,3
2012-06-11,83,Corn,0.06911333333333333,0.031630798809599056,75.66666666666667,19.400000000000002,1.035,3
2012-06-16,83,Corn,0.21116333333333334,0.1273164052011104,85.12444444444445,47.76666666666667,1.454,3
2012-06-21,83,Corn,0.36587,0.3702569895356467,87.2188888888889,40.916666666666664,1.4933333333333334,3
2012-06-30,83,Corn,1.0859933333333334,0.564105006211905,85.33111111111111,63.92962966666667,1.3733333333333333,3
2012-07-16,83,Corn,4.57585,2.525755858767826,82.22500000000001,223.6,2.21,3
2012-06-11,84,Canola,0.50045,0.09147597116183029,85.89666666666666,10.6,0.7933333333333333,3
2012-06-18,84,Canola,1.2412666666666665,1.4162912624998198,59.87916666666666,32.1,0.6416666666666667,3
2012-06-24,84,Canola,1.56593,2.7122703210963324,30.223333333333333,78.81666666666666,0.6266666666666666,3
2012-06-30,84,Canola,1.5278033333333336,1.35814959567543,57.60833333333333,92.16666666666667,0.38000000000000006,3
2012-07-16,84,Canola,3.5344833333333336,2.4629743096982017,82.36333333333333,117.68333333333332,0.61,3
2012-06-13,85,Wheat,1.65607,0.23978201746586422,77.70666666666666,44.46666666666667,0.3133333333333333,3
2012-06-18,85,Wheat,2.320136666666667,0.4909217830096087,84.22,57.76666666666667,0.26433333333333336,3
2012-06-24,85,Wheat,3.7725766666666662,1.473303532960311,84.53,77.45,0.27999999999999997,3
2012-07-07,85,Wheat,2.3481966666666665,1.2562349915654047,68.03333333333335,94.26666666666667,0.33499999999999996,3
2012-07-16,85,Wheat,2.3358933333333334,0.9534075471871057,61.7388888888889,90.26666666666667,0.20000000000000004,3
2012-06-13,91,Wheat,1.9730666666666667,0.5640916975398003,83.60666666666667,50.699999999999996,0.29000000000000004,3
2012-06-18,91,Wheat,2.7726666666666664,0.9454707824323991,84.60333333333334,64.03333333333333,0.3176666666666667,3
2012-06-24,91,Wheat,4.29638,1.3703351679060125,84.54666666666667,87.08333333333333,0.25833333333333336,3
2012-07-07,91,Wheat,3.5067799999999996,1.4184899355300338,72.17555555555555,106.25,0.31,3
2012-07-18,91,Wheat,2.4393100000000003,0.8058742587401586,63.76444444444445,103.71666666666665,0.29666666666666663,3
2012-06-13,92,Beans,0.05593666666666667,0.004780129008021993,89.02666666666666,9.465,0.08600000000000001,3
2012-06-16,92,Beans,0.09495666666666665,0.027387705879341778,86.93666666666667,12.026666666666666,0.39259266666666665,3
2012-06-21,92,Beans,0.16711333333333334,0.050832228293999984,86.87222222222222,14.5,0.42,3
2012-06-28,92,Beans,0.3098066666666667,0.1899465444100875,83.82666666666667,21.166666666666668,0.5,3
2012-07-09,92,Beans,0.46546333333333334,0.12684031154697362,78.42555555555556,27.03333333333333,0.61,3
2012-07-16,92,Beans,0.7093233333333333,0.3237613683460911,84.46916666666667,32.199999999999996,0.47633333333333333,3
2012-06-13,93,Corn,0.16066,0.08090121939748497,81.06333333333333,31.5,1.5999999999999999,3
2012-06-18,93,Corn,0.5117200000000001,0.3492010027190644,80.53333333333335,49.03,1.803,3
2012-06-24,93,Corn,1.0555966666666665,0.7860866460087801,89.60555555555555,62.699999999999996,1.5066666666666666,3
2012-06-30,93,Corn,1.07065,1.1806155093424786,58.25,89.2,1.9266666666666665,3
2012-07-09,93,Corn,4.65004,3.302705065185204,82.84777777777778,177.1833333333333,2.143333333333333,3
2012-07-18,93,Corn,3.9890266666666663,1.722519495980621,76.2025,253.13333333333335,1.9077776666666668,3
2012-06-13,94,Corn,0.08955666666666667,0.07789044635469317,52.076666666666675,25.099999999999998,1.3466666666666667,3
2012-06-18,94,Corn,0.29138000000000003,0.04246017310374513,86.43666666666667,41.5,1.6286666666666667,3
2012-06-24,94,Corn,0.43657666666666667,0.046945937346412996,82.78,54.98333333333333,1.5633333333333332,3
2012-06-30,94,Corn,1.53254,0.11102179831006148,86.86333333333334,80.16666666666667,1.7566666666666666,3
2012-07-09,94,Corn,2.8440166666666666,1.2325946399499446,82.12777777777778,142.5,1.995,3
2012-07-18,94,Corn,3.6157133333333333,1.5345319270166173,79.82333333333334,229.4333333333333,1.8466666666666667,3
