requested_fraction,first_method,second_method,delta_first_minus_second_db,conditional_ci_low_db,conditional_ci_high_db,probability_first_lower_rmse
0.05,i2em_actual_angle_plus_offset,two_channel_mean,0.5439171969286578,0.10922328781347977,1.0440570078790532,0.0039
0.05,spm_only,two_channel_mean,-0.11902936743924375,-0.14679694264618198,-0.08912323122615402,1.0
0.05,spm_to_i2em,spm_only,0.01064641958864776,0.007313039120316822,0.014282264752031393,0.0
0.05,risk_spm_to_i2em,two_channel_mean,-0.039467175646640484,-0.13009972415073612,0.05324358180005108,0.8016
0.05,i2em_actual_angle_plus_offset,spm_only,0.6629465643679016,0.22434248678200971,1.1745790694027458,0.0001
0.1,i2em_actual_angle_plus_offset,two_channel_mean,0.461640735671069,0.04497904682206613,0.9198110016434021,0.012
0.1,spm_only,two_channel_mean,-0.12578511627666966,-0.18199488153435572,-0.06676442931217091,0.9999
0.1,spm_to_i2em,spm_only,0.009676550426759967,0.006019375516910319,0.013653240409184187,0.0
0.1,risk_spm_to_i2em,two_channel_mean,-0.01693658878411508,-0.10277933218979633,0.07413713869753293,0.6464
0.1,i2em_actual_angle_plus_offset,spm_only,0.5874258519477387,0.16022286287631707,1.0732444436984732,0.0006
0.2,i2em_actual_angle_plus_offset,two_channel_mean,0.07501193525322414,-0.3507253971688359,0.5339105250758523,0.3984
0.2,spm_only,two_channel_mean,-0.01726096301951685,-0.07295470170510081,0.03820146755223271,0.7261
0.2,spm_to_i2em,spm_only,0.0008243467695230322,-0.002100755387897557,0.0036027730171333205,0.2854
0.2,risk_spm_to_i2em,two_channel_mean,0.10625378779511063,0.01316984445281466,0.204713318258323,0.0134
0.2,i2em_actual_angle_plus_offset,spm_only,0.09227289827274099,-0.3463333385651976,0.5765963284564245,0.381
