split_repeat,requested_fraction,actual_fraction,field_id,role
1,0.05,0.06666666666666667,WC01,test
1,0.05,0.06666666666666667,WC03,test
1,0.05,0.06666666666666667,WC04,adaptation
1,0.05,0.06666666666666667,WC05,test
1,0.05,0.06666666666666667,WC06,test
1,0.05,0.06666666666666667,WC08,test
1,0.05,0.06666666666666667,WC09,test
1,0.05,0.06666666666666667,WC10,test
1,0.05,0.06666666666666667,WC11,test
1,0.05,0.06666666666666667,WC13,test
1,0.05,0.06666666666666667,WC14,test
1,0.05,0.06666666666666667,WC15,test
1,0.05,0.06666666666666667,WC16,test
1,0.05,0.06666666666666667,WC17,test
1,0.05,0.06666666666666667,WC18,test
1,0.05,0.06666666666666667,WC19,test
1,0.05,0.06666666666666667,WC20,test
1,0.05,0.06666666666666667,WC21,test
1,0.05,0.06666666666666667,WC22,test
1,0.05,0.06666666666666667,WC23,test
1,0.05,0.06666666666666667,WC24,test
1,0.05,0.06666666666666667,WC25,test
1,0.05,0.06666666666666667,WC26,adaptation
1,0.05,0.06666666666666667,WC27,test
1,0.05,0.06666666666666667,WC28,test
1,0.05,0.06666666666666667,WC29,test
1,0.05,0.06666666666666667,WC30,test
1,0.05,0.06666666666666667,WC31,test
1,0.05,0.06666666666666667,WC32,test
1,0.05,0.06666666666666667,WC33,test
1,0.1,0.1,WC01,test
1,0.1,0.1,WC03,test
1,0.1,0.1,WC04,adaptation
1,0.1,0.1,WC05,test
1,0.1,0.1,WC06,test
1,0.1,0.1,WC08,test
1,0.1,0.1,WC09,test
1,0.1,0.1,WC10,test
1,0.1,0.1,WC11,test
1,0.1,0.1,WC13,test
1,0.1,0.1,WC14,adaptation
1,0.1,0.1,WC15,test
1,0.1,0.1,WC16,test
1,0.1,0.1,WC17,test
1,0.1,0.1,WC18,test
1,0.1,0.1,WC19,test
1,0.1,0.1,WC20,test
1,0.1,0.1,WC21,test
1,0.1,0.1,WC22,test
1,0.1,0.1,WC23,test
1,0.1,0.1,WC24,test
1,0.1,0.1,WC25,test
1,0.1,0.1,WC26,adaptation
1,0.1,0.1,WC27,test
1,0.1,0.1,WC28,test
1,0.1,0.1,WC29,test
1,0.1,0.1,WC30,test
1,0.1,0.1,WC31,test
1,0.1,0.1,WC32,test
1,0.1,0.1,WC33,test
1,0.2,0.2,WC01,test
1,0.2,0.2,WC03,test
1,0.2,0.2,WC04,adaptation
1,0.2,0.2,WC05,test
1,0.2,0.2,WC06,test
1,0.2,0.2,WC08,test
1,0.2,0.2,WC09,test
1,0.2,0.2,WC10,test
1,0.2,0.2,WC11,test
1,0.2,0.2,WC13,test
1,0.2,0.2,WC14,adaptation
1,0.2,0.2,WC15,test
1,0.2,0.2,WC16,test
1,0.2,0.2,WC17,test
1,0.2,0.2,WC18,test
1,0.2,0.2,WC19,test
1,0.2,0.2,WC20,test
1,0.2,0.2,WC21,test
1,0.2,0.2,WC22,test
1,0.2,0.2,WC23,adaptation
1,0.2,0.2,WC24,test
1,0.2,0.2,WC25,test
1,0.2,0.2,WC26,adaptation
1,0.2,0.2,WC27,test
1,0.2,0.2,WC28,test
1,0.2,0.2,WC29,adaptation
1,0.2,0.2,WC30,test
1,0.2,0.2,WC31,adaptation
1,0.2,0.2,WC32,test
1,0.2,0.2,WC33,test
2,0.05,0.06666666666666667,WC01,adaptation
2,0.05,0.06666666666666667,WC03,test
2,0.05,0.06666666666666667,WC04,test
2,0.05,0.06666666666666667,WC05,test
2,0.05,0.06666666666666667,WC06,test
2,0.05,0.06666666666666667,WC08,test
2,0.05,0.06666666666666667,WC09,test
2,0.05,0.06666666666666667,WC10,test
2,0.05,0.06666666666666667,WC11,test
2,0.05,0.06666666666666667,WC13,test
2,0.05,0.06666666666666667,WC14,test
2,0.05,0.06666666666666667,WC15,test
2,0.05,0.06666666666666667,WC16,test
2,0.05,0.06666666666666667,WC17,test
2,0.05,0.06666666666666667,WC18,test
2,0.05,0.06666666666666667,WC19,test
2,0.05,0.06666666666666667,WC20,test
2,0.05,0.06666666666666667,WC21,test
2,0.05,0.06666666666666667,WC22,test
2,0.05,0.06666666666666667,WC23,adaptation
2,0.05,0.06666666666666667,WC24,test
2,0.05,0.06666666666666667,WC25,test
2,0.05,0.06666666666666667,WC26,test
2,0.05,0.06666666666666667,WC27,test
2,0.05,0.06666666666666667,WC28,test
2,0.05,0.06666666666666667,WC29,test
2,0.05,0.06666666666666667,WC30,test
2,0.05,0.06666666666666667,WC31,test
2,0.05,0.06666666666666667,WC32,test
2,0.05,0.06666666666666667,WC33,test
2,0.1,0.1,WC01,adaptation
2,0.1,0.1,WC03,adaptation
2,0.1,0.1,WC04,test
2,0.1,0.1,WC05,test
2,0.1,0.1,WC06,test
2,0.1,0.1,WC08,test
2,0.1,0.1,WC09,test
2,0.1,0.1,WC10,test
2,0.1,0.1,WC11,test
2,0.1,0.1,WC13,test
2,0.1,0.1,WC14,test
2,0.1,0.1,WC15,test
2,0.1,0.1,WC16,test
2,0.1,0.1,WC17,test
2,0.1,0.1,WC18,test
2,0.1,0.1,WC19,test
2,0.1,0.1,WC20,test
2,0.1,0.1,WC21,test
2,0.1,0.1,WC22,test
2,0.1,0.1,WC23,adaptation
2,0.1,0.1,WC24,test
2,0.1,0.1,WC25,test
2,0.1,0.1,WC26,test
2,0.1,0.1,WC27,test
2,0.1,0.1,WC28,test
2,0.1,0.1,WC29,test
2,0.1,0.1,WC30,test
2,0.1,0.1,WC31,test
2,0.1,0.1,WC32,test
2,0.1,0.1,WC33,test
2,0.2,0.2,WC01,adaptation
2,0.2,0.2,WC03,adaptation
2,0.2,0.2,WC04,test
2,0.2,0.2,WC05,test
2,0.2,0.2,WC06,adaptation
2,0.2,0.2,WC08,test
2,0.2,0.2,WC09,adaptation
2,0.2,0.2,WC10,test
2,0.2,0.2,WC11,test
2,0.2,0.2,WC13,test
2,0.2,0.2,WC14,test
2,0.2,0.2,WC15,test
2,0.2,0.2,WC16,test
2,0.2,0.2,WC17,test
2,0.2,0.2,WC18,test
2,0.2,0.2,WC19,test
2,0.2,0.2,WC20,adaptation
2,0.2,0.2,WC21,test
2,0.2,0.2,WC22,test
2,0.2,0.2,WC23,adaptation
2,0.2,0.2,WC24,test
2,0.2,0.2,WC25,test
2,0.2,0.2,WC26,test
2,0.2,0.2,WC27,test
2,0.2,0.2,WC28,test
2,0.2,0.2,WC29,test
2,0.2,0.2,WC30,test
2,0.2,0.2,WC31,test
2,0.2,0.2,WC32,test
2,0.2,0.2,WC33,test
3,0.05,0.06666666666666667,WC01,test
3,0.05,0.06666666666666667,WC03,test
3,0.05,0.06666666666666667,WC04,test
3,0.05,0.06666666666666667,WC05,test
3,0.05,0.06666666666666667,WC06,test
3,0.05,0.06666666666666667,WC08,test
3,0.05,0.06666666666666667,WC09,test
3,0.05,0.06666666666666667,WC10,test
3,0.05,0.06666666666666667,WC11,test
3,0.05,0.06666666666666667,WC13,test
3,0.05,0.06666666666666667,WC14,test
3,0.05,0.06666666666666667,WC15,test
3,0.05,0.06666666666666667,WC16,test
3,0.05,0.06666666666666667,WC17,test
3,0.05,0.06666666666666667,WC18,test
3,0.05,0.06666666666666667,WC19,test
3,0.05,0.06666666666666667,WC20,test
3,0.05,0.06666666666666667,WC21,adaptation
3,0.05,0.06666666666666667,WC22,test
3,0.05,0.06666666666666667,WC23,adaptation
3,0.05,0.06666666666666667,WC24,test
3,0.05,0.06666666666666667,WC25,test
3,0.05,0.06666666666666667,WC26,test
3,0.05,0.06666666666666667,WC27,test
3,0.05,0.06666666666666667,WC28,test
3,0.05,0.06666666666666667,WC29,test
3,0.05,0.06666666666666667,WC30,test
3,0.05,0.06666666666666667,WC31,test
3,0.05,0.06666666666666667,WC32,test
3,0.05,0.06666666666666667,WC33,test
3,0.1,0.1,WC01,test
3,0.1,0.1,WC03,test
3,0.1,0.1,WC04,test
3,0.1,0.1,WC05,test
3,0.1,0.1,WC06,adaptation
3,0.1,0.1,WC08,test
3,0.1,0.1,WC09,test
3,0.1,0.1,WC10,test
3,0.1,0.1,WC11,test
3,0.1,0.1,WC13,test
3,0.1,0.1,WC14,test
3,0.1,0.1,WC15,test
3,0.1,0.1,WC16,test
3,0.1,0.1,WC17,test
3,0.1,0.1,WC18,test
3,0.1,0.1,WC19,test
3,0.1,0.1,WC20,test
3,0.1,0.1,WC21,adaptation
3,0.1,0.1,WC22,test
3,0.1,0.1,WC23,adaptation
3,0.1,0.1,WC24,test
3,0.1,0.1,WC25,test
3,0.1,0.1,WC26,test
3,0.1,0.1,WC27,test
3,0.1,0.1,WC28,test
3,0.1,0.1,WC29,test
3,0.1,0.1,WC30,test
3,0.1,0.1,WC31,test
3,0.1,0.1,WC32,test
3,0.1,0.1,WC33,test
3,0.2,0.2,WC01,test
3,0.2,0.2,WC03,test
3,0.2,0.2,WC04,test
3,0.2,0.2,WC05,test
3,0.2,0.2,WC06,adaptation
3,0.2,0.2,WC08,test
3,0.2,0.2,WC09,test
3,0.2,0.2,WC10,test
3,0.2,0.2,WC11,test
3,0.2,0.2,WC13,test
3,0.2,0.2,WC14,test
3,0.2,0.2,WC15,test
3,0.2,0.2,WC16,test
3,0.2,0.2,WC17,test
3,0.2,0.2,WC18,test
3,0.2,0.2,WC19,test
3,0.2,0.2,WC20,test
3,0.2,0.2,WC21,adaptation
3,0.2,0.2,WC22,adaptation
3,0.2,0.2,WC23,adaptation
3,0.2,0.2,WC24,adaptation
3,0.2,0.2,WC25,test
3,0.2,0.2,WC26,test
3,0.2,0.2,WC27,test
3,0.2,0.2,WC28,test
3,0.2,0.2,WC29,test
3,0.2,0.2,WC30,test
3,0.2,0.2,WC31,adaptation
3,0.2,0.2,WC32,test
3,0.2,0.2,WC33,test
4,0.05,0.06666666666666667,WC01,test
4,0.05,0.06666666666666667,WC03,test
4,0.05,0.06666666666666667,WC04,test
4,0.05,0.06666666666666667,WC05,test
4,0.05,0.06666666666666667,WC06,test
4,0.05,0.06666666666666667,WC08,test
4,0.05,0.06666666666666667,WC09,test
4,0.05,0.06666666666666667,WC10,test
4,0.05,0.06666666666666667,WC11,test
4,0.05,0.06666666666666667,WC13,test
4,0.05,0.06666666666666667,WC14,test
4,0.05,0.06666666666666667,WC15,test
4,0.05,0.06666666666666667,WC16,test
4,0.05,0.06666666666666667,WC17,test
4,0.05,0.06666666666666667,WC18,test
4,0.05,0.06666666666666667,WC19,test
4,0.05,0.06666666666666667,WC20,test
4,0.05,0.06666666666666667,WC21,test
4,0.05,0.06666666666666667,WC22,test
4,0.05,0.06666666666666667,WC23,test
4,0.05,0.06666666666666667,WC24,test
4,0.05,0.06666666666666667,WC25,test
4,0.05,0.06666666666666667,WC26,test
4,0.05,0.06666666666666667,WC27,test
4,0.05,0.06666666666666667,WC28,test
4,0.05,0.06666666666666667,WC29,test
4,0.05,0.06666666666666667,WC30,test
4,0.05,0.06666666666666667,WC31,test
4,0.05,0.06666666666666667,WC32,adaptation
4,0.05,0.06666666666666667,WC33,adaptation
4,0.1,0.1,WC01,test
4,0.1,0.1,WC03,test
4,0.1,0.1,WC04,test
4,0.1,0.1,WC05,test
4,0.1,0.1,WC06,test
4,0.1,0.1,WC08,test
4,0.1,0.1,WC09,test
4,0.1,0.1,WC10,test
4,0.1,0.1,WC11,test
4,0.1,0.1,WC13,test
4,0.1,0.1,WC14,test
4,0.1,0.1,WC15,test
4,0.1,0.1,WC16,test
4,0.1,0.1,WC17,test
4,0.1,0.1,WC18,test
4,0.1,0.1,WC19,test
4,0.1,0.1,WC20,test
4,0.1,0.1,WC21,test
4,0.1,0.1,WC22,test
4,0.1,0.1,WC23,adaptation
4,0.1,0.1,WC24,test
4,0.1,0.1,WC25,test
4,0.1,0.1,WC26,test
4,0.1,0.1,WC27,test
4,0.1,0.1,WC28,test
4,0.1,0.1,WC29,test
4,0.1,0.1,WC30,test
4,0.1,0.1,WC31,test
4,0.1,0.1,WC32,adaptation
4,0.1,0.1,WC33,adaptation
4,0.2,0.2,WC01,test
4,0.2,0.2,WC03,test
4,0.2,0.2,WC04,test
4,0.2,0.2,WC05,test
4,0.2,0.2,WC06,adaptation
4,0.2,0.2,WC08,test
4,0.2,0.2,WC09,test
4,0.2,0.2,WC10,test
4,0.2,0.2,WC11,test
4,0.2,0.2,WC13,test
4,0.2,0.2,WC14,adaptation
4,0.2,0.2,WC15,test
4,0.2,0.2,WC16,test
4,0.2,0.2,WC17,test
4,0.2,0.2,WC18,test
4,0.2,0.2,WC19,test
4,0.2,0.2,WC20,test
4,0.2,0.2,WC21,test
4,0.2,0.2,WC22,test
4,0.2,0.2,WC23,adaptation
4,0.2,0.2,WC24,test
4,0.2,0.2,WC25,test
4,0.2,0.2,WC26,test
4,0.2,0.2,WC27,adaptation
4,0.2,0.2,WC28,test
4,0.2,0.2,WC29,test
4,0.2,0.2,WC30,test
4,0.2,0.2,WC31,test
4,0.2,0.2,WC32,adaptation
4,0.2,0.2,WC33,adaptation
5,0.05,0.06666666666666667,WC01,test
5,0.05,0.06666666666666667,WC03,test
5,0.05,0.06666666666666667,WC04,test
5,0.05,0.06666666666666667,WC05,test
5,0.05,0.06666666666666667,WC06,test
5,0.05,0.06666666666666667,WC08,test
5,0.05,0.06666666666666667,WC09,test
5,0.05,0.06666666666666667,WC10,test
5,0.05,0.06666666666666667,WC11,test
5,0.05,0.06666666666666667,WC13,adaptation
5,0.05,0.06666666666666667,WC14,test
5,0.05,0.06666666666666667,WC15,test
5,0.05,0.06666666666666667,WC16,test
5,0.05,0.06666666666666667,WC17,test
5,0.05,0.06666666666666667,WC18,test
5,0.05,0.06666666666666667,WC19,test
5,0.05,0.06666666666666667,WC20,test
5,0.05,0.06666666666666667,WC21,test
5,0.05,0.06666666666666667,WC22,test
5,0.05,0.06666666666666667,WC23,test
5,0.05,0.06666666666666667,WC24,test
5,0.05,0.06666666666666667,WC25,test
5,0.05,0.06666666666666667,WC26,test
5,0.05,0.06666666666666667,WC27,test
5,0.05,0.06666666666666667,WC28,test
5,0.05,0.06666666666666667,WC29,test
5,0.05,0.06666666666666667,WC30,test
5,0.05,0.06666666666666667,WC31,test
5,0.05,0.06666666666666667,WC32,adaptation
5,0.05,0.06666666666666667,WC33,test
5,0.1,0.1,WC01,test
5,0.1,0.1,WC03,test
5,0.1,0.1,WC04,test
5,0.1,0.1,WC05,test
5,0.1,0.1,WC06,test
5,0.1,0.1,WC08,test
5,0.1,0.1,WC09,test
5,0.1,0.1,WC10,test
5,0.1,0.1,WC11,test
5,0.1,0.1,WC13,adaptation
5,0.1,0.1,WC14,test
5,0.1,0.1,WC15,test
5,0.1,0.1,WC16,test
5,0.1,0.1,WC17,test
5,0.1,0.1,WC18,test
5,0.1,0.1,WC19,test
5,0.1,0.1,WC20,test
5,0.1,0.1,WC21,test
5,0.1,0.1,WC22,test
5,0.1,0.1,WC23,test
5,0.1,0.1,WC24,test
5,0.1,0.1,WC25,test
5,0.1,0.1,WC26,test
5,0.1,0.1,WC27,test
5,0.1,0.1,WC28,test
5,0.1,0.1,WC29,test
5,0.1,0.1,WC30,adaptation
5,0.1,0.1,WC31,test
5,0.1,0.1,WC32,adaptation
5,0.1,0.1,WC33,test
5,0.2,0.2,WC01,test
5,0.2,0.2,WC03,test
5,0.2,0.2,WC04,test
5,0.2,0.2,WC05,test
5,0.2,0.2,WC06,test
5,0.2,0.2,WC08,test
5,0.2,0.2,WC09,test
5,0.2,0.2,WC10,test
5,0.2,0.2,WC11,test
5,0.2,0.2,WC13,adaptation
5,0.2,0.2,WC14,adaptation
5,0.2,0.2,WC15,test
5,0.2,0.2,WC16,test
5,0.2,0.2,WC17,test
5,0.2,0.2,WC18,test
5,0.2,0.2,WC19,adaptation
5,0.2,0.2,WC20,test
5,0.2,0.2,WC21,test
5,0.2,0.2,WC22,test
5,0.2,0.2,WC23,test
5,0.2,0.2,WC24,test
5,0.2,0.2,WC25,test
5,0.2,0.2,WC26,adaptation
5,0.2,0.2,WC27,test
5,0.2,0.2,WC28,test
5,0.2,0.2,WC29,test
5,0.2,0.2,WC30,adaptation
5,0.2,0.2,WC31,test
5,0.2,0.2,WC32,adaptation
5,0.2,0.2,WC33,test
6,0.05,0.06666666666666667,WC01,test
6,0.05,0.06666666666666667,WC03,test
6,0.05,0.06666666666666667,WC04,test
6,0.05,0.06666666666666667,WC05,test
6,0.05,0.06666666666666667,WC06,test
6,0.05,0.06666666666666667,WC08,test
6,0.05,0.06666666666666667,WC09,test
6,0.05,0.06666666666666667,WC10,adaptation
6,0.05,0.06666666666666667,WC11,adaptation
6,0.05,0.06666666666666667,WC13,test
6,0.05,0.06666666666666667,WC14,test
6,0.05,0.06666666666666667,WC15,test
6,0.05,0.06666666666666667,WC16,test
6,0.05,0.06666666666666667,WC17,test
6,0.05,0.06666666666666667,WC18,test
6,0.05,0.06666666666666667,WC19,test
6,0.05,0.06666666666666667,WC20,test
6,0.05,0.06666666666666667,WC21,test
6,0.05,0.06666666666666667,WC22,test
6,0.05,0.06666666666666667,WC23,test
6,0.05,0.06666666666666667,WC24,test
6,0.05,0.06666666666666667,WC25,test
6,0.05,0.06666666666666667,WC26,test
6,0.05,0.06666666666666667,WC27,test
6,0.05,0.06666666666666667,WC28,test
6,0.05,0.06666666666666667,WC29,test
6,0.05,0.06666666666666667,WC30,test
6,0.05,0.06666666666666667,WC31,test
6,0.05,0.06666666666666667,WC32,test
6,0.05,0.06666666666666667,WC33,test
6,0.1,0.1,WC01,test
6,0.1,0.1,WC03,test
6,0.1,0.1,WC04,test
6,0.1,0.1,WC05,test
6,0.1,0.1,WC06,test
6,0.1,0.1,WC08,test
6,0.1,0.1,WC09,test
6,0.1,0.1,WC10,adaptation
6,0.1,0.1,WC11,adaptation
6,0.1,0.1,WC13,test
6,0.1,0.1,WC14,test
6,0.1,0.1,WC15,test
6,0.1,0.1,WC16,test
6,0.1,0.1,WC17,test
6,0.1,0.1,WC18,test
6,0.1,0.1,WC19,test
6,0.1,0.1,WC20,test
6,0.1,0.1,WC21,test
6,0.1,0.1,WC22,test
6,0.1,0.1,WC23,test
6,0.1,0.1,WC24,test
6,0.1,0.1,WC25,test
6,0.1,0.1,WC26,test
6,0.1,0.1,WC27,test
6,0.1,0.1,WC28,adaptation
6,0.1,0.1,WC29,test
6,0.1,0.1,WC30,test
6,0.1,0.1,WC31,test
6,0.1,0.1,WC32,test
6,0.1,0.1,WC33,test
6,0.2,0.2,WC01,test
6,0.2,0.2,WC03,adaptation
6,0.2,0.2,WC04,test
6,0.2,0.2,WC05,test
6,0.2,0.2,WC06,test
6,0.2,0.2,WC08,adaptation
6,0.2,0.2,WC09,test
6,0.2,0.2,WC10,adaptation
6,0.2,0.2,WC11,adaptation
6,0.2,0.2,WC13,test
6,0.2,0.2,WC14,test
6,0.2,0.2,WC15,test
6,0.2,0.2,WC16,test
6,0.2,0.2,WC17,test
6,0.2,0.2,WC18,adaptation
6,0.2,0.2,WC19,test
6,0.2,0.2,WC20,test
6,0.2,0.2,WC21,test
6,0.2,0.2,WC22,test
6,0.2,0.2,WC23,test
6,0.2,0.2,WC24,test
6,0.2,0.2,WC25,test
6,0.2,0.2,WC26,test
6,0.2,0.2,WC27,test
6,0.2,0.2,WC28,adaptation
6,0.2,0.2,WC29,test
6,0.2,0.2,WC30,test
6,0.2,0.2,WC31,test
6,0.2,0.2,WC32,test
6,0.2,0.2,WC33,test
7,0.05,0.06666666666666667,WC01,test
7,0.05,0.06666666666666667,WC03,test
7,0.05,0.06666666666666667,WC04,adaptation
7,0.05,0.06666666666666667,WC05,test
7,0.05,0.06666666666666667,WC06,test
7,0.05,0.06666666666666667,WC08,test
7,0.05,0.06666666666666667,WC09,test
7,0.05,0.06666666666666667,WC10,test
7,0.05,0.06666666666666667,WC11,test
7,0.05,0.06666666666666667,WC13,test
7,0.05,0.06666666666666667,WC14,test
7,0.05,0.06666666666666667,WC15,test
7,0.05,0.06666666666666667,WC16,test
7,0.05,0.06666666666666667,WC17,test
7,0.05,0.06666666666666667,WC18,test
7,0.05,0.06666666666666667,WC19,test
7,0.05,0.06666666666666667,WC20,test
7,0.05,0.06666666666666667,WC21,test
7,0.05,0.06666666666666667,WC22,test
7,0.05,0.06666666666666667,WC23,test
7,0.05,0.06666666666666667,WC24,test
7,0.05,0.06666666666666667,WC25,test
7,0.05,0.06666666666666667,WC26,adaptation
7,0.05,0.06666666666666667,WC27,test
7,0.05,0.06666666666666667,WC28,test
7,0.05,0.06666666666666667,WC29,test
7,0.05,0.06666666666666667,WC30,test
7,0.05,0.06666666666666667,WC31,test
7,0.05,0.06666666666666667,WC32,test
7,0.05,0.06666666666666667,WC33,test
7,0.1,0.1,WC01,test
7,0.1,0.1,WC03,test
7,0.1,0.1,WC04,adaptation
7,0.1,0.1,WC05,test
7,0.1,0.1,WC06,test
7,0.1,0.1,WC08,test
7,0.1,0.1,WC09,test
7,0.1,0.1,WC10,test
7,0.1,0.1,WC11,test
7,0.1,0.1,WC13,test
7,0.1,0.1,WC14,test
7,0.1,0.1,WC15,test
7,0.1,0.1,WC16,test
7,0.1,0.1,WC17,test
7,0.1,0.1,WC18,test
7,0.1,0.1,WC19,test
7,0.1,0.1,WC20,test
7,0.1,0.1,WC21,adaptation
7,0.1,0.1,WC22,test
7,0.1,0.1,WC23,test
7,0.1,0.1,WC24,test
7,0.1,0.1,WC25,test
7,0.1,0.1,WC26,adaptation
7,0.1,0.1,WC27,test
7,0.1,0.1,WC28,test
7,0.1,0.1,WC29,test
7,0.1,0.1,WC30,test
7,0.1,0.1,WC31,test
7,0.1,0.1,WC32,test
7,0.1,0.1,WC33,test
7,0.2,0.2,WC01,test
7,0.2,0.2,WC03,test
7,0.2,0.2,WC04,adaptation
7,0.2,0.2,WC05,test
7,0.2,0.2,WC06,test
7,0.2,0.2,WC08,test
7,0.2,0.2,WC09,test
7,0.2,0.2,WC10,test
7,0.2,0.2,WC11,test
7,0.2,0.2,WC13,test
7,0.2,0.2,WC14,test
7,0.2,0.2,WC15,test
7,0.2,0.2,WC16,test
7,0.2,0.2,WC17,test
7,0.2,0.2,WC18,test
7,0.2,0.2,WC19,test
7,0.2,0.2,WC20,test
7,0.2,0.2,WC21,adaptation
7,0.2,0.2,WC22,adaptation
7,0.2,0.2,WC23,test
7,0.2,0.2,WC24,adaptation
7,0.2,0.2,WC25,test
7,0.2,0.2,WC26,adaptation
7,0.2,0.2,WC27,test
7,0.2,0.2,WC28,test
7,0.2,0.2,WC29,test
7,0.2,0.2,WC30,test
7,0.2,0.2,WC31,test
7,0.2,0.2,WC32,adaptation
7,0.2,0.2,WC33,test
8,0.05,0.06666666666666667,WC01,test
8,0.05,0.06666666666666667,WC03,test
8,0.05,0.06666666666666667,WC04,test
8,0.05,0.06666666666666667,WC05,test
8,0.05,0.06666666666666667,WC06,test
8,0.05,0.06666666666666667,WC08,test
8,0.05,0.06666666666666667,WC09,test
8,0.05,0.06666666666666667,WC10,adaptation
8,0.05,0.06666666666666667,WC11,test
8,0.05,0.06666666666666667,WC13,test
8,0.05,0.06666666666666667,WC14,test
8,0.05,0.06666666666666667,WC15,adaptation
8,0.05,0.06666666666666667,WC16,test
8,0.05,0.06666666666666667,WC17,test
8,0.05,0.06666666666666667,WC18,test
8,0.05,0.06666666666666667,WC19,test
8,0.05,0.06666666666666667,WC20,test
8,0.05,0.06666666666666667,WC21,test
8,0.05,0.06666666666666667,WC22,test
8,0.05,0.06666666666666667,WC23,test
8,0.05,0.06666666666666667,WC24,test
8,0.05,0.06666666666666667,WC25,test
8,0.05,0.06666666666666667,WC26,test
8,0.05,0.06666666666666667,WC27,test
8,0.05,0.06666666666666667,WC28,test
8,0.05,0.06666666666666667,WC29,test
8,0.05,0.06666666666666667,WC30,test
8,0.05,0.06666666666666667,WC31,test
8,0.05,0.06666666666666667,WC32,test
8,0.05,0.06666666666666667,WC33,test
8,0.1,0.1,WC01,test
8,0.1,0.1,WC03,test
8,0.1,0.1,WC04,test
8,0.1,0.1,WC05,test
8,0.1,0.1,WC06,test
8,0.1,0.1,WC08,test
8,0.1,0.1,WC09,test
8,0.1,0.1,WC10,adaptation
8,0.1,0.1,WC11,test
8,0.1,0.1,WC13,test
8,0.1,0.1,WC14,test
8,0.1,0.1,WC15,adaptation
8,0.1,0.1,WC16,test
8,0.1,0.1,WC17,test
8,0.1,0.1,WC18,test
8,0.1,0.1,WC19,test
8,0.1,0.1,WC20,test
8,0.1,0.1,WC21,test
8,0.1,0.1,WC22,test
8,0.1,0.1,WC23,test
8,0.1,0.1,WC24,adaptation
8,0.1,0.1,WC25,test
8,0.1,0.1,WC26,test
8,0.1,0.1,WC27,test
8,0.1,0.1,WC28,test
8,0.1,0.1,WC29,test
8,0.1,0.1,WC30,test
8,0.1,0.1,WC31,test
8,0.1,0.1,WC32,test
8,0.1,0.1,WC33,test
8,0.2,0.2,WC01,test
8,0.2,0.2,WC03,test
8,0.2,0.2,WC04,adaptation
8,0.2,0.2,WC05,adaptation
8,0.2,0.2,WC06,test
8,0.2,0.2,WC08,test
8,0.2,0.2,WC09,test
8,0.2,0.2,WC10,adaptation
8,0.2,0.2,WC11,test
8,0.2,0.2,WC13,test
8,0.2,0.2,WC14,test
8,0.2,0.2,WC15,adaptation
8,0.2,0.2,WC16,test
8,0.2,0.2,WC17,adaptation
8,0.2,0.2,WC18,test
8,0.2,0.2,WC19,test
8,0.2,0.2,WC20,test
8,0.2,0.2,WC21,test
8,0.2,0.2,WC22,test
8,0.2,0.2,WC23,test
8,0.2,0.2,WC24,adaptation
8,0.2,0.2,WC25,test
8,0.2,0.2,WC26,test
8,0.2,0.2,WC27,test
8,0.2,0.2,WC28,test
8,0.2,0.2,WC29,test
8,0.2,0.2,WC30,test
8,0.2,0.2,WC31,test
8,0.2,0.2,WC32,test
8,0.2,0.2,WC33,test
9,0.05,0.06666666666666667,WC01,test
9,0.05,0.06666666666666667,WC03,test
9,0.05,0.06666666666666667,WC04,test
9,0.05,0.06666666666666667,WC05,test
9,0.05,0.06666666666666667,WC06,test
9,0.05,0.06666666666666667,WC08,test
9,0.05,0.06666666666666667,WC09,test
9,0.05,0.06666666666666667,WC10,test
9,0.05,0.06666666666666667,WC11,test
9,0.05,0.06666666666666667,WC13,test
9,0.05,0.06666666666666667,WC14,test
9,0.05,0.06666666666666667,WC15,test
9,0.05,0.06666666666666667,WC16,adaptation
9,0.05,0.06666666666666667,WC17,test
9,0.05,0.06666666666666667,WC18,test
9,0.05,0.06666666666666667,WC19,test
9,0.05,0.06666666666666667,WC20,test
9,0.05,0.06666666666666667,WC21,test
9,0.05,0.06666666666666667,WC22,test
9,0.05,0.06666666666666667,WC23,test
9,0.05,0.06666666666666667,WC24,adaptation
9,0.05,0.06666666666666667,WC25,test
9,0.05,0.06666666666666667,WC26,test
9,0.05,0.06666666666666667,WC27,test
9,0.05,0.06666666666666667,WC28,test
9,0.05,0.06666666666666667,WC29,test
9,0.05,0.06666666666666667,WC30,test
9,0.05,0.06666666666666667,WC31,test
9,0.05,0.06666666666666667,WC32,test
9,0.05,0.06666666666666667,WC33,test
9,0.1,0.1,WC01,test
9,0.1,0.1,WC03,test
9,0.1,0.1,WC04,test
9,0.1,0.1,WC05,test
9,0.1,0.1,WC06,test
9,0.1,0.1,WC08,test
9,0.1,0.1,WC09,test
9,0.1,0.1,WC10,test
9,0.1,0.1,WC11,test
9,0.1,0.1,WC13,test
9,0.1,0.1,WC14,test
9,0.1,0.1,WC15,test
9,0.1,0.1,WC16,adaptation
9,0.1,0.1,WC17,test
9,0.1,0.1,WC18,test
9,0.1,0.1,WC19,test
9,0.1,0.1,WC20,test
9,0.1,0.1,WC21,test
9,0.1,0.1,WC22,test
9,0.1,0.1,WC23,test
9,0.1,0.1,WC24,adaptation
9,0.1,0.1,WC25,test
9,0.1,0.1,WC26,test
9,0.1,0.1,WC27,test
9,0.1,0.1,WC28,adaptation
9,0.1,0.1,WC29,test
9,0.1,0.1,WC30,test
9,0.1,0.1,WC31,test
9,0.1,0.1,WC32,test
9,0.1,0.1,WC33,test
9,0.2,0.2,WC01,test
9,0.2,0.2,WC03,test
9,0.2,0.2,WC04,test
9,0.2,0.2,WC05,adaptation
9,0.2,0.2,WC06,test
9,0.2,0.2,WC08,test
9,0.2,0.2,WC09,test
9,0.2,0.2,WC10,test
9,0.2,0.2,WC11,test
9,0.2,0.2,WC13,test
9,0.2,0.2,WC14,test
9,0.2,0.2,WC15,test
9,0.2,0.2,WC16,adaptation
9,0.2,0.2,WC17,test
9,0.2,0.2,WC18,test
9,0.2,0.2,WC19,test
9,0.2,0.2,WC20,test
9,0.2,0.2,WC21,test
9,0.2,0.2,WC22,test
9,0.2,0.2,WC23,test
9,0.2,0.2,WC24,adaptation
9,0.2,0.2,WC25,test
9,0.2,0.2,WC26,test
9,0.2,0.2,WC27,test
9,0.2,0.2,WC28,adaptation
9,0.2,0.2,WC29,adaptation
9,0.2,0.2,WC30,adaptation
9,0.2,0.2,WC31,test
9,0.2,0.2,WC32,test
9,0.2,0.2,WC33,test
10,0.05,0.06666666666666667,WC01,test
10,0.05,0.06666666666666667,WC03,test
10,0.05,0.06666666666666667,WC04,test
10,0.05,0.06666666666666667,WC05,test
10,0.05,0.06666666666666667,WC06,test
10,0.05,0.06666666666666667,WC08,test
10,0.05,0.06666666666666667,WC09,test
10,0.05,0.06666666666666667,WC10,test
10,0.05,0.06666666666666667,WC11,adaptation
10,0.05,0.06666666666666667,WC13,test
10,0.05,0.06666666666666667,WC14,test
10,0.05,0.06666666666666667,WC15,test
10,0.05,0.06666666666666667,WC16,test
10,0.05,0.06666666666666667,WC17,test
10,0.05,0.06666666666666667,WC18,test
10,0.05,0.06666666666666667,WC19,test
10,0.05,0.06666666666666667,WC20,adaptation
10,0.05,0.06666666666666667,WC21,test
10,0.05,0.06666666666666667,WC22,test
10,0.05,0.06666666666666667,WC23,test
10,0.05,0.06666666666666667,WC24,test
10,0.05,0.06666666666666667,WC25,test
10,0.05,0.06666666666666667,WC26,test
10,0.05,0.06666666666666667,WC27,test
10,0.05,0.06666666666666667,WC28,test
10,0.05,0.06666666666666667,WC29,test
10,0.05,0.06666666666666667,WC30,test
10,0.05,0.06666666666666667,WC31,test
10,0.05,0.06666666666666667,WC32,test
10,0.05,0.06666666666666667,WC33,test
10,0.1,0.1,WC01,test
10,0.1,0.1,WC03,test
10,0.1,0.1,WC04,test
10,0.1,0.1,WC05,test
10,0.1,0.1,WC06,test
10,0.1,0.1,WC08,test
10,0.1,0.1,WC09,adaptation
10,0.1,0.1,WC10,test
10,0.1,0.1,WC11,adaptation
10,0.1,0.1,WC13,test
10,0.1,0.1,WC14,test
10,0.1,0.1,WC15,test
10,0.1,0.1,WC16,test
10,0.1,0.1,WC17,test
10,0.1,0.1,WC18,test
10,0.1,0.1,WC19,test
10,0.1,0.1,WC20,adaptation
10,0.1,0.1,WC21,test
10,0.1,0.1,WC22,test
10,0.1,0.1,WC23,test
10,0.1,0.1,WC24,test
10,0.1,0.1,WC25,test
10,0.1,0.1,WC26,test
10,0.1,0.1,WC27,test
10,0.1,0.1,WC28,test
10,0.1,0.1,WC29,test
10,0.1,0.1,WC30,test
10,0.1,0.1,WC31,test
10,0.1,0.1,WC32,test
10,0.1,0.1,WC33,test
10,0.2,0.2,WC01,test
10,0.2,0.2,WC03,test
10,0.2,0.2,WC04,test
10,0.2,0.2,WC05,test
10,0.2,0.2,WC06,adaptation
10,0.2,0.2,WC08,adaptation
10,0.2,0.2,WC09,adaptation
10,0.2,0.2,WC10,test
10,0.2,0.2,WC11,adaptation
10,0.2,0.2,WC13,test
10,0.2,0.2,WC14,test
10,0.2,0.2,WC15,test
10,0.2,0.2,WC16,test
10,0.2,0.2,WC17,test
10,0.2,0.2,WC18,test
10,0.2,0.2,WC19,test
10,0.2,0.2,WC20,adaptation
10,0.2,0.2,WC21,test
10,0.2,0.2,WC22,test
10,0.2,0.2,WC23,test
10,0.2,0.2,WC24,test
10,0.2,0.2,WC25,test
10,0.2,0.2,WC26,adaptation
10,0.2,0.2,WC27,test
10,0.2,0.2,WC28,test
10,0.2,0.2,WC29,test
10,0.2,0.2,WC30,test
10,0.2,0.2,WC31,test
10,0.2,0.2,WC32,test
10,0.2,0.2,WC33,test
11,0.05,0.06666666666666667,WC01,test
11,0.05,0.06666666666666667,WC03,adaptation
11,0.05,0.06666666666666667,WC04,test
11,0.05,0.06666666666666667,WC05,test
11,0.05,0.06666666666666667,WC06,test
11,0.05,0.06666666666666667,WC08,test
11,0.05,0.06666666666666667,WC09,test
11,0.05,0.06666666666666667,WC10,test
11,0.05,0.06666666666666667,WC11,test
11,0.05,0.06666666666666667,WC13,test
11,0.05,0.06666666666666667,WC14,test
11,0.05,0.06666666666666667,WC15,test
11,0.05,0.06666666666666667,WC16,test
11,0.05,0.06666666666666667,WC17,test
11,0.05,0.06666666666666667,WC18,test
11,0.05,0.06666666666666667,WC19,test
11,0.05,0.06666666666666667,WC20,test
11,0.05,0.06666666666666667,WC21,adaptation
11,0.05,0.06666666666666667,WC22,test
11,0.05,0.06666666666666667,WC23,test
11,0.05,0.06666666666666667,WC24,test
11,0.05,0.06666666666666667,WC25,test
11,0.05,0.06666666666666667,WC26,test
11,0.05,0.06666666666666667,WC27,test
11,0.05,0.06666666666666667,WC28,test
11,0.05,0.06666666666666667,WC29,test
11,0.05,0.06666666666666667,WC30,test
11,0.05,0.06666666666666667,WC31,test
11,0.05,0.06666666666666667,WC32,test
11,0.05,0.06666666666666667,WC33,test
11,0.1,0.1,WC01,test
11,0.1,0.1,WC03,adaptation
11,0.1,0.1,WC04,test
11,0.1,0.1,WC05,test
11,0.1,0.1,WC06,test
11,0.1,0.1,WC08,test
11,0.1,0.1,WC09,test
11,0.1,0.1,WC10,test
11,0.1,0.1,WC11,test
11,0.1,0.1,WC13,test
11,0.1,0.1,WC14,test
11,0.1,0.1,WC15,test
11,0.1,0.1,WC16,test
11,0.1,0.1,WC17,test
11,0.1,0.1,WC18,test
11,0.1,0.1,WC19,test
11,0.1,0.1,WC20,test
11,0.1,0.1,WC21,adaptation
11,0.1,0.1,WC22,test
11,0.1,0.1,WC23,test
11,0.1,0.1,WC24,test
11,0.1,0.1,WC25,test
11,0.1,0.1,WC26,test
11,0.1,0.1,WC27,test
11,0.1,0.1,WC28,test
11,0.1,0.1,WC29,test
11,0.1,0.1,WC30,test
11,0.1,0.1,WC31,adaptation
11,0.1,0.1,WC32,test
11,0.1,0.1,WC33,test
11,0.2,0.2,WC01,test
11,0.2,0.2,WC03,adaptation
11,0.2,0.2,WC04,test
11,0.2,0.2,WC05,test
11,0.2,0.2,WC06,test
11,0.2,0.2,WC08,test
11,0.2,0.2,WC09,test
11,0.2,0.2,WC10,test
11,0.2,0.2,WC11,test
11,0.2,0.2,WC13,test
11,0.2,0.2,WC14,test
11,0.2,0.2,WC15,adaptation
11,0.2,0.2,WC16,test
11,0.2,0.2,WC17,test
11,0.2,0.2,WC18,test
11,0.2,0.2,WC19,test
11,0.2,0.2,WC20,adaptation
11,0.2,0.2,WC21,adaptation
11,0.2,0.2,WC22,test
11,0.2,0.2,WC23,adaptation
11,0.2,0.2,WC24,test
11,0.2,0.2,WC25,test
11,0.2,0.2,WC26,test
11,0.2,0.2,WC27,test
11,0.2,0.2,WC28,test
11,0.2,0.2,WC29,test
11,0.2,0.2,WC30,test
11,0.2,0.2,WC31,adaptation
11,0.2,0.2,WC32,test
11,0.2,0.2,WC33,test
12,0.05,0.06666666666666667,WC01,test
12,0.05,0.06666666666666667,WC03,test
12,0.05,0.06666666666666667,WC04,test
12,0.05,0.06666666666666667,WC05,adaptation
12,0.05,0.06666666666666667,WC06,test
12,0.05,0.06666666666666667,WC08,test
12,0.05,0.06666666666666667,WC09,test
12,0.05,0.06666666666666667,WC10,test
12,0.05,0.06666666666666667,WC11,test
12,0.05,0.06666666666666667,WC13,test
12,0.05,0.06666666666666667,WC14,test
12,0.05,0.06666666666666667,WC15,test
12,0.05,0.06666666666666667,WC16,test
12,0.05,0.06666666666666667,WC17,test
12,0.05,0.06666666666666667,WC18,test
12,0.05,0.06666666666666667,WC19,test
12,0.05,0.06666666666666667,WC20,test
12,0.05,0.06666666666666667,WC21,test
12,0.05,0.06666666666666667,WC22,test
12,0.05,0.06666666666666667,WC23,test
12,0.05,0.06666666666666667,WC24,test
12,0.05,0.06666666666666667,WC25,test
12,0.05,0.06666666666666667,WC26,test
12,0.05,0.06666666666666667,WC27,test
12,0.05,0.06666666666666667,WC28,test
12,0.05,0.06666666666666667,WC29,adaptation
12,0.05,0.06666666666666667,WC30,test
12,0.05,0.06666666666666667,WC31,test
12,0.05,0.06666666666666667,WC32,test
12,0.05,0.06666666666666667,WC33,test
12,0.1,0.1,WC01,test
12,0.1,0.1,WC03,test
12,0.1,0.1,WC04,test
12,0.1,0.1,WC05,adaptation
12,0.1,0.1,WC06,test
12,0.1,0.1,WC08,test
12,0.1,0.1,WC09,test
12,0.1,0.1,WC10,test
12,0.1,0.1,WC11,test
12,0.1,0.1,WC13,test
12,0.1,0.1,WC14,test
12,0.1,0.1,WC15,test
12,0.1,0.1,WC16,test
12,0.1,0.1,WC17,adaptation
12,0.1,0.1,WC18,test
12,0.1,0.1,WC19,test
12,0.1,0.1,WC20,test
12,0.1,0.1,WC21,test
12,0.1,0.1,WC22,test
12,0.1,0.1,WC23,test
12,0.1,0.1,WC24,test
12,0.1,0.1,WC25,test
12,0.1,0.1,WC26,test
12,0.1,0.1,WC27,test
12,0.1,0.1,WC28,test
12,0.1,0.1,WC29,adaptation
12,0.1,0.1,WC30,test
12,0.1,0.1,WC31,test
12,0.1,0.1,WC32,test
12,0.1,0.1,WC33,test
12,0.2,0.2,WC01,test
12,0.2,0.2,WC03,test
12,0.2,0.2,WC04,test
12,0.2,0.2,WC05,adaptation
12,0.2,0.2,WC06,test
12,0.2,0.2,WC08,test
12,0.2,0.2,WC09,test
12,0.2,0.2,WC10,test
12,0.2,0.2,WC11,test
12,0.2,0.2,WC13,test
12,0.2,0.2,WC14,adaptation
12,0.2,0.2,WC15,adaptation
12,0.2,0.2,WC16,test
12,0.2,0.2,WC17,adaptation
12,0.2,0.2,WC18,test
12,0.2,0.2,WC19,test
12,0.2,0.2,WC20,test
12,0.2,0.2,WC21,test
12,0.2,0.2,WC22,test
12,0.2,0.2,WC23,test
12,0.2,0.2,WC24,test
12,0.2,0.2,WC25,test
12,0.2,0.2,WC26,test
12,0.2,0.2,WC27,test
12,0.2,0.2,WC28,test
12,0.2,0.2,WC29,adaptation
12,0.2,0.2,WC30,test
12,0.2,0.2,WC31,test
12,0.2,0.2,WC32,adaptation
12,0.2,0.2,WC33,test
13,0.05,0.06666666666666667,WC01,test
13,0.05,0.06666666666666667,WC03,test
13,0.05,0.06666666666666667,WC04,test
13,0.05,0.06666666666666667,WC05,test
13,0.05,0.06666666666666667,WC06,test
13,0.05,0.06666666666666667,WC08,test
13,0.05,0.06666666666666667,WC09,adaptation
13,0.05,0.06666666666666667,WC10,test
13,0.05,0.06666666666666667,WC11,test
13,0.05,0.06666666666666667,WC13,test
13,0.05,0.06666666666666667,WC14,test
13,0.05,0.06666666666666667,WC15,test
13,0.05,0.06666666666666667,WC16,test
13,0.05,0.06666666666666667,WC17,test
13,0.05,0.06666666666666667,WC18,test
13,0.05,0.06666666666666667,WC19,test
13,0.05,0.06666666666666667,WC20,test
13,0.05,0.06666666666666667,WC21,test
13,0.05,0.06666666666666667,WC22,test
13,0.05,0.06666666666666667,WC23,test
13,0.05,0.06666666666666667,WC24,test
13,0.05,0.06666666666666667,WC25,test
13,0.05,0.06666666666666667,WC26,adaptation
13,0.05,0.06666666666666667,WC27,test
13,0.05,0.06666666666666667,WC28,test
13,0.05,0.06666666666666667,WC29,test
13,0.05,0.06666666666666667,WC30,test
13,0.05,0.06666666666666667,WC31,test
13,0.05,0.06666666666666667,WC32,test
13,0.05,0.06666666666666667,WC33,test
13,0.1,0.1,WC01,test
13,0.1,0.1,WC03,test
13,0.1,0.1,WC04,test
13,0.1,0.1,WC05,test
13,0.1,0.1,WC06,test
13,0.1,0.1,WC08,test
13,0.1,0.1,WC09,adaptation
13,0.1,0.1,WC10,test
13,0.1,0.1,WC11,test
13,0.1,0.1,WC13,test
13,0.1,0.1,WC14,test
13,0.1,0.1,WC15,test
13,0.1,0.1,WC16,test
13,0.1,0.1,WC17,test
13,0.1,0.1,WC18,test
13,0.1,0.1,WC19,test
13,0.1,0.1,WC20,test
13,0.1,0.1,WC21,test
13,0.1,0.1,WC22,test
13,0.1,0.1,WC23,test
13,0.1,0.1,WC24,test
13,0.1,0.1,WC25,test
13,0.1,0.1,WC26,adaptation
13,0.1,0.1,WC27,test
13,0.1,0.1,WC28,test
13,0.1,0.1,WC29,test
13,0.1,0.1,WC30,adaptation
13,0.1,0.1,WC31,test
13,0.1,0.1,WC32,test
13,0.1,0.1,WC33,test
13,0.2,0.2,WC01,test
13,0.2,0.2,WC03,test
13,0.2,0.2,WC04,test
13,0.2,0.2,WC05,test
13,0.2,0.2,WC06,test
13,0.2,0.2,WC08,test
13,0.2,0.2,WC09,adaptation
13,0.2,0.2,WC10,adaptation
13,0.2,0.2,WC11,test
13,0.2,0.2,WC13,test
13,0.2,0.2,WC14,adaptation
13,0.2,0.2,WC15,test
13,0.2,0.2,WC16,adaptation
13,0.2,0.2,WC17,test
13,0.2,0.2,WC18,test
13,0.2,0.2,WC19,test
13,0.2,0.2,WC20,test
13,0.2,0.2,WC21,test
13,0.2,0.2,WC22,test
13,0.2,0.2,WC23,test
13,0.2,0.2,WC24,test
13,0.2,0.2,WC25,test
13,0.2,0.2,WC26,adaptation
13,0.2,0.2,WC27,test
13,0.2,0.2,WC28,test
13,0.2,0.2,WC29,test
13,0.2,0.2,WC30,adaptation
13,0.2,0.2,WC31,test
13,0.2,0.2,WC32,test
13,0.2,0.2,WC33,test
14,0.05,0.06666666666666667,WC01,test
14,0.05,0.06666666666666667,WC03,test
14,0.05,0.06666666666666667,WC04,test
14,0.05,0.06666666666666667,WC05,test
14,0.05,0.06666666666666667,WC06,test
14,0.05,0.06666666666666667,WC08,test
14,0.05,0.06666666666666667,WC09,test
14,0.05,0.06666666666666667,WC10,test
14,0.05,0.06666666666666667,WC11,test
14,0.05,0.06666666666666667,WC13,test
14,0.05,0.06666666666666667,WC14,test
14,0.05,0.06666666666666667,WC15,test
14,0.05,0.06666666666666667,WC16,test
14,0.05,0.06666666666666667,WC17,test
14,0.05,0.06666666666666667,WC18,test
14,0.05,0.06666666666666667,WC19,test
14,0.05,0.06666666666666667,WC20,test
14,0.05,0.06666666666666667,WC21,test
14,0.05,0.06666666666666667,WC22,test
14,0.05,0.06666666666666667,WC23,test
14,0.05,0.06666666666666667,WC24,test
14,0.05,0.06666666666666667,WC25,adaptation
14,0.05,0.06666666666666667,WC26,test
14,0.05,0.06666666666666667,WC27,test
14,0.05,0.06666666666666667,WC28,test
14,0.05,0.06666666666666667,WC29,test
14,0.05,0.06666666666666667,WC30,test
14,0.05,0.06666666666666667,WC31,adaptation
14,0.05,0.06666666666666667,WC32,test
14,0.05,0.06666666666666667,WC33,test
14,0.1,0.1,WC01,test
14,0.1,0.1,WC03,test
14,0.1,0.1,WC04,test
14,0.1,0.1,WC05,test
14,0.1,0.1,WC06,test
14,0.1,0.1,WC08,test
14,0.1,0.1,WC09,test
14,0.1,0.1,WC10,test
14,0.1,0.1,WC11,test
14,0.1,0.1,WC13,test
14,0.1,0.1,WC14,test
14,0.1,0.1,WC15,test
14,0.1,0.1,WC16,test
14,0.1,0.1,WC17,test
14,0.1,0.1,WC18,test
14,0.1,0.1,WC19,adaptation
14,0.1,0.1,WC20,test
14,0.1,0.1,WC21,test
14,0.1,0.1,WC22,test
14,0.1,0.1,WC23,test
14,0.1,0.1,WC24,test
14,0.1,0.1,WC25,adaptation
14,0.1,0.1,WC26,test
14,0.1,0.1,WC27,test
14,0.1,0.1,WC28,test
14,0.1,0.1,WC29,test
14,0.1,0.1,WC30,test
14,0.1,0.1,WC31,adaptation
14,0.1,0.1,WC32,test
14,0.1,0.1,WC33,test
14,0.2,0.2,WC01,test
14,0.2,0.2,WC03,test
14,0.2,0.2,WC04,test
14,0.2,0.2,WC05,test
14,0.2,0.2,WC06,test
14,0.2,0.2,WC08,test
14,0.2,0.2,WC09,test
14,0.2,0.2,WC10,test
14,0.2,0.2,WC11,test
14,0.2,0.2,WC13,test
14,0.2,0.2,WC14,test
14,0.2,0.2,WC15,test
14,0.2,0.2,WC16,test
14,0.2,0.2,WC17,test
14,0.2,0.2,WC18,test
14,0.2,0.2,WC19,adaptation
14,0.2,0.2,WC20,adaptation
14,0.2,0.2,WC21,adaptation
14,0.2,0.2,WC22,test
14,0.2,0.2,WC23,test
14,0.2,0.2,WC24,adaptation
14,0.2,0.2,WC25,adaptation
14,0.2,0.2,WC26,test
14,0.2,0.2,WC27,test
14,0.2,0.2,WC28,test
14,0.2,0.2,WC29,test
14,0.2,0.2,WC30,test
14,0.2,0.2,WC31,adaptation
14,0.2,0.2,WC32,test
14,0.2,0.2,WC33,test
15,0.05,0.06666666666666667,WC01,test
15,0.05,0.06666666666666667,WC03,test
15,0.05,0.06666666666666667,WC04,test
15,0.05,0.06666666666666667,WC05,test
15,0.05,0.06666666666666667,WC06,test
15,0.05,0.06666666666666667,WC08,test
15,0.05,0.06666666666666667,WC09,test
15,0.05,0.06666666666666667,WC10,test
15,0.05,0.06666666666666667,WC11,test
15,0.05,0.06666666666666667,WC13,test
15,0.05,0.06666666666666667,WC14,test
15,0.05,0.06666666666666667,WC15,test
15,0.05,0.06666666666666667,WC16,test
15,0.05,0.06666666666666667,WC17,test
15,0.05,0.06666666666666667,WC18,test
15,0.05,0.06666666666666667,WC19,test
15,0.05,0.06666666666666667,WC20,test
15,0.05,0.06666666666666667,WC21,test
15,0.05,0.06666666666666667,WC22,test
15,0.05,0.06666666666666667,WC23,test
15,0.05,0.06666666666666667,WC24,test
15,0.05,0.06666666666666667,WC25,adaptation
15,0.05,0.06666666666666667,WC26,test
15,0.05,0.06666666666666667,WC27,test
15,0.05,0.06666666666666667,WC28,test
15,0.05,0.06666666666666667,WC29,test
15,0.05,0.06666666666666667,WC30,test
15,0.05,0.06666666666666667,WC31,test
15,0.05,0.06666666666666667,WC32,adaptation
15,0.05,0.06666666666666667,WC33,test
15,0.1,0.1,WC01,test
15,0.1,0.1,WC03,test
15,0.1,0.1,WC04,test
15,0.1,0.1,WC05,adaptation
15,0.1,0.1,WC06,test
15,0.1,0.1,WC08,test
15,0.1,0.1,WC09,test
15,0.1,0.1,WC10,test
15,0.1,0.1,WC11,test
15,0.1,0.1,WC13,test
15,0.1,0.1,WC14,test
15,0.1,0.1,WC15,test
15,0.1,0.1,WC16,test
15,0.1,0.1,WC17,test
15,0.1,0.1,WC18,test
15,0.1,0.1,WC19,test
15,0.1,0.1,WC20,test
15,0.1,0.1,WC21,test
15,0.1,0.1,WC22,test
15,0.1,0.1,WC23,test
15,0.1,0.1,WC24,test
15,0.1,0.1,WC25,adaptation
15,0.1,0.1,WC26,test
15,0.1,0.1,WC27,test
15,0.1,0.1,WC28,test
15,0.1,0.1,WC29,test
15,0.1,0.1,WC30,test
15,0.1,0.1,WC31,test
15,0.1,0.1,WC32,adaptation
15,0.1,0.1,WC33,test
15,0.2,0.2,WC01,test
15,0.2,0.2,WC03,test
15,0.2,0.2,WC04,test
15,0.2,0.2,WC05,adaptation
15,0.2,0.2,WC06,test
15,0.2,0.2,WC08,test
15,0.2,0.2,WC09,test
15,0.2,0.2,WC10,adaptation
15,0.2,0.2,WC11,test
15,0.2,0.2,WC13,test
15,0.2,0.2,WC14,test
15,0.2,0.2,WC15,adaptation
15,0.2,0.2,WC16,test
15,0.2,0.2,WC17,test
15,0.2,0.2,WC18,test
15,0.2,0.2,WC19,test
15,0.2,0.2,WC20,test
15,0.2,0.2,WC21,adaptation
15,0.2,0.2,WC22,test
15,0.2,0.2,WC23,test
15,0.2,0.2,WC24,test
15,0.2,0.2,WC25,adaptation
15,0.2,0.2,WC26,test
15,0.2,0.2,WC27,test
15,0.2,0.2,WC28,test
15,0.2,0.2,WC29,test
15,0.2,0.2,WC30,test
15,0.2,0.2,WC31,test
15,0.2,0.2,WC32,adaptation
15,0.2,0.2,WC33,test
16,0.05,0.06666666666666667,WC01,test
16,0.05,0.06666666666666667,WC03,test
16,0.05,0.06666666666666667,WC04,test
16,0.05,0.06666666666666667,WC05,test
16,0.05,0.06666666666666667,WC06,test
16,0.05,0.06666666666666667,WC08,test
16,0.05,0.06666666666666667,WC09,test
16,0.05,0.06666666666666667,WC10,test
16,0.05,0.06666666666666667,WC11,test
16,0.05,0.06666666666666667,WC13,adaptation
16,0.05,0.06666666666666667,WC14,test
16,0.05,0.06666666666666667,WC15,test
16,0.05,0.06666666666666667,WC16,test
16,0.05,0.06666666666666667,WC17,test
16,0.05,0.06666666666666667,WC18,test
16,0.05,0.06666666666666667,WC19,test
16,0.05,0.06666666666666667,WC20,test
16,0.05,0.06666666666666667,WC21,test
16,0.05,0.06666666666666667,WC22,test
16,0.05,0.06666666666666667,WC23,test
16,0.05,0.06666666666666667,WC24,test
16,0.05,0.06666666666666667,WC25,test
16,0.05,0.06666666666666667,WC26,adaptation
16,0.05,0.06666666666666667,WC27,test
16,0.05,0.06666666666666667,WC28,test
16,0.05,0.06666666666666667,WC29,test
16,0.05,0.06666666666666667,WC30,test
16,0.05,0.06666666666666667,WC31,test
16,0.05,0.06666666666666667,WC32,test
16,0.05,0.06666666666666667,WC33,test
16,0.1,0.1,WC01,test
16,0.1,0.1,WC03,test
16,0.1,0.1,WC04,test
16,0.1,0.1,WC05,test
16,0.1,0.1,WC06,adaptation
16,0.1,0.1,WC08,test
16,0.1,0.1,WC09,test
16,0.1,0.1,WC10,test
16,0.1,0.1,WC11,test
16,0.1,0.1,WC13,adaptation
16,0.1,0.1,WC14,test
16,0.1,0.1,WC15,test
16,0.1,0.1,WC16,test
16,0.1,0.1,WC17,test
16,0.1,0.1,WC18,test
16,0.1,0.1,WC19,test
16,0.1,0.1,WC20,test
16,0.1,0.1,WC21,test
16,0.1,0.1,WC22,test
16,0.1,0.1,WC23,test
16,0.1,0.1,WC24,test
16,0.1,0.1,WC25,test
16,0.1,0.1,WC26,adaptation
16,0.1,0.1,WC27,test
16,0.1,0.1,WC28,test
16,0.1,0.1,WC29,test
16,0.1,0.1,WC30,test
16,0.1,0.1,WC31,test
16,0.1,0.1,WC32,test
16,0.1,0.1,WC33,test
16,0.2,0.2,WC01,test
16,0.2,0.2,WC03,test
16,0.2,0.2,WC04,test
16,0.2,0.2,WC05,test
16,0.2,0.2,WC06,adaptation
16,0.2,0.2,WC08,test
16,0.2,0.2,WC09,test
16,0.2,0.2,WC10,test
16,0.2,0.2,WC11,test
16,0.2,0.2,WC13,adaptation
16,0.2,0.2,WC14,test
16,0.2,0.2,WC15,test
16,0.2,0.2,WC16,test
16,0.2,0.2,WC17,test
16,0.2,0.2,WC18,adaptation
16,0.2,0.2,WC19,test
16,0.2,0.2,WC20,test
16,0.2,0.2,WC21,test
16,0.2,0.2,WC22,adaptation
16,0.2,0.2,WC23,test
16,0.2,0.2,WC24,test
16,0.2,0.2,WC25,test
16,0.2,0.2,WC26,adaptation
16,0.2,0.2,WC27,test
16,0.2,0.2,WC28,test
16,0.2,0.2,WC29,test
16,0.2,0.2,WC30,adaptation
16,0.2,0.2,WC31,test
16,0.2,0.2,WC32,test
16,0.2,0.2,WC33,test
17,0.05,0.06666666666666667,WC01,test
17,0.05,0.06666666666666667,WC03,test
17,0.05,0.06666666666666667,WC04,test
17,0.05,0.06666666666666667,WC05,test
17,0.05,0.06666666666666667,WC06,test
17,0.05,0.06666666666666667,WC08,test
17,0.05,0.06666666666666667,WC09,test
17,0.05,0.06666666666666667,WC10,adaptation
17,0.05,0.06666666666666667,WC11,test
17,0.05,0.06666666666666667,WC13,test
17,0.05,0.06666666666666667,WC14,test
17,0.05,0.06666666666666667,WC15,test
17,0.05,0.06666666666666667,WC16,test
17,0.05,0.06666666666666667,WC17,test
17,0.05,0.06666666666666667,WC18,test
17,0.05,0.06666666666666667,WC19,test
17,0.05,0.06666666666666667,WC20,test
17,0.05,0.06666666666666667,WC21,test
17,0.05,0.06666666666666667,WC22,test
17,0.05,0.06666666666666667,WC23,test
17,0.05,0.06666666666666667,WC24,test
17,0.05,0.06666666666666667,WC25,test
17,0.05,0.06666666666666667,WC26,test
17,0.05,0.06666666666666667,WC27,test
17,0.05,0.06666666666666667,WC28,test
17,0.05,0.06666666666666667,WC29,test
17,0.05,0.06666666666666667,WC30,adaptation
17,0.05,0.06666666666666667,WC31,test
17,0.05,0.06666666666666667,WC32,test
17,0.05,0.06666666666666667,WC33,test
17,0.1,0.1,WC01,test
17,0.1,0.1,WC03,test
17,0.1,0.1,WC04,test
17,0.1,0.1,WC05,test
17,0.1,0.1,WC06,test
17,0.1,0.1,WC08,test
17,0.1,0.1,WC09,test
17,0.1,0.1,WC10,adaptation
17,0.1,0.1,WC11,test
17,0.1,0.1,WC13,test
17,0.1,0.1,WC14,adaptation
17,0.1,0.1,WC15,test
17,0.1,0.1,WC16,test
17,0.1,0.1,WC17,test
17,0.1,0.1,WC18,test
17,0.1,0.1,WC19,test
17,0.1,0.1,WC20,test
17,0.1,0.1,WC21,test
17,0.1,0.1,WC22,test
17,0.1,0.1,WC23,test
17,0.1,0.1,WC24,test
17,0.1,0.1,WC25,test
17,0.1,0.1,WC26,test
17,0.1,0.1,WC27,test
17,0.1,0.1,WC28,test
17,0.1,0.1,WC29,test
17,0.1,0.1,WC30,adaptation
17,0.1,0.1,WC31,test
17,0.1,0.1,WC32,test
17,0.1,0.1,WC33,test
17,0.2,0.2,WC01,adaptation
17,0.2,0.2,WC03,test
17,0.2,0.2,WC04,test
17,0.2,0.2,WC05,test
17,0.2,0.2,WC06,test
17,0.2,0.2,WC08,test
17,0.2,0.2,WC09,test
17,0.2,0.2,WC10,adaptation
17,0.2,0.2,WC11,test
17,0.2,0.2,WC13,test
17,0.2,0.2,WC14,adaptation
17,0.2,0.2,WC15,test
17,0.2,0.2,WC16,test
17,0.2,0.2,WC17,test
17,0.2,0.2,WC18,test
17,0.2,0.2,WC19,adaptation
17,0.2,0.2,WC20,test
17,0.2,0.2,WC21,test
17,0.2,0.2,WC22,test
17,0.2,0.2,WC23,test
17,0.2,0.2,WC24,test
17,0.2,0.2,WC25,test
17,0.2,0.2,WC26,test
17,0.2,0.2,WC27,test
17,0.2,0.2,WC28,adaptation
17,0.2,0.2,WC29,test
17,0.2,0.2,WC30,adaptation
17,0.2,0.2,WC31,test
17,0.2,0.2,WC32,test
17,0.2,0.2,WC33,test
18,0.05,0.06666666666666667,WC01,test
18,0.05,0.06666666666666667,WC03,test
18,0.05,0.06666666666666667,WC04,test
18,0.05,0.06666666666666667,WC05,test
18,0.05,0.06666666666666667,WC06,test
18,0.05,0.06666666666666667,WC08,test
18,0.05,0.06666666666666667,WC09,test
18,0.05,0.06666666666666667,WC10,test
18,0.05,0.06666666666666667,WC11,test
18,0.05,0.06666666666666667,WC13,test
18,0.05,0.06666666666666667,WC14,test
18,0.05,0.06666666666666667,WC15,test
18,0.05,0.06666666666666667,WC16,test
18,0.05,0.06666666666666667,WC17,test
18,0.05,0.06666666666666667,WC18,test
18,0.05,0.06666666666666667,WC19,adaptation
18,0.05,0.06666666666666667,WC20,test
18,0.05,0.06666666666666667,WC21,test
18,0.05,0.06666666666666667,WC22,test
18,0.05,0.06666666666666667,WC23,test
18,0.05,0.06666666666666667,WC24,test
18,0.05,0.06666666666666667,WC25,adaptation
18,0.05,0.06666666666666667,WC26,test
18,0.05,0.06666666666666667,WC27,test
18,0.05,0.06666666666666667,WC28,test
18,0.05,0.06666666666666667,WC29,test
18,0.05,0.06666666666666667,WC30,test
18,0.05,0.06666666666666667,WC31,test
18,0.05,0.06666666666666667,WC32,test
18,0.05,0.06666666666666667,WC33,test
18,0.1,0.1,WC01,test
18,0.1,0.1,WC03,test
18,0.1,0.1,WC04,test
18,0.1,0.1,WC05,test
18,0.1,0.1,WC06,test
18,0.1,0.1,WC08,test
18,0.1,0.1,WC09,test
18,0.1,0.1,WC10,test
18,0.1,0.1,WC11,test
18,0.1,0.1,WC13,test
18,0.1,0.1,WC14,test
18,0.1,0.1,WC15,test
18,0.1,0.1,WC16,adaptation
18,0.1,0.1,WC17,test
18,0.1,0.1,WC18,test
18,0.1,0.1,WC19,adaptation
18,0.1,0.1,WC20,test
18,0.1,0.1,WC21,test
18,0.1,0.1,WC22,test
18,0.1,0.1,WC23,test
18,0.1,0.1,WC24,test
18,0.1,0.1,WC25,adaptation
18,0.1,0.1,WC26,test
18,0.1,0.1,WC27,test
18,0.1,0.1,WC28,test
18,0.1,0.1,WC29,test
18,0.1,0.1,WC30,test
18,0.1,0.1,WC31,test
18,0.1,0.1,WC32,test
18,0.1,0.1,WC33,test
18,0.2,0.2,WC01,test
18,0.2,0.2,WC03,test
18,0.2,0.2,WC04,test
18,0.2,0.2,WC05,test
18,0.2,0.2,WC06,test
18,0.2,0.2,WC08,test
18,0.2,0.2,WC09,test
18,0.2,0.2,WC10,test
18,0.2,0.2,WC11,test
18,0.2,0.2,WC13,test
18,0.2,0.2,WC14,test
18,0.2,0.2,WC15,test
18,0.2,0.2,WC16,adaptation
18,0.2,0.2,WC17,test
18,0.2,0.2,WC18,test
18,0.2,0.2,WC19,adaptation
18,0.2,0.2,WC20,test
18,0.2,0.2,WC21,test
18,0.2,0.2,WC22,adaptation
18,0.2,0.2,WC23,test
18,0.2,0.2,WC24,test
18,0.2,0.2,WC25,adaptation
18,0.2,0.2,WC26,test
18,0.2,0.2,WC27,test
18,0.2,0.2,WC28,adaptation
18,0.2,0.2,WC29,test
18,0.2,0.2,WC30,test
18,0.2,0.2,WC31,adaptation
18,0.2,0.2,WC32,test
18,0.2,0.2,WC33,test
19,0.05,0.06666666666666667,WC01,test
19,0.05,0.06666666666666667,WC03,test
19,0.05,0.06666666666666667,WC04,test
19,0.05,0.06666666666666667,WC05,test
19,0.05,0.06666666666666667,WC06,test
19,0.05,0.06666666666666667,WC08,test
19,0.05,0.06666666666666667,WC09,test
19,0.05,0.06666666666666667,WC10,test
19,0.05,0.06666666666666667,WC11,test
19,0.05,0.06666666666666667,WC13,adaptation
19,0.05,0.06666666666666667,WC14,test
19,0.05,0.06666666666666667,WC15,adaptation
19,0.05,0.06666666666666667,WC16,test
19,0.05,0.06666666666666667,WC17,test
19,0.05,0.06666666666666667,WC18,test
19,0.05,0.06666666666666667,WC19,test
19,0.05,0.06666666666666667,WC20,test
19,0.05,0.06666666666666667,WC21,test
19,0.05,0.06666666666666667,WC22,test
19,0.05,0.06666666666666667,WC23,test
19,0.05,0.06666666666666667,WC24,test
19,0.05,0.06666666666666667,WC25,test
19,0.05,0.06666666666666667,WC26,test
19,0.05,0.06666666666666667,WC27,test
19,0.05,0.06666666666666667,WC28,test
19,0.05,0.06666666666666667,WC29,test
19,0.05,0.06666666666666667,WC30,test
19,0.05,0.06666666666666667,WC31,test
19,0.05,0.06666666666666667,WC32,test
19,0.05,0.06666666666666667,WC33,test
19,0.1,0.1,WC01,test
19,0.1,0.1,WC03,test
19,0.1,0.1,WC04,test
19,0.1,0.1,WC05,test
19,0.1,0.1,WC06,test
19,0.1,0.1,WC08,test
19,0.1,0.1,WC09,test
19,0.1,0.1,WC10,test
19,0.1,0.1,WC11,test
19,0.1,0.1,WC13,adaptation
19,0.1,0.1,WC14,test
19,0.1,0.1,WC15,adaptation
19,0.1,0.1,WC16,test
19,0.1,0.1,WC17,test
19,0.1,0.1,WC18,test
19,0.1,0.1,WC19,test
19,0.1,0.1,WC20,test
19,0.1,0.1,WC21,test
19,0.1,0.1,WC22,test
19,0.1,0.1,WC23,test
19,0.1,0.1,WC24,test
19,0.1,0.1,WC25,test
19,0.1,0.1,WC26,test
19,0.1,0.1,WC27,test
19,0.1,0.1,WC28,test
19,0.1,0.1,WC29,test
19,0.1,0.1,WC30,test
19,0.1,0.1,WC31,adaptation
19,0.1,0.1,WC32,test
19,0.1,0.1,WC33,test
19,0.2,0.2,WC01,test
19,0.2,0.2,WC03,test
19,0.2,0.2,WC04,test
19,0.2,0.2,WC05,test
19,0.2,0.2,WC06,test
19,0.2,0.2,WC08,test
19,0.2,0.2,WC09,test
19,0.2,0.2,WC10,test
19,0.2,0.2,WC11,test
19,0.2,0.2,WC13,adaptation
19,0.2,0.2,WC14,test
19,0.2,0.2,WC15,adaptation
19,0.2,0.2,WC16,test
19,0.2,0.2,WC17,adaptation
19,0.2,0.2,WC18,test
19,0.2,0.2,WC19,test
19,0.2,0.2,WC20,test
19,0.2,0.2,WC21,test
19,0.2,0.2,WC22,test
19,0.2,0.2,WC23,test
19,0.2,0.2,WC24,test
19,0.2,0.2,WC25,adaptation
19,0.2,0.2,WC26,adaptation
19,0.2,0.2,WC27,test
19,0.2,0.2,WC28,test
19,0.2,0.2,WC29,test
19,0.2,0.2,WC30,test
19,0.2,0.2,WC31,adaptation
19,0.2,0.2,WC32,test
19,0.2,0.2,WC33,test
20,0.05,0.06666666666666667,WC01,test
20,0.05,0.06666666666666667,WC03,test
20,0.05,0.06666666666666667,WC04,test
20,0.05,0.06666666666666667,WC05,test
20,0.05,0.06666666666666667,WC06,test
20,0.05,0.06666666666666667,WC08,test
20,0.05,0.06666666666666667,WC09,test
20,0.05,0.06666666666666667,WC10,test
20,0.05,0.06666666666666667,WC11,test
20,0.05,0.06666666666666667,WC13,test
20,0.05,0.06666666666666667,WC14,test
20,0.05,0.06666666666666667,WC15,test
20,0.05,0.06666666666666667,WC16,test
20,0.05,0.06666666666666667,WC17,test
20,0.05,0.06666666666666667,WC18,adaptation
20,0.05,0.06666666666666667,WC19,test
20,0.05,0.06666666666666667,WC20,test
20,0.05,0.06666666666666667,WC21,test
20,0.05,0.06666666666666667,WC22,test
20,0.05,0.06666666666666667,WC23,test
20,0.05,0.06666666666666667,WC24,test
20,0.05,0.06666666666666667,WC25,test
20,0.05,0.06666666666666667,WC26,test
20,0.05,0.06666666666666667,WC27,test
20,0.05,0.06666666666666667,WC28,test
20,0.05,0.06666666666666667,WC29,adaptation
20,0.05,0.06666666666666667,WC30,test
20,0.05,0.06666666666666667,WC31,test
20,0.05,0.06666666666666667,WC32,test
20,0.05,0.06666666666666667,WC33,test
20,0.1,0.1,WC01,test
20,0.1,0.1,WC03,test
20,0.1,0.1,WC04,test
20,0.1,0.1,WC05,test
20,0.1,0.1,WC06,test
20,0.1,0.1,WC08,test
20,0.1,0.1,WC09,test
20,0.1,0.1,WC10,test
20,0.1,0.1,WC11,test
20,0.1,0.1,WC13,adaptation
20,0.1,0.1,WC14,test
20,0.1,0.1,WC15,test
20,0.1,0.1,WC16,test
20,0.1,0.1,WC17,test
20,0.1,0.1,WC18,adaptation
20,0.1,0.1,WC19,test
20,0.1,0.1,WC20,test
20,0.1,0.1,WC21,test
20,0.1,0.1,WC22,test
20,0.1,0.1,WC23,test
20,0.1,0.1,WC24,test
20,0.1,0.1,WC25,test
20,0.1,0.1,WC26,test
20,0.1,0.1,WC27,test
20,0.1,0.1,WC28,test
20,0.1,0.1,WC29,adaptation
20,0.1,0.1,WC30,test
20,0.1,0.1,WC31,test
20,0.1,0.1,WC32,test
20,0.1,0.1,WC33,test
20,0.2,0.2,WC01,test
20,0.2,0.2,WC03,test
20,0.2,0.2,WC04,test
20,0.2,0.2,WC05,test
20,0.2,0.2,WC06,test
20,0.2,0.2,WC08,test
20,0.2,0.2,WC09,adaptation
20,0.2,0.2,WC10,test
20,0.2,0.2,WC11,test
20,0.2,0.2,WC13,adaptation
20,0.2,0.2,WC14,adaptation
20,0.2,0.2,WC15,test
20,0.2,0.2,WC16,test
20,0.2,0.2,WC17,test
20,0.2,0.2,WC18,adaptation
20,0.2,0.2,WC19,adaptation
20,0.2,0.2,WC20,test
20,0.2,0.2,WC21,test
20,0.2,0.2,WC22,test
20,0.2,0.2,WC23,test
20,0.2,0.2,WC24,test
20,0.2,0.2,WC25,test
20,0.2,0.2,WC26,test
20,0.2,0.2,WC27,test
20,0.2,0.2,WC28,test
20,0.2,0.2,WC29,adaptation
20,0.2,0.2,WC30,test
20,0.2,0.2,WC31,test
20,0.2,0.2,WC32,test
20,0.2,0.2,WC33,test
