repeat,method,response,n,rmse_db,mae_db,bias_db,r_squared_skill
1,source_mean,HH,189,4.4790076732052535,3.642112403514879,1.5306812302158042,-0.13223364061819032
1,source_mean,VV,189,5.483372336958042,4.352260679016461,3.967710773551289,-1.0989962081066698
1,source_mean,common,189,4.76183065398111,3.6740381744474635,2.7491960018835466,-0.4999736981750895
1,source_mean,differential,189,3.091543164168958,2.6665239270280825,2.437029543335486,-1.6413071963404242
1,source_ridge,HH,189,4.581269872727583,3.7445700182207737,1.3238545983804966,-0.1845248965434927
1,source_ridge,VV,189,5.438909850763248,4.297944644139561,3.675843831410797,-1.0650943644572828
1,source_ridge,common,189,4.797201397651885,3.764633886090478,2.499849214895647,-0.5223399834420621
1,source_ridge,differential,189,3.0144623110015893,2.574278048136861,2.351989233030301,-1.5112387394181162
1,scratch,HH,189,4.3384672794577455,3.608505680622321,0.9930965482217474,-0.062294894468530426
1,scratch,VV,189,5.87399252812465,4.717996250910114,4.505295455545345,-1.4087013721296926
1,scratch,common,189,4.76183065398111,3.6740381744474635,2.7491960018835466,-0.4999736981750895
1,scratch,differential,189,3.994001552578913,3.6127939793003905,3.5121989073235986,-3.4084380715139577
1,spm_only,HH,189,4.391016736400599,3.571602627277353,1.487447905443199,-0.0881847273966101
1,spm_only,VV,189,5.629490816378379,4.451331451708345,4.010944098323893,-1.2123529333158567
1,spm_only,common,189,4.76183065398111,3.6740381744474635,2.7491960018835466,-0.4999736981750895
1,spm_only,differential,189,3.353246926979979,2.824627872684694,2.5234961928806947,-2.1074157034338845
1,i2em_only,HH,189,4.365543388909291,3.5486451683207143,1.4816708673473042,-0.07559570530953885
1,i2em_only,VV,189,5.642820930328816,4.474675918504191,4.016721136419788,-1.2228426324894706
1,i2em_only,common,189,4.76183065398111,3.6740381744474635,2.7491960018835466,-0.4999736981750895
1,i2em_only,differential,189,3.3314665772954255,2.824880068257169,2.535050269072484,-2.06717959845696
1,spm_to_i2em,HH,189,4.409585076648071,3.582763424702578,1.546831323525895,-0.09740742350361375
1,spm_to_i2em,VV,189,5.585835227780675,4.411795412645114,3.951560680241198,-1.1781732580532354
1,spm_to_i2em,common,189,4.76183065398111,3.6740381744474635,2.7491960018835466,-0.4999736981750895
1,spm_to_i2em,differential,189,3.254514828887595,2.7174093847420964,2.404729356715302,-1.9271218057361308
1,risk_spm_to_i2em,HH,189,4.47040619709816,3.6336016796261994,1.5322962395468136,-0.12788913841803096
1,risk_spm_to_i2em,VV,189,5.492314560875233,4.3566558116536145,3.9660957642202788,-1.1058478306652968
1,risk_spm_to_i2em,common,189,4.76183065398111,3.6740381744474635,2.7491960018835466,-0.4999736981750895
1,risk_spm_to_i2em,differential,189,3.098382948658023,2.668851357398925,2.433799524673465,-1.6530074740134943
1,ridge_common_risk_spm_to_i2em,HH,189,4.598282282654636,3.759771032598984,1.2829494525589118,-0.19333862718906714
1,ridge_common_risk_spm_to_i2em,VV,189,5.4481254571235995,4.30235421123193,3.716748977232377,-1.0720984223598053
1,ridge_common_risk_spm_to_i2em,common,189,4.797201397651883,3.764633886090478,2.499849214895645,-0.5223399834420615
1,ridge_common_risk_spm_to_i2em,differential,189,3.098382948658023,2.668851357398925,2.433799524673465,-1.6530074740134943
2,source_mean,HH,189,4.4790076732052535,3.642112403514879,1.5306812302158042,-0.13223364061819032
2,source_mean,VV,189,5.483372336958042,4.352260679016461,3.967710773551289,-1.0989962081066698
2,source_mean,common,189,4.76183065398111,3.6740381744474635,2.7491960018835466,-0.4999736981750895
2,source_mean,differential,189,3.091543164168958,2.6665239270280825,2.437029543335486,-1.6413071963404242
2,source_ridge,HH,189,4.581269872727583,3.7445700182207737,1.3238545983804966,-0.1845248965434927
2,source_ridge,VV,189,5.438909850763248,4.297944644139561,3.675843831410797,-1.0650943644572828
2,source_ridge,common,189,4.797201397651885,3.764633886090478,2.499849214895647,-0.5223399834420621
2,source_ridge,differential,189,3.0144623110015893,2.574278048136861,2.351989233030301,-1.5112387394181162
2,scratch,HH,189,4.301720088953082,3.6007039419509317,0.8293053962868605,-0.044375648004523205
2,scratch,VV,189,6.00285378050424,4.84566736193484,4.669086607480232,-1.5155427954430314
2,scratch,common,189,4.76183065398111,3.6740381744474635,2.7491960018835466,-0.4999736981750895
2,scratch,differential,189,4.286953902114698,3.915167450924633,3.8397812111933716,-4.078856154025675
2,spm_only,HH,189,4.400145761248624,3.575319179738027,1.5409105239970111,-0.09271415307996822
2,spm_only,VV,189,5.6017068133825605,4.423891135676894,3.9574814797700815,-1.1905689614703148
2,spm_only,common,189,4.76183065398111,3.6740381744474635,2.7491960018835466,-0.4999736981750895
2,spm_only,differential,189,3.2833944596842173,2.733489273773859,2.41657095577307,-1.9793011735470438
2,i2em_only,HH,189,4.407588611174611,3.58076929376901,1.5392586295792798,-0.09641393318028046
2,i2em_only,VV,189,5.586104343209665,4.422922308829584,3.9591333741878127,-1.1783831439977348
2,i2em_only,common,189,4.76183065398111,3.6740381744474635,2.7491960018835466,-0.4999736981750895
2,i2em_only,differential,189,3.250026690411539,2.7189029824193995,2.4198747446085327,-1.9190540781791947
2,spm_to_i2em,HH,189,4.383527761016595,3.566011456074406,1.5223445319523028,-0.08447604685860921
2,spm_to_i2em,VV,189,5.6229964833423836,4.443836860723395,3.9760474718147902,-1.2072514171418796
2,spm_to_i2em,common,189,4.76183065398111,3.6740381744474635,2.7491960018835466,-0.4999736981750895
2,spm_to_i2em,differential,189,3.3115986257080268,2.7876475824426366,2.4537029398624868,-2.030705052548349
2,risk_spm_to_i2em,HH,189,4.467771101268145,3.631839371855478,1.5298475603894546,-0.12655985428659866
2,risk_spm_to_i2em,VV,189,5.4960469611813885,4.359769080498311,3.9685444433776382,-1.10871093606728
2,risk_spm_to_i2em,common,189,4.76183065398111,3.6740381744474635,2.7491960018835466,-0.4999736981750895
2,risk_spm_to_i2em,differential,189,3.1040130342669685,2.675572229904789,2.438696882988183,-1.6626578175526565
2,ridge_common_risk_spm_to_i2em,HH,189,4.596424684371138,3.7584025412814963,1.2805007734015528,-0.19237466025837757
2,ridge_common_risk_spm_to_i2em,VV,189,5.451294440646155,4.304766997387415,3.719197656389736,-1.074509657396471
2,ridge_common_risk_spm_to_i2em,common,189,4.797201397651883,3.764633886090478,2.499849214895645,-0.5223399834420615
2,ridge_common_risk_spm_to_i2em,differential,189,3.1040130342669685,2.675572229904789,2.438696882988183,-1.6626578175526565
3,source_mean,HH,189,4.4790076732052535,3.642112403514879,1.5306812302158042,-0.13223364061819032
3,source_mean,VV,189,5.483372336958042,4.352260679016461,3.967710773551289,-1.0989962081066698
3,source_mean,common,189,4.76183065398111,3.6740381744474635,2.7491960018835466,-0.4999736981750895
3,source_mean,differential,189,3.091543164168958,2.6665239270280825,2.437029543335486,-1.6413071963404242
3,source_ridge,HH,189,4.581269872727583,3.7445700182207737,1.3238545983804966,-0.1845248965434927
3,source_ridge,VV,189,5.438909850763248,4.297944644139561,3.675843831410797,-1.0650943644572828
3,source_ridge,common,189,4.797201397651885,3.764633886090478,2.499849214895647,-0.5223399834420621
3,source_ridge,differential,189,3.0144623110015893,2.574278048136861,2.351989233030301,-1.5112387394181162
3,scratch,HH,189,4.308598548326671,3.5975210261216546,0.8970446323228031,-0.047718235940928944
3,scratch,VV,189,5.954938376647247,4.796432588644455,4.601347371444289,-1.4755444217088947
3,scratch,common,189,4.76183065398111,3.6740381744474635,2.7491960018835466,-0.4999736981750895
3,scratch,differential,189,4.165393178541618,3.7911240442143006,3.704302739121487,-3.7949081080458935
3,spm_only,HH,189,4.370292755540256,3.55620580706511,1.4873900600613408,-0.07793730481409966
3,spm_only,VV,189,5.647080271946097,4.467159220001883,4.011001943705752,-1.2261996128129895
3,spm_only,common,189,4.76183065398111,3.6740381744474635,2.7491960018835466,-0.4999736981750895
3,spm_only,differential,189,3.3582471655737685,2.8295706017712092,2.523611883644411,-2.1166899411974067
3,i2em_only,HH,189,4.340187708428504,3.5393237165529814,1.4184707278478874,-0.06313757238412165
3,i2em_only,VV,189,5.708598895731041,4.521072174011656,4.0799212759192045,-1.2749677206728092
3,i2em_only,common,189,4.76183065398111,3.6740381744474635,2.7491960018835466,-0.4999736981750895
3,i2em_only,differential,189,3.48576199484336,2.9455440721135484,2.6614505480713175,-2.357868980851924
3,spm_to_i2em,HH,189,4.414712340515219,3.581878949402308,1.5858885201385355,-0.09996093752610569
3,spm_to_i2em,VV,189,5.567443053155695,4.400729223558651,3.912503483628557,-1.163852968464826
3,spm_to_i2em,common,189,4.76183065398111,3.6740381744474635,2.7491960018835466,-0.4999736981750895
3,spm_to_i2em,differential,189,3.2050100921028766,2.661612578249369,2.3266149634900217,-1.8387496153684175
3,risk_spm_to_i2em,HH,189,4.4790076732052535,3.642112403514879,1.5306812302158042,-0.13223364061819032
3,risk_spm_to_i2em,VV,189,5.483372336958042,4.352260679016459,3.9677107735512878,-1.0989962081066689
3,risk_spm_to_i2em,common,189,4.76183065398111,3.6740381744474635,2.7491960018835466,-0.4999736981750895
3,risk_spm_to_i2em,differential,189,3.0915431641689564,2.6665239270280807,2.437029543335484,-1.6413071963404215
3,ridge_common_risk_spm_to_i2em,HH,189,4.612183586327034,3.7711407021768992,1.2813344432279026,-0.20056482040313672
3,ridge_common_risk_spm_to_i2em,VV,189,5.434414838162593,4.29234072392418,3.7183639865633866,-1.0616823610927217
3,ridge_common_risk_spm_to_i2em,common,189,4.797201397651883,3.764633886090478,2.499849214895645,-0.5223399834420615
3,ridge_common_risk_spm_to_i2em,differential,189,3.0915431641689564,2.6665239270280807,2.437029543335484,-1.6413071963404215
4,source_mean,HH,189,4.4790076732052535,3.642112403514879,1.5306812302158042,-0.13223364061819032
4,source_mean,VV,189,5.483372336958042,4.352260679016461,3.967710773551289,-1.0989962081066698
4,source_mean,common,189,4.76183065398111,3.6740381744474635,2.7491960018835466,-0.4999736981750895
4,source_mean,differential,189,3.091543164168958,2.6665239270280825,2.437029543335486,-1.6413071963404242
4,source_ridge,HH,189,4.581269872727583,3.7445700182207737,1.3238545983804966,-0.1845248965434927
4,source_ridge,VV,189,5.438909850763248,4.297944644139561,3.675843831410797,-1.0650943644572828
4,source_ridge,common,189,4.797201397651885,3.764633886090478,2.499849214895647,-0.5223399834420621
4,source_ridge,differential,189,3.0144623110015893,2.574278048136861,2.351989233030301,-1.5112387394181162
4,scratch,HH,189,4.28317371528828,3.610021033430846,0.6106180034049531,-0.03538964883195406
4,scratch,VV,189,6.161933715248913,5.0076605226812925,4.88777400036214,-1.6506368111572436
4,scratch,common,189,4.76183065398111,3.6740381744474635,2.7491960018835466,-0.4999736981750895
4,scratch,differential,189,4.682935368349502,4.321450306146257,4.277155996957187,-5.060446383595684
4,spm_only,HH,189,4.399306733861932,3.5751249528677973,1.4776401386015308,-0.09229747156991475
4,spm_only,VV,189,5.629100925123825,4.453381788973512,4.020751865165562,-1.2120464945211826
4,spm_only,common,189,4.76183065398111,3.6740381744474635,2.7491960018835466,-0.4999736981750895
4,spm_only,differential,189,3.3736077452615953,2.836269119537075,2.5431117265640317,-2.1452665466384997
4,i2em_only,HH,189,4.371721896094027,3.5540315800569697,1.5006899005106897,-0.07864241812720763
4,i2em_only,VV,189,5.63684209558905,4.4584965901069875,3.997702103256403,-1.2181347148642874
4,i2em_only,common,189,4.76183065398111,3.6740381744474635,2.7491960018835466,-0.4999736981750895
4,i2em_only,differential,189,3.3274250684288535,2.8004175173841204,2.4970122027457133,-2.0597423246663755
4,spm_to_i2em,HH,189,4.3832103157267,3.565458687526328,1.4810279490732765,-0.0843189818796648
4,spm_to_i2em,VV,189,5.6464631887879335,4.462514942371821,4.017364054693815,-1.2257131046836451
4,spm_to_i2em,common,189,4.76183065398111,3.6740381744474635,2.7491960018835466,-0.4999736981750895
4,spm_to_i2em,differential,189,3.3896952251911476,2.841730197142432,2.536336105620539,-2.1753352808579205
4,risk_spm_to_i2em,HH,189,4.4790076732052535,3.642112403514879,1.5306812302158042,-0.13223364061819032
4,risk_spm_to_i2em,VV,189,5.483372336958042,4.352260679016459,3.9677107735512878,-1.0989962081066689
4,risk_spm_to_i2em,common,189,4.76183065398111,3.6740381744474635,2.7491960018835466,-0.4999736981750895
4,risk_spm_to_i2em,differential,189,3.0915431641689564,2.6665239270280807,2.437029543335484,-1.6413071963404215
4,ridge_common_risk_spm_to_i2em,HH,189,4.612183586327034,3.7711407021768992,1.2813344432279026,-0.20056482040313672
4,ridge_common_risk_spm_to_i2em,VV,189,5.434414838162593,4.29234072392418,3.7183639865633866,-1.0616823610927217
4,ridge_common_risk_spm_to_i2em,common,189,4.797201397651883,3.764633886090478,2.499849214895645,-0.5223399834420615
4,ridge_common_risk_spm_to_i2em,differential,189,3.0915431641689564,2.6665239270280807,2.437029543335484,-1.6413071963404215
5,source_mean,HH,189,4.4790076732052535,3.642112403514879,1.5306812302158042,-0.13223364061819032
5,source_mean,VV,189,5.483372336958042,4.352260679016461,3.967710773551289,-1.0989962081066698
5,source_mean,common,189,4.76183065398111,3.6740381744474635,2.7491960018835466,-0.4999736981750895
5,source_mean,differential,189,3.091543164168958,2.6665239270280825,2.437029543335486,-1.6413071963404242
5,source_ridge,HH,189,4.581269872727583,3.7445700182207737,1.3238545983804966,-0.1845248965434927
5,source_ridge,VV,189,5.438909850763248,4.297944644139561,3.675843831410797,-1.0650943644572828
5,source_ridge,common,189,4.797201397651885,3.764633886090478,2.499849214895647,-0.5223399834420621
5,source_ridge,differential,189,3.0144623110015893,2.574278048136861,2.351989233030301,-1.5112387394181162
5,scratch,HH,189,4.302987015680114,3.6082634428964306,0.7716281417016704,-0.044990909917619115
5,scratch,VV,189,6.039654619498446,4.88203699994638,4.726763862065422,-1.5464806973678393
5,scratch,common,189,4.76183065398111,3.6740381744474635,2.7491960018835466,-0.4999736981750895
5,scratch,differential,189,4.391597164028648,4.020073065973137,3.9551357203637516,-4.329829024444062
5,spm_only,HH,189,4.3661998992924085,3.5621651208519496,1.3970908400255435,-0.07591923563872038
5,spm_only,VV,189,5.696738363650814,4.506907421794593,4.101301163741549,-1.2655243185130853
5,spm_only,common,189,4.76183065398111,3.6740381744474635,2.7491960018835466,-0.4999736981750895
5,spm_only,differential,189,3.5118277833867824,2.9661681153770854,2.7042103237160053,-2.4082756072998768
5,i2em_only,HH,189,4.409104169833153,3.5713439006325682,1.5252924931322076,-0.0971680713099552
5,i2em_only,VV,189,5.601398381725197,4.436004877659736,3.973099510634884,-1.1903277413431752
5,i2em_only,common,189,4.76183065398111,3.6740381744474635,2.7491960018835466,-0.4999736981750895
5,i2em_only,differential,189,3.306297341996157,2.7627349814009468,2.4478070175026776,-2.0210095735784517
5,spm_to_i2em,HH,189,4.388315424003671,3.5724005106907204,1.470352077646722,-0.08684625711241001
5,spm_to_i2em,VV,189,5.643244842457949,4.461231663166498,4.02803992612037,-1.2231766233635621
5,spm_to_i2em,common,189,4.76183065398111,3.6740381744474635,2.7491960018835466,-0.4999736981750895
5,spm_to_i2em,differential,189,3.392185802130661,2.8468115356144637,2.5576878484736483,-2.180003147231078
5,risk_spm_to_i2em,HH,189,4.4790076732052535,3.642112403514879,1.5306812302158042,-0.13223364061819032
5,risk_spm_to_i2em,VV,189,5.483372336958042,4.352260679016459,3.9677107735512878,-1.0989962081066689
5,risk_spm_to_i2em,common,189,4.76183065398111,3.6740381744474635,2.7491960018835466,-0.4999736981750895
5,risk_spm_to_i2em,differential,189,3.0915431641689564,2.6665239270280807,2.437029543335484,-1.6413071963404215
5,ridge_common_risk_spm_to_i2em,HH,189,4.612183586327034,3.7711407021768992,1.2813344432279026,-0.20056482040313672
5,ridge_common_risk_spm_to_i2em,VV,189,5.434414838162593,4.29234072392418,3.7183639865633866,-1.0616823610927217
5,ridge_common_risk_spm_to_i2em,common,189,4.797201397651883,3.764633886090478,2.499849214895645,-0.5223399834420615
5,ridge_common_risk_spm_to_i2em,differential,189,3.0915431641689564,2.6665239270280807,2.437029543335484,-1.6413071963404215
