split_repeat,requested_fraction,actual_fraction,planned_adaptation_fields,usable_adaptation_fields,usable_adaptation_rows,all_original_adaptation_rows,method,n_test_rows,hh_rmse_db,vv_rmse_db,mean_channel_rmse_db,pooled_channel_rmse_db,hh_bias_db,vv_bias_db,differential_centered_skill
1,0.05,0.0666666666666666,2,1,6,12,two_channel_mean,132,4.270545121367364,4.055787233533791,4.163166177450577,4.1645507391152226,0.4769011469119042,-0.9506851676491356,0.0
1,0.05,0.0666666666666666,2,1,6,12,two_channel_mean_all_adaptation,132,4.348554123124268,3.970845432028801,4.1596997775765345,4.163984654558964,0.9485789540319601,-0.47117475458301994,0.0
1,0.05,0.0666666666666666,2,1,6,12,i2em_actual_angle_plus_offset,132,5.525350310869936,5.860894032729938,5.693122171799937,5.695593688138221,-3.301089582475797,-4.6361104693019195,0.1788134332899679
1,0.05,0.0666666666666666,2,1,6,12,spm_actual_angle_plus_offset,132,5.33947693737457,5.9782801041701745,5.658878520772372,5.667885274450774,-3.0055426942821892,-4.766177051239899,0.1859586311103374
1,0.05,0.0666666666666666,2,1,6,12,spm_only,132,4.298372395502636,3.957850543642523,4.12811146957258,4.131621121075266,0.47123694491168605,0.0061672545372523325,-0.17349814883796677
1,0.05,0.0666666666666666,2,1,6,12,spm_to_i2em,132,4.3004375017144705,3.9703790637107197,4.135408282712595,4.138699833021514,0.490751134010861,-0.013346934561923155,-0.2204526646677316
1,0.05,0.0666666666666666,2,1,6,12,risk_spm_to_i2em,132,4.314300671259088,4.137389135190386,4.225844903224736,4.2267705839102545,-0.7723299980501626,1.249734197499098,-0.008188719900350527
1,0.1,0.1,3,2,13,19,two_channel_mean,125,4.304700446557153,3.938090401979551,4.121395424268352,4.125469788324283,-0.8233174740661185,-0.5282849728558626,-2.220446049250313e-16
1,0.1,0.1,3,2,13,19,two_channel_mean_all_adaptation,125,4.227749939203645,3.9192020802426084,4.073476009723127,4.076396355496753,-0.14586047082637002,-0.3614885117951145,0.0
1,0.1,0.1,3,2,13,19,i2em_actual_angle_plus_offset,125,5.378346834101558,4.556624693133423,4.967485763617491,4.984447976554852,-3.0351828415384126,-2.8067242600347067,0.17676491877266898
1,0.1,0.1,3,2,13,19,spm_actual_angle_plus_offset,125,5.2908948398251034,4.6181912529563505,4.954543046390727,4.965946971876082,-2.9088016337583147,-2.875173516282311,0.184530188064292
1,0.1,0.1,3,2,13,19,spm_only,125,4.261178276579113,3.8987143099996318,4.079946293289372,4.083969489099156,-0.26283700663312454,-0.24451197598836755,-0.069115390667978
1,0.1,0.1,3,2,13,19,spm_to_i2em,125,4.261143519149255,3.9151485838646924,4.088146051506974,4.091804768346445,-0.27487701525540864,-0.23247196736608308,-0.12914075499692235
1,0.1,0.1,3,2,13,19,risk_spm_to_i2em,125,4.427136058467473,3.986317798589529,4.206726928528501,4.212497078428338,-1.3187255879950124,0.8113766053735239,-0.005102564412173161
1,0.2,0.2,6,3,19,37,two_channel_mean,119,4.249451647981805,3.9921223227197267,4.120786985350765,4.122795165181775,-0.5315803588961504,-0.7994710062172763,0.0
1,0.2,0.2,6,3,19,37,two_channel_mean_all_adaptation,119,4.320457022374967,3.9114526771943003,4.115954849784634,4.121032087239774,0.9439741795293201,-0.03969000069751017,0.0
1,0.2,0.2,6,3,19,37,i2em_actual_angle_plus_offset,119,4.625130217291801,3.98129464654723,4.3032124319195155,4.315236759989614,-1.2348203248249214,-1.5908276207008494,0.19983563996210307
1,0.2,0.2,6,3,19,37,spm_actual_angle_plus_offset,119,4.5864505982692165,4.011986517091006,4.299218557680112,4.308802902412924,-1.1648894163699468,-1.6116098067978462,0.20519457994795443
1,0.2,0.2,6,3,19,37,spm_only,119,4.291601215401961,3.9027766248822293,4.097188920142095,4.101798774669883,0.7046374513424356,0.19964672748937726,-0.018533545286793407
1,0.2,0.2,6,3,19,37,spm_to_i2em,119,4.302756140528486,3.8987296107997276,4.100742875664107,4.105715710018304,0.7555715641671751,0.1487126146646386,-0.022086592623084655
1,0.2,0.2,6,3,19,37,risk_spm_to_i2em,119,4.254947368235341,4.178531841571785,4.216739604903563,4.2169127011050485,-0.5679157535299347,1.4721999323617507,-0.0007676337059869809
2,0.05,0.0666666666666666,2,1,6,12,two_channel_mean,132,4.19996821156976,4.080835336883138,4.140401774226449,4.140830232269285,0.17170164632984938,-1.1984101820283792,0.0
2,0.05,0.0666666666666666,2,1,6,12,two_channel_mean_all_adaptation,132,4.225809970193738,3.9408791090933715,4.083344539643555,4.085829050307743,0.4972106005956546,-0.5599089837855228,0.0
2,0.05,0.0666666666666666,2,1,6,12,i2em_actual_angle_plus_offset,132,5.201272660740326,3.9139941208513567,4.557633390795841,4.602857116477967,2.7023274786247082,1.2172546365552734,0.1980414209229001
2,0.05,0.0666666666666666,2,1,6,12,spm_actual_angle_plus_offset,132,5.147858414238763,3.966770454705098,4.55731443447193,4.595416961134763,2.642661217733348,1.298367665137403,0.18846548182406964
2,0.05,0.0666666666666666,2,1,6,12,spm_only,132,4.235176945056833,3.8871704743178044,4.061173709687319,4.06489963297675,0.2369247293332477,-0.29962311252311236,-0.03526944588629344
2,0.05,0.0666666666666666,2,1,6,12,spm_to_i2em,132,4.239907743725867,3.8898832841219284,4.064895513923898,4.0686613056014975,0.2862805968616779,-0.3489789800515427,-0.036877027457631106
2,0.05,0.0666666666666666,2,1,6,12,risk_spm_to_i2em,132,4.324525950718905,4.020399800102037,4.172462875410471,4.175232882792392,-1.0397910414470468,0.9770926582571823,-0.000949490631959371
2,0.1,0.1,3,2,12,18,two_channel_mean,126,4.236328020144366,3.9012918494673827,4.068809934805874,4.072256941118826,-0.021467133987428753,0.5820740437910457,0.0
2,0.1,0.1,3,2,12,18,two_channel_mean_all_adaptation,126,4.244051085942184,3.8836076346943,4.063829360318242,4.067823612224534,0.2568177635374943,0.4484867422683646,0.0
2,0.1,0.1,3,2,12,18,i2em_actual_angle_plus_offset,126,4.753229927856506,4.049193840524649,4.401211884190578,4.415267008076268,1.4885991247158186,1.5790607269383665,0.16601754548742487
2,0.1,0.1,3,2,12,18,spm_actual_angle_plus_offset,126,4.696354827676717,4.100255846853136,4.398305337264926,4.408392375747407,1.386906852376415,1.6416176218386933,0.16231663152938336
2,0.1,0.1,3,2,12,18,spm_only,126,4.271012695616839,3.863537537164021,4.06727511639043,4.072374721657846,0.2301387012805143,0.47516580452534823,-0.03086490041412504
2,0.1,0.1,3,2,12,18,spm_to_i2em,126,4.273863539988453,3.859224276803054,4.0665439083957535,4.0718252404240465,0.2543652392785795,0.4509392665272827,-0.0317290613678487
2,0.1,0.1,3,2,12,18,risk_spm_to_i2em,126,4.299235237651893,4.113989329930744,4.206612283791319,4.207631865756066,-0.7268396420076826,1.4321441478135453,-0.0008486675029197865
2,0.2,0.2,6,5,32,38,two_channel_mean,106,4.294878482623819,3.962165448410625,4.128521965517222,4.131872228244966,0.07714514870142601,1.1762346665553995,0.0
2,0.2,0.2,6,5,32,38,two_channel_mean_all_adaptation,106,4.2986797108002825,3.9276707504124015,4.113175230606342,4.117356237908685,0.19651322985766295,1.0542155727709792,0.0
2,0.2,0.2,6,5,32,38,i2em_actual_angle_plus_offset,106,4.613831320068006,3.784544612151991,4.1991879661099984,4.219610015831389,-0.3608153424913266,0.46201618387110677,0.16070146786662864
2,0.2,0.2,6,5,32,38,spm_actual_angle_plus_offset,106,4.583165398846602,3.8140026193520415,4.198584009099322,4.216160638164121,-0.37240150307950604,0.4637591880291791,0.15502878432101586
2,0.2,0.2,6,5,32,38,spm_only,106,4.329337577709854,3.899075101868,4.114206339788927,4.119827090532901,0.20804613452616033,1.042682668102478,-0.03227686836124022
2,0.2,0.2,6,5,32,38,spm_to_i2em,106,4.331727505284011,3.893884488131455,4.112805996707733,4.118628387396999,0.22034534677890236,1.030383455849736,-0.032532666783648745
2,0.2,0.2,6,5,32,38,risk_spm_to_i2em,106,4.332203737837849,4.1951351536815995,4.263669445759724,4.264220220848788,-0.5637798784890824,1.8145086811177178,-0.0008585014892072973
3,0.05,0.0666666666666666,2,2,12,12,two_channel_mean,126,4.368784804304098,4.4858792850020315,4.427332044653065,4.4277191434150796,-1.1426130556565615,-2.2240165725604304,0.0
3,0.05,0.0666666666666666,2,2,12,12,two_channel_mean_all_adaptation,126,4.368784804304097,4.485879285002031,4.427332044653063,4.427719143415078,-1.142613055656554,-2.224016572560427,0.0
3,0.05,0.0666666666666666,2,2,12,12,i2em_actual_angle_plus_offset,126,4.501116787628088,3.765670969754178,4.133393878691133,4.149718676507889,0.3502971134484108,-0.33864654333064836,0.1937276652479517
3,0.05,0.0666666666666666,2,2,12,12,spm_actual_angle_plus_offset,126,4.474707825193489,3.791356002713857,4.133031913953673,4.14713096370022,0.34680070103258553,-0.2886162216858527,0.18389325853428817
3,0.05,0.0666666666666666,2,2,12,12,spm_only,126,4.478384831929819,4.335407551819531,4.406896191874676,4.40747599784916,-1.4084310309150294,-1.9581985973019551,-0.035193425180943816
3,0.05,0.0666666666666666,2,2,12,12,spm_to_i2em,126,4.47918733119417,4.338760738447062,4.408974034820616,4.4095330758154,-1.3805041501247823,-1.9861254780922022,-0.037052163818015904
3,0.05,0.0666666666666666,2,2,12,12,risk_spm_to_i2em,126,4.9964164877024295,3.9543180330577896,4.47536726038011,4.5055970095621465,-2.6768822223969497,-0.6897474058200349,-0.0008252695739772165
3,0.1,0.1,3,3,19,19,two_channel_mean,119,4.253769731446653,3.9162102050432157,4.084989968244934,4.088475223005292,-0.34487387401498876,-0.4945589439431673,2.220446049250313e-16
3,0.1,0.1,3,3,19,19,two_channel_mean_all_adaptation,119,4.253769731446653,3.9162102050432153,4.084989968244934,4.088475223005292,-0.3448738740149904,-0.4945589439431709,0.0
3,0.1,0.1,3,3,19,19,i2em_actual_angle_plus_offset,119,4.612059707025493,3.8491883489265284,4.230624027976011,4.247784462910036,0.7978906008298092,0.8069482032798214,0.19551429957458488
3,0.1,0.1,3,3,19,19,spm_actual_angle_plus_offset,119,4.5819484419586205,3.888955051819966,4.235451746889293,4.249601329527457,0.7816885647501877,0.8547472383675108,0.18802856423817504
3,0.1,0.1,3,3,19,19,spm_only,119,4.292269925366611,3.8814657702801694,4.08686784782339,4.092026248575595,-0.41329892162137843,-0.4261338963367761,-0.031045081979531375
3,0.1,0.1,3,3,19,19,spm_to_i2em,119,4.300585462090698,3.8724309487139497,4.086508205402324,4.092111726804602,-0.3990448065606614,-0.44038801139749284,-0.03132623698317527
3,0.1,0.1,3,3,19,19,risk_spm_to_i2em,119,4.486045601087771,3.9321456684654454,4.209095634776609,4.218197167811772,-1.4601165696191798,0.6206837516610292,-0.0006517771683016704
3,0.2,0.2,6,5,32,38,two_channel_mean,106,4.413981770010396,3.983911335443813,4.198946552727104,4.204449107473049,-1.2542475031974292,-0.6300967320052802,0.0
3,0.2,0.2,6,5,32,38,two_channel_mean_all_adaptation,106,4.262117811799081,3.944656645120936,4.103387228460009,4.106456154006259,-0.5055195099576928,-0.29289658738670954,0.0
3,0.2,0.2,6,5,32,38,i2em_actual_angle_plus_offset,106,4.577574705976327,3.9057481732718897,4.241661439624108,4.254941772915991,0.5120258010904771,1.260036538224332,0.21968330615956988
3,0.2,0.2,6,5,32,38,spm_actual_angle_plus_offset,106,4.5414487734250395,3.947985399719809,4.244717086572424,4.255076126113643,0.442702502514135,1.313571058937467,0.22627345447929736
3,0.2,0.2,6,5,32,38,spm_only,106,4.2872781729749905,3.924769964348377,4.106024068661684,4.110022713168318,-0.5368174782130867,-0.2615986191313051,-0.018536895785717267
3,0.2,0.2,6,5,32,38,spm_to_i2em,106,4.28446129036819,3.9262561923509502,4.10535874135957,4.109263695398339,-0.5128956836852273,-0.28552041365916425,-0.018342626858053768
3,0.2,0.2,6,5,32,38,risk_spm_to_i2em,106,4.498800724283772,3.999380722130596,4.249090723207184,4.256421860986411,-1.5238604457268365,0.7254443483824451,-0.0005166869436465937
4,0.05,0.0666666666666666,2,2,12,12,two_channel_mean,126,5.349151498209562,3.923463311597556,4.636307404903559,4.690788105865029,3.455234497235625,-0.05373519875078421,-2.220446049250313e-16
4,0.05,0.0666666666666666,2,2,12,12,two_channel_mean_all_adaptation,126,5.349151498209562,3.923463311597556,4.636307404903559,4.690788105865029,3.455234497235625,-0.05373519875078421,-2.220446049250313e-16
4,0.05,0.0666666666666666,2,2,12,12,i2em_actual_angle_plus_offset,126,7.658377219405024,4.9277579486860725,6.293067584045549,6.439469700042877,6.523244118407206,3.4482637003731105,0.16170996947980076
4,0.05,0.0666666666666666,2,2,12,12,spm_actual_angle_plus_offset,126,7.5191947644448245,4.989722516863663,6.254458640654244,6.381050881357659,6.365691277903485,3.5096266519149477,0.11923916199340501
4,0.05,0.0666666666666666,2,2,12,12,spm_only,126,4.734195098681853,4.033916651337302,4.384055875009578,4.398015847079205,2.3165242590639767,1.0849750394208693,-0.04569525641217731
4,0.05,0.0666666666666666,2,2,12,12,spm_to_i2em,126,4.763102652966328,4.0123617342171665,4.387732193591747,4.4037593922071325,2.3568952011555675,1.0446040973292778,-0.04474123235857208
4,0.05,0.0666666666666666,2,2,12,12,risk_spm_to_i2em,126,4.168148842649,4.692381994513808,4.4302654185814045,4.4380127059819,0.8229727345556246,2.5785265639292207,-0.00022613563886197952
4,0.1,0.1,3,3,18,18,two_channel_mean,120,4.763055733163603,3.96228829169238,4.362672012427992,4.381006073021651,2.481621418385882,-0.4770317058692867,0.0
4,0.1,0.1,3,3,18,18,two_channel_mean_all_adaptation,120,4.763055733163602,3.96228829169238,4.362672012427991,4.381006073021651,2.48162141838588,-0.4770317058692867,0.0
4,0.1,0.1,3,3,18,18,i2em_actual_angle_plus_offset,120,6.834200541904727,4.5726445106051985,5.703422526254963,5.814437843306037,5.557124291714103,2.860111290331444,0.19221782081521033
4,0.1,0.1,3,3,18,18,spm_actual_angle_plus_offset,120,6.721894264988377,4.638431510510777,5.680162887749577,5.774898673889565,5.424959674368003,2.9328068002241765,0.1409145316967083
4,0.1,0.1,3,3,18,18,spm_only,120,4.418759225547912,3.9185432138086465,4.168651219678279,4.17614738795523,1.6268886948028405,0.37770101771375686,-0.05475678330001443
4,0.1,0.1,3,3,18,18,spm_to_i2em,120,4.4437745544058815,3.90495898942556,4.174366771915721,4.183051338406013,1.6696192391219853,0.33497047339461145,-0.05778847055507863
4,0.1,0.1,3,3,18,18,risk_spm_to_i2em,120,4.071170515196998,4.340771622370159,4.205971068783579,4.208130680087267,0.16410693705630516,1.8404827754602917,-0.0012064453913513962
4,0.2,0.2,6,6,38,38,two_channel_mean,100,4.136398265858622,3.870905306225273,4.003651786041948,4.0058518759161075,0.8870276004139996,0.11091260467176689,0.0
4,0.2,0.2,6,6,38,38,two_channel_mean_all_adaptation,100,4.136398265858625,3.870905306225273,4.003651786041949,4.0058518759161075,0.8870276004140066,0.11091260467176689,-2.220446049250313e-16
4,0.2,0.2,6,6,38,38,i2em_actual_angle_plus_offset,100,4.720324233366813,4.00120884844489,4.360766540905852,4.375564713096109,2.4607897055840966,1.7399789413016498,0.19405069780133122
4,0.2,0.2,6,6,38,38,spm_actual_angle_plus_offset,100,4.674094399488789,4.049665356633136,4.361879878060963,4.373039443913526,2.39327039764652,1.7903376830547157,0.14493645333677574
4,0.2,0.2,6,6,38,38,spm_only,100,4.147026755528022,3.8440215490781036,3.9955241523030627,3.9983954644858537,0.7140537497902488,0.2838864552955229,-0.048475295595052925
4,0.2,0.2,6,6,38,38,spm_to_i2em,100,4.162943116711249,3.823593785474343,3.993268451092796,3.996871578453052,0.7118946866692226,0.2860455184165488,-0.03624940319646397
4,0.2,0.2,6,6,38,38,risk_spm_to_i2em,100,4.067401202991478,4.12549718369037,4.0964491933409235,4.096552181941156,-0.44221846257318537,1.4401586676589568,0.0003873771485123356
5,0.05,0.0666666666666666,2,2,12,12,two_channel_mean,126,4.2276649790778125,4.112750905273991,4.170207942175901,4.170603744312868,1.1755811598156296,1.4542418530048693,0.0
5,0.05,0.0666666666666666,2,2,12,12,two_channel_mean_all_adaptation,126,4.2276649790778125,4.11275090527399,4.170207942175901,4.170603744312868,1.1755811598156296,1.4542418530048677,0.0
5,0.05,0.0666666666666666,2,2,12,12,i2em_actual_angle_plus_offset,126,5.0012810248486295,4.598072657115544,4.799676840982087,4.803909035859472,2.8866996496149677,3.049204451806875,0.13021720332308562
5,0.05,0.0666666666666666,2,2,12,12,spm_actual_angle_plus_offset,126,4.937767149770029,4.655510756945757,4.796638953357894,4.798714662979333,2.8033583206425896,3.1043994559728865,0.11108238879606946
5,0.05,0.0666666666666666,2,2,12,12,spm_only,126,4.249505365977923,4.098998948676387,4.174252157327155,4.17493043275725,1.1343068409682906,1.4955161718521999,-0.02802628871347701
5,0.05,0.0666666666666666,2,2,12,12,spm_to_i2em,126,4.250273306434476,4.0990790244034025,4.174676165418939,4.17536058488925,1.0727809475824353,1.5570420652380548,-0.0005949002004626003
5,0.05,0.0666666666666666,2,2,12,12,risk_spm_to_i2em,126,4.070851439958853,4.5267499365230845,4.298800688240968,4.304840091921348,0.23823325071414125,2.3915897621063493,0.002582555337027892
5,0.1,0.1,3,3,16,16,two_channel_mean,122,4.156151807924748,3.902464129870135,4.029307968897442,4.031304015789384,0.8448240052753542,0.633931194895953,0.0
5,0.1,0.1,3,3,16,16,two_channel_mean_all_adaptation,122,4.156151807924748,3.902464129870135,4.029307968897442,4.031304015789384,0.8448240052753542,0.633931194895953,0.0
5,0.1,0.1,3,3,16,16,i2em_actual_angle_plus_offset,122,5.0588780638341735,4.338180968942384,4.6985295163882785,4.712327523848298,3.0121471185439415,2.631519643626546,0.14450070977077123
5,0.1,0.1,3,3,16,16,spm_actual_angle_plus_offset,122,4.992140986413143,4.401647210738241,4.696894098575692,4.706164563422412,2.9234963764154616,2.6998830249518426,0.1184682101420862
5,0.1,0.1,3,3,16,16,spm_only,122,4.173793468688467,3.8877799510879254,4.030786709888196,4.033322753471865,0.7442358646999471,0.7345193354713637,-0.033231579090085006
5,0.1,0.1,3,3,16,16,spm_to_i2em,122,4.184560126816496,3.870708052765556,4.027634089791026,4.030690033027014,0.69255098785143,0.7862042123198807,-0.004826845408896885
5,0.1,0.1,3,3,16,16,risk_spm_to_i2em,122,4.0841744166168015,4.240363453378428,4.1622689349976145,4.1630014942403415,-0.30584771430598656,1.7846029144772995,0.002679871123497879
5,0.2,0.2,6,4,23,36,two_channel_mean,115,4.039456317476415,3.824202177125094,3.9318292473007546,3.9333020245290364,-0.025141831914622964,0.427944523374006,0.0
5,0.2,0.2,6,4,23,36,two_channel_mean_all_adaptation,115,4.051902374831848,3.800966074689839,3.9264342247608437,3.928438363784715,0.3183357128565227,0.07718370618583893,0.0
5,0.2,0.2,6,4,23,36,i2em_actual_angle_plus_offset,115,4.2867980819671345,3.8082558408034144,4.047526961385275,4.0545930957723995,1.3466926303284248,1.60589750982599,0.1384176416137164
5,0.2,0.2,6,4,23,36,spm_actual_angle_plus_offset,115,4.24257022234937,3.8549529979273442,4.048761610138357,4.053397630864421,1.2704166675906314,1.6532426938862919,0.11340445407947752
5,0.2,0.2,6,4,23,36,spm_only,115,4.081105781577796,3.775060881035052,3.928083331306424,3.931062773344433,0.21113256239476147,0.1843868566475928,-0.04239738987489572
5,0.2,0.2,6,4,23,36,spm_to_i2em,115,4.086635523165762,3.7695707067271775,3.9281031149464694,3.931300879620888,0.24311364072495814,0.15240577831739632,-0.04239003680351083
5,0.2,0.2,6,4,23,36,risk_spm_to_i2em,115,4.137092971280298,4.00937795784047,4.073235464560383,4.073735991803707,-0.8869099655797656,1.2824293846221204,-0.0008812677211196274
6,0.05,0.0666666666666666,2,2,12,12,two_channel_mean,126,4.405120948154865,4.155318857596359,4.280219902875611,4.282041883037152,1.2732591960788682,1.5586806532191921,0.0
6,0.05,0.0666666666666666,2,2,12,12,two_channel_mean_all_adaptation,126,4.405120948154865,4.155318857596358,4.280219902875611,4.282041883037152,1.2732591960788682,1.5586806532191904,0.0
6,0.05,0.0666666666666666,2,2,12,12,i2em_actual_angle_plus_offset,126,4.619880581924655,3.8046163542169635,4.212248468070809,4.231926404961438,-0.8658983290615218,-0.732868039902878,0.17517305983048637
6,0.05,0.0666666666666666,2,2,12,12,spm_actual_angle_plus_offset,126,4.564493308870246,3.846448121906115,4.205470715388181,4.220767840170573,-0.7040326817973536,-0.7969591290583443,0.1686293608249444
6,0.05,0.0666666666666666,2,2,12,12,spm_only,126,4.421292463544089,4.152928119819332,4.28711029168171,4.289209660099276,1.24030283101783,1.5916370182802317,-0.04558275648237475
6,0.05,0.0666666666666666,2,2,12,12,spm_to_i2em,126,4.431619968887005,4.1389434991997955,4.2852817340434,4.287779660745541,1.2718709790073595,1.560068870290702,-0.04364053492761677
6,0.05,0.0666666666666666,2,2,12,12,risk_spm_to_i2em,126,4.232452648345872,4.582919698928736,4.407686173637304,4.411168121219086,0.3477499015897024,2.4841899477083587,-0.0016050521680361918
6,0.1,0.1,3,3,19,19,two_channel_mean,119,4.732399438430754,4.360421096549773,4.546410267490264,4.550212994140826,2.3627768008956194,2.099101203288792,0.0
6,0.1,0.1,3,3,19,19,two_channel_mean_all_adaptation,119,4.732399438430754,4.360421096549773,4.546410267490264,4.550212994140826,2.3627768008956194,2.099101203288792,0.0
6,0.1,0.1,3,3,19,19,i2em_actual_angle_plus_offset,119,4.595933202808867,3.799334236185036,4.1976337194969515,4.2164880316994084,1.0427802138707758,0.6429878055758333,0.19483504897342063
6,0.1,0.1,3,3,19,19,spm_actual_angle_plus_offset,119,4.596354448874011,3.824722093175759,4.210538271024885,4.228177699063195,1.1989746820313347,0.6192377349234686,0.1930846126351955
6,0.1,0.1,3,3,19,19,spm_only,119,4.6874341533395025,4.4077104791382045,4.5475723162388535,4.549722552518909,2.270230851701306,2.1916471524831027,-0.010018483776981668
6,0.1,0.1,3,3,19,19,spm_to_i2em,119,4.708572749003953,4.385861127005207,4.5472169380045795,4.55007885415396,2.3126968987326877,2.1491811054517203,-0.008346532734428758
6,0.1,0.1,3,3,19,19,risk_spm_to_i2em,119,4.27279376341156,5.023804660926334,4.648299212168947,4.663441852097756,1.2013377902422153,3.260540213942193,-0.0004881061324939484
6,0.2,0.2,6,5,32,39,two_channel_mean,106,4.543040969656336,4.334207690375286,4.438624330015811,4.439852337369129,1.6730447459055462,1.9984506497499854,0.0
6,0.2,0.2,6,5,32,39,two_channel_mean_all_adaptation,106,4.611133193376761,4.3644092627764675,4.487771228076614,4.489466423756279,1.849974809797997,2.063132790003321,-2.220446049250313e-16
6,0.2,0.2,6,5,32,39,i2em_actual_angle_plus_offset,106,4.731558930406213,3.955411067915187,4.3434849991607,4.360787006269209,0.8156479729725119,0.9130655517300494,0.1616641387740977
6,0.2,0.2,6,5,32,39,spm_actual_angle_plus_offset,106,4.6997231734783655,3.983296286912281,4.341509730195323,4.356262573391251,0.8662992490468991,0.9002117082983113,0.16537858479909529
6,0.2,0.2,6,5,32,39,spm_only,106,4.6028572883966765,4.374802167084297,4.488829727740487,4.4902777875356366,1.8289742667670132,2.084133333034305,-0.00203394088370934
6,0.2,0.2,6,5,32,39,spm_to_i2em,106,4.6139421638653495,4.361676390050224,4.487809276957787,4.4895814517066075,1.8563322219321867,2.0567753778691324,-0.0020160564830944416
6,0.2,0.2,6,5,32,39,risk_spm_to_i2em,106,4.311632456562044,4.906804765825108,4.609218611193576,4.618815186300662,0.8659602570033608,3.047147342797957,-9.426108017529522e-05
7,0.05,0.0666666666666666,2,1,6,12,two_channel_mean,132,4.270545121367364,4.055787233533791,4.163166177450577,4.1645507391152226,0.4769011469119042,-0.9506851676491356,0.0
7,0.05,0.0666666666666666,2,1,6,12,two_channel_mean_all_adaptation,132,4.348554123124268,3.970845432028801,4.1596997775765345,4.163984654558964,0.9485789540319601,-0.47117475458301994,0.0
7,0.05,0.0666666666666666,2,1,6,12,i2em_actual_angle_plus_offset,132,5.525350310869936,5.860894032729938,5.693122171799937,5.695593688138221,-3.301089582475797,-4.6361104693019195,0.1788134332899679
7,0.05,0.0666666666666666,2,1,6,12,spm_actual_angle_plus_offset,132,5.33947693737457,5.9782801041701745,5.658878520772372,5.667885274450774,-3.0055426942821892,-4.766177051239899,0.1859586311103374
7,0.05,0.0666666666666666,2,1,6,12,spm_only,132,4.298372395502636,3.957850543642523,4.12811146957258,4.131621121075266,0.47123694491168605,0.0061672545372523325,-0.17349814883796677
7,0.05,0.0666666666666666,2,1,6,12,spm_to_i2em,132,4.3004375017144705,3.9703790637107197,4.135408282712595,4.138699833021514,0.4907511340108611,-0.013346934561923209,-0.2204526646677316
7,0.05,0.0666666666666666,2,1,6,12,risk_spm_to_i2em,132,4.314300671259088,4.137389135190386,4.225844903224736,4.2267705839102545,-0.7723299980501626,1.249734197499098,-0.008188719900350527
7,0.1,0.1,3,2,12,18,two_channel_mean,126,4.378170743174956,4.462082221760907,4.420126482467932,4.420325599441058,-0.9827466505897636,-2.0942558507427314,0.0
7,0.1,0.1,3,2,12,18,two_channel_mean_all_adaptation,126,4.271971319819774,4.195090386535199,4.233530853177486,4.233705369328548,-0.2171425343293386,-1.4403170365636355,0.0
7,0.1,0.1,3,2,12,18,i2em_actual_angle_plus_offset,126,5.269795401847825,4.958083246829995,5.11393932433891,5.116313763826098,-2.794349918556618,-3.404694932112988,0.17421420552779598
7,0.1,0.1,3,2,12,18,spm_actual_angle_plus_offset,126,5.16096565341694,5.01754526345946,5.0892554584382,5.089760649903579,-2.611782300499362,-3.465282501693012,0.18129943583194863
7,0.1,0.1,3,2,12,18,spm_only,126,4.3310349652828215,4.07699371990842,4.20401434259562,4.20593281345976,-0.5193837085447844,-1.138075862348188,-0.04070436365471619
7,0.1,0.1,3,2,12,18,spm_to_i2em,126,4.3278056626476715,4.089382030105675,4.208593846376673,4.210281893281996,-0.4692580682769353,-1.1882015026160366,-0.043554700837469706
7,0.1,0.1,3,2,12,18,risk_spm_to_i2em,126,4.638783591314763,3.9422204223520407,4.290502006833401,4.304614678775592,-1.8177719458283221,0.16031237493534983,-0.0011862546937384533
7,0.2,0.2,6,5,31,37,two_channel_mean,107,4.146392474890195,4.092378655343364,4.1193855651167794,4.119474093530386,-0.19018525782436765,-0.7533277876472783,0.0
7,0.2,0.2,6,5,31,37,two_channel_mean_all_adaptation,107,4.1424729125805495,4.074712356945061,4.108592634762806,4.108732324166686,0.06067707912594324,-0.650553986055242,0.0
7,0.2,0.2,6,5,31,37,i2em_actual_angle_plus_offset,107,4.149676872722637,3.3735364051374317,3.761606638930034,3.7815715003683796,0.804653445275645,0.6010261225396771,0.18284085418955287
7,0.2,0.2,6,5,31,37,spm_actual_angle_plus_offset,107,4.14242985989409,3.3921451094735566,3.7672874846838234,3.785919544038643,0.796092868782656,0.6126198231814993,0.19034877478063306
7,0.2,0.2,6,5,31,37,spm_only,107,4.182537213490075,4.021867493269277,4.102202353379676,4.102988890774957,-0.10439113147080173,-0.485485775458497,-0.04105308075493985
7,0.2,0.2,6,5,31,37,spm_to_i2em,107,4.185283401566003,4.023241968781059,4.104262685173531,4.105062307126725,-0.06677013192529858,-0.523106775004,-0.042262219895416564
7,0.2,0.2,6,5,31,37,risk_spm_to_i2em,107,4.335408784494461,4.079020883621621,4.207214834058041,4.209167417535982,-1.2751560793241254,0.6852791723948267,-0.000997759212148841
8,0.05,0.0666666666666666,2,2,13,13,two_channel_mean,125,4.355392876520938,3.920835185214455,4.138114030867697,4.143814405741707,0.9081163174053153,0.18959728037559603,0.0
8,0.05,0.0666666666666666,2,2,13,13,two_channel_mean_all_adaptation,125,4.355392876520939,3.920835185214455,4.138114030867697,4.143814405741708,0.9081163174053206,0.18959728037559603,0.0
8,0.05,0.0666666666666666,2,2,13,13,i2em_actual_angle_plus_offset,125,4.643691194678145,4.07480238138883,4.359246788033488,4.36851704580075,-0.8352940950227856,-1.6646239675039702,0.17873637208708382
8,0.05,0.0666666666666666,2,2,13,13,spm_actual_angle_plus_offset,125,4.594799836284612,4.119555797792635,4.3571778170386235,4.363652455606886,-0.7160306246203862,-1.7117346412635208,0.17911214984326795
8,0.05,0.0666666666666666,2,2,13,13,spm_only,125,4.354323955186382,3.9093137826998214,4.1318188689431015,4.137805659906998,0.7386566842316508,0.35905691354926744,-0.039478701619009904
8,0.05,0.0666666666666666,2,2,13,13,spm_to_i2em,125,4.365368131953007,3.9032212522769205,4.134294692114963,4.140747219506227,0.7877636615617141,0.3099499362192039,-0.04248819410962423
8,0.05,0.0666666666666666,2,2,13,13,risk_spm_to_i2em,125,4.285610279238847,4.213302450193643,4.249456364716245,4.2496101587278226,-0.45893491106377504,1.5566485088446924,-0.001287894104981202
8,0.1,0.1,3,3,19,19,two_channel_mean,119,4.3214592982234175,3.966280493903131,4.143869896063274,4.147673529975454,0.5155894879517995,0.5298047347588465,0.0
8,0.1,0.1,3,3,19,19,two_channel_mean_all_adaptation,119,4.3214592982234175,3.96628049390313,4.143869896063274,4.147673529975454,0.5155894879517995,0.5298047347588428,-2.220446049250313e-16
8,0.1,0.1,3,3,19,19,i2em_actual_angle_plus_offset,119,4.628876110467227,3.675835044086522,4.152355577276875,4.179608672913576,0.7380177898320592,0.6361025557137949,0.18175732399894173
8,0.1,0.1,3,3,19,19,spm_actual_angle_plus_offset,119,4.609094145879471,3.699208937196517,4.154151541537994,4.178988849387792,0.7719187273260928,0.6375811700233706,0.18952870340543682
8,0.1,0.1,3,3,19,19,spm_only,119,4.346973451330726,3.9480247839040183,4.147499117617372,4.152293214652268,0.4809994039659621,0.5643948187446786,-0.03278187922312337
8,0.1,0.1,3,3,19,19,spm_to_i2em,119,4.352760969031403,3.942081565027899,4.147421267029651,4.152501361761125,0.5157089093805637,0.5296853133300771,-0.03583914676919586
8,0.1,0.1,3,3,19,19,risk_spm_to_i2em,119,4.32420982141917,4.233257796732759,4.278733809075964,4.278975470440131,-0.5286309481080383,1.5740251708186794,-0.0010689043297895662
8,0.2,0.2,6,5,31,37,two_channel_mean,107,4.421557001901356,4.022479197893164,4.2220180998972605,4.226730723534808,0.6115214309249334,-0.21724365436461468,0.0
8,0.2,0.2,6,5,31,37,two_channel_mean_all_adaptation,107,4.496901559066816,4.0209334018816865,4.258917480474251,4.265561455090372,1.022700235335416,0.18644390643377767,0.0
8,0.2,0.2,6,5,31,37,i2em_actual_angle_plus_offset,107,4.602612925466424,3.546812170749289,4.074712548107857,4.108766379112219,0.49023473489397723,-0.2536422087766721,0.16980315848275884
8,0.2,0.2,6,5,31,37,spm_actual_angle_plus_offset,107,4.5971914532363565,3.5659413088656975,4.081566381051027,4.114006968636794,0.5355462802178141,-0.2788112921446619,0.18732761742367054
8,0.2,0.2,6,5,31,37,spm_only,107,4.496211545808281,4.004539025774261,4.2503752857912716,4.257478777023366,0.8495726027073051,0.35957153906189016,-0.04029309885918031
8,0.2,0.2,6,5,31,37,spm_to_i2em,107,4.506833136446655,3.99918619603371,4.253009666240183,4.260577141087823,0.8947916012235766,0.3143525405456188,-0.042214804576793385
8,0.2,0.2,6,5,31,37,risk_spm_to_i2em,107,4.393979669761707,4.3054299355597365,4.349704802660722,4.349930129800542,-0.34435720601215125,1.553501347781343,-0.0010898791017261988
9,0.05,0.0666666666666666,2,2,13,13,two_channel_mean,125,4.560769745766662,3.9691710411116143,4.264970393439138,4.275215750549881,-1.7953617681272156,-0.845007905450997,2.220446049250313e-16
9,0.05,0.0666666666666666,2,2,13,13,two_channel_mean_all_adaptation,125,4.560769745766662,3.9691710411116135,4.264970393439138,4.27521575054988,-1.7953617681272156,-0.8450079054509935,0.0
9,0.05,0.0666666666666666,2,2,13,13,i2em_actual_angle_plus_offset,125,4.412396007907356,3.5748097074189746,3.9936028576631655,4.015501399255995,-0.2532463845099798,0.5617493089769573,0.18555716621442653
9,0.05,0.0666666666666666,2,2,13,13,spm_actual_angle_plus_offset,125,4.392017278811029,3.6086482885487703,4.0003327836799,4.019462541672743,-0.2990266217746768,0.6102162029626104,0.18793593614908066
9,0.05,0.0666666666666666,2,2,13,13,spm_only,125,4.56835350753214,3.9581574434544287,4.263255475493285,4.274158637495507,-1.7576683568656741,-0.8827013167125461,-0.023164322566632922
9,0.05,0.0666666666666666,2,2,13,13,spm_to_i2em,125,4.569611561461623,3.9554048513582867,4.262508206409954,4.273556912034308,-1.7520140901278463,-0.8883555834503734,-0.022956045402139136
9,0.05,0.0666666666666666,2,2,13,13,risk_spm_to_i2em,125,4.847463711130788,3.8827083596930505,4.365086035411919,4.391658492936363,-2.431208297710938,-0.2091613758672852,-0.0005612984059486514
9,0.1,0.1,3,3,20,20,two_channel_mean,118,4.093117402267891,3.882406700221962,3.9877620512449266,3.989153535192437,0.21169812251992054,0.43059526551299493,0.0
9,0.1,0.1,3,3,20,20,two_channel_mean_all_adaptation,118,4.093117402267891,3.882406700221962,3.9877620512449266,3.989153535192437,0.21169812251992054,0.43059526551299493,0.0
9,0.1,0.1,3,3,20,20,i2em_actual_angle_plus_offset,118,4.544199342818187,3.8195875810812265,4.181893461949707,4.197558633111584,1.3794232890992055,1.4723451406049441,0.20570237268080604
9,0.1,0.1,3,3,20,20,spm_actual_angle_plus_offset,118,4.517039768004673,3.8633814426418596,4.190210605323266,4.20293733221691,1.3938393688841506,1.524025445598483,0.21231681989177942
9,0.1,0.1,3,3,20,20,spm_only,118,4.09261002779881,3.8843668152210493,3.9884884215099294,3.989847264923176,0.19368951434374043,0.448603873689177,-0.001139579458669937
9,0.1,0.1,3,3,20,20,spm_to_i2em,118,4.097766055747263,3.8776692576949077,3.9877176567210855,3.989235861647357,0.21120802416003176,0.4310853638728854,-0.0004933172933061503
9,0.1,0.1,3,3,20,20,risk_spm_to_i2em,118,4.156094612826497,4.101304549224509,4.1286995810255025,4.128790466726005,-0.7491549800047838,1.391448368037701,1.699876611804818e-06
9,0.2,0.2,6,4,24,36,two_channel_mean,114,4.099695966289282,3.8616913553678933,3.980693660828588,3.9824720425968922,0.1356817667409606,0.020038317728147004,0.0
9,0.2,0.2,6,4,24,36,two_channel_mean_all_adaptation,114,4.223535432791597,3.9011742368829085,4.062354834837253,4.065551129832526,1.0242822256895023,0.5539872169763559,-4.440892098500626e-16
9,0.2,0.2,6,4,24,36,i2em_actual_angle_plus_offset,114,4.6581162778187535,3.826019319347461,4.242067798583108,4.262421324183007,1.7435892790402294,1.4623770998006917,0.21846488701084688
9,0.2,0.2,6,4,24,36,spm_actual_angle_plus_offset,114,4.626228671896487,3.873728784562065,4.2499787282292765,4.266600896558162,1.738833353990491,1.5252265127512463,0.22035154872366602
9,0.2,0.2,6,4,24,36,spm_only,114,4.197957663643933,3.918779544514804,4.0583686040793685,4.060768502651591,0.9122338429322229,0.6660355997336334,-0.0011279336175842314
9,0.2,0.2,6,4,24,36,spm_to_i2em,114,4.208112302137136,3.910931100190741,4.059521701163939,4.062240220484078,0.955296766261772,0.6229726764040848,-0.0006844204767968431
9,0.2,0.2,6,4,24,36,risk_spm_to_i2em,114,4.10479429902423,4.270232987172322,4.187513643098276,4.188330574467378,-0.24463990523897108,1.8229093479048297,-1.0062829618906477e-05
10,0.05,0.0666666666666666,2,2,12,12,two_channel_mean,126,4.739560396696606,4.142187245404341,4.440873821050474,4.450907094622695,2.2263899844955795,1.5115318765698647,0.0
10,0.05,0.0666666666666666,2,2,12,12,two_channel_mean_all_adaptation,126,4.739560396696607,4.142187245404341,4.440873821050474,4.450907094622696,2.2263899844955812,1.5115318765698647,0.0
10,0.05,0.0666666666666666,2,2,12,12,i2em_actual_angle_plus_offset,126,4.6218745946903965,4.023089112593345,4.322481853641871,4.332838029335486,-0.9974619466213663,-1.5989590802188995,0.17427682436330816
10,0.05,0.0666666666666666,2,2,12,12,spm_actual_angle_plus_offset,126,4.5688376414137695,4.0981705762323335,4.3335041088230515,4.33988936872219,-0.8722522581393559,-1.7216805739698653,0.17394565841002818
10,0.05,0.0666666666666666,2,2,12,12,spm_only,126,4.686777542752358,4.189657306938094,4.4382174248452255,4.445172217407757,2.043990310062173,1.693931551003278,-0.042404337408040726
10,0.05,0.0666666666666666,2,2,12,12,spm_to_i2em,126,4.70687671946723,4.17215852994817,4.4395176247077,4.447560862499908,2.083213502099706,1.6547083589657448,-0.047897954196488346
10,0.05,0.0666666666666666,2,2,12,12,risk_spm_to_i2em,126,4.272367002145733,4.812757997656377,4.542562499901055,4.5505911344038115,0.8572867827555495,2.8806350783099015,-0.0014501873747636562
10,0.1,0.1,3,3,19,19,two_channel_mean,119,4.249481613089175,4.040997391931784,4.14523950251048,4.1465500058230615,0.5163844268899842,1.2878723150927236,0.0
10,0.1,0.1,3,3,19,19,two_channel_mean_all_adaptation,119,4.249481613089175,4.040997391931784,4.14523950251048,4.1465500058230615,0.5163844268899842,1.2878723150927236,0.0
10,0.1,0.1,3,3,19,19,i2em_actual_angle_plus_offset,119,5.157804081598439,4.094448685612639,4.6261263836055395,4.656578839838781,-2.57851583198709,-1.7781315289483743,0.18070597972770064
10,0.1,0.1,3,3,19,19,spm_actual_angle_plus_offset,119,5.081159147131914,4.166147904669481,4.623653525900698,4.646233240059319,-2.471060513154867,-1.8851467734274578,0.16757919191203463
10,0.1,0.1,3,3,19,19,spm_only,119,4.274290413692177,4.0278475396350375,4.151068976663607,4.152897442938175,0.5040534686080044,1.3002032733746973,-0.0434327597052917
10,0.1,0.1,3,3,19,19,spm_to_i2em,119,4.278474883363647,4.023406427440057,4.150940655401852,4.152899385245177,0.5100017625527518,1.2942549794299503,-0.048195051095276664
10,0.1,0.1,3,3,19,19,risk_spm_to_i2em,119,4.224690560782686,4.329208667290575,4.2769496140366305,4.27726887273352,-0.2152286551264365,2.0194853971091384,-0.0014779416690868796
10,0.2,0.2,6,4,26,39,two_channel_mean,112,4.301726385235012,4.191641714651876,4.246684049943444,4.2470407437083075,0.7264479052895199,1.7707399003710549,0.0
10,0.2,0.2,6,4,26,39,two_channel_mean_all_adaptation,112,4.393872610231604,4.137927274541494,4.2658999423865485,4.267819035780329,1.1528196652624945,1.6395431254318245,0.0
10,0.2,0.2,6,4,26,39,i2em_actual_angle_plus_offset,112,4.793456166236303,3.7520450426965946,4.272750604466449,4.304361974790974,-1.5644378032900446,-0.5782321173834681,0.1814363889573779
10,0.2,0.2,6,4,26,39,spm_actual_angle_plus_offset,112,4.7424965264540955,3.7913739742479398,4.266935250351017,4.2933547440220785,-1.4917694489368991,-0.6501873700486015,0.16983056044376432
10,0.2,0.2,6,4,26,39,spm_only,112,4.413193941791068,4.136371263251584,4.274782602521325,4.277022796017978,1.1131482855935095,1.6792145051008045,-0.0569223192613999
10,0.2,0.2,6,4,26,39,spm_to_i2em,112,4.418680581222288,4.131811279804327,4.275245930513307,4.277651372586901,1.1262378431690736,1.6661249475252402,-0.06935444555466597
10,0.2,0.2,6,4,26,39,risk_spm_to_i2em,112,4.247973401293597,4.576224162641997,4.412098781967797,4.415150371439592,0.2402973495790457,2.5520654411152686,-0.0023951584956494187
11,0.05,0.0666666666666666,2,2,12,12,two_channel_mean,126,4.472621911556622,3.8669674567049586,4.169794684130791,4.180776487385546,-1.343958104846684,-0.3864651952158479,0.0
11,0.05,0.0666666666666666,2,2,12,12,two_channel_mean_all_adaptation,126,4.472621911556622,3.8669674567049586,4.169794684130791,4.180776487385546,-1.343958104846684,-0.3864651952158479,0.0
11,0.05,0.0666666666666666,2,2,12,12,i2em_actual_angle_plus_offset,126,4.653150268346913,3.703576817767501,4.178363543057207,4.205251993931029,-0.992113501347371,-0.03480495945018688,0.14094704604831754
11,0.05,0.0666666666666666,2,2,12,12,spm_actual_angle_plus_offset,126,4.636319126554085,3.733942253198555,4.18513068987632,4.209381177410329,-1.0347946746925993,-0.007193296657772187,0.14033636575437813
11,0.05,0.0666666666666666,2,2,12,12,spm_only,126,4.48834787211025,3.8491344939179823,4.168741183014117,4.180974944516282,-1.3184656849539484,-0.4119576151085797,-0.024672383402323916
11,0.05,0.0666666666666666,2,2,12,12,spm_to_i2em,126,4.500883839868865,3.8347121197399807,4.167797979804423,4.1810867236445475,-1.3311973459521353,-0.3992259541103933,-0.014219694473162292
11,0.05,0.0666666666666666,2,2,12,12,risk_spm_to_i2em,126,4.702774806548349,3.853377428809503,4.278076117678926,4.299105051633677,-1.9756533082824186,0.2452300082198894,0.0004564978463850178
11,0.1,0.1,3,2,12,18,two_channel_mean,126,4.472621911556622,3.8669674567049586,4.169794684130791,4.180776487385546,-1.343958104846684,-0.3864651952158479,0.0
11,0.1,0.1,3,2,12,18,two_channel_mean_all_adaptation,126,4.278256496735009,3.8579052127820557,4.0680808547585325,4.073506553490879,0.32458477429169436,0.2816925038210239,0.0
11,0.1,0.1,3,2,12,18,i2em_actual_angle_plus_offset,126,4.653150268346913,3.703576817767501,4.178363543057207,4.205251993931029,-0.992113501347371,-0.03480495945018688,0.14094704604831754
11,0.1,0.1,3,2,12,18,spm_actual_angle_plus_offset,126,4.636319126554085,3.733942253198555,4.18513068987632,4.209381177410329,-1.0347946746925993,-0.007193296657772187,0.14033636575437813
11,0.1,0.1,3,2,12,18,spm_only,126,4.28458907044173,3.855112894428552,4.069850982435141,4.075512172190019,0.2550452041110773,0.35123207400164413,-0.014065487410594546
11,0.1,0.1,3,2,12,18,spm_to_i2em,126,4.286080142106839,3.8536982711531524,4.069889206629996,4.075627151105175,0.27399440938177455,0.33228286873094703,-0.01639582694691133
11,0.1,0.1,3,2,12,18,risk_spm_to_i2em,126,4.338710392344502,4.092584052725019,4.21564722253476,4.217443069992606,-0.7891755662168957,1.395452844329619,-0.0006600627917876523
11,0.2,0.2,6,5,31,37,two_channel_mean,107,4.306191851057384,3.9022012976823754,4.10419657436988,4.109164344836249,0.3077316301582075,-0.3909163729322512,0.0
11,0.2,0.2,6,5,31,37,two_channel_mean_all_adaptation,107,4.384759550767251,3.883275140245358,4.1340173455063045,4.141614548270531,0.8817748103293881,-0.07393549783492576,0.0
11,0.2,0.2,6,5,31,37,i2em_actual_angle_plus_offset,107,4.707146511323946,3.9007048642540942,4.30392568778902,4.322772647103057,-0.2761861155046622,-0.9355149311693334,0.16289096887173693
11,0.2,0.2,6,5,31,37,spm_actual_angle_plus_offset,107,4.675406759853154,3.931667971915691,4.303537365884423,4.319574134765383,-0.2681699210514436,-0.9533665030199481,0.17311306915264546
11,0.2,0.2,6,5,31,37,spm_only,107,4.372627760150387,3.864937370996414,4.1187825655734,4.126597533717243,0.6776970304956461,0.1301422819988197,-0.026864270309423066
11,0.2,0.2,6,5,31,37,spm_to_i2em,107,4.380791058468382,3.8631131869302595,4.12195212269932,4.130071052233302,0.7237340867773281,0.08410522571713779,-0.028107380420672623
11,0.2,0.2,6,5,31,37,risk_spm_to_i2em,107,4.332264884238475,4.115007245317881,4.223636064778178,4.225032760596329,-0.558000306772594,1.3658396192670594,-0.0009065422469236584
12,0.1,0.1,3,1,6,18,two_channel_mean,132,4.278712604818144,4.176545859135447,4.227629231976795,4.22793784652111,0.6123270779858035,-1.4716452702513394,-2.220446049250313e-16
12,0.1,0.1,3,1,6,18,two_channel_mean_all_adaptation,132,4.715189100322628,3.9465953936606923,4.33089224699166,4.347908891241001,2.0737818466768094,0.5457285857049117,-2.220446049250313e-16
12,0.1,0.1,3,1,6,18,i2em_actual_angle_plus_offset,132,5.493023248525212,4.07747965703587,4.785251452780541,4.837310449122519,3.2473653310023547,1.7578793013964773,0.1627125497307006
12,0.1,0.1,3,1,6,18,spm_actual_angle_plus_offset,132,5.358518069116606,4.112749521258236,4.735633795187421,4.776422537928307,3.0448088167546614,1.7783133120142962,0.14961311701538693
12,0.1,0.1,3,1,6,18,spm_only,132,4.57509738277602,4.0032937080432855,4.289195545409653,4.298713561912619,1.6817138523442707,0.9377965800374557,-0.019461868470106225
12,0.1,0.1,3,1,6,18,spm_to_i2em,132,4.602723011407131,3.9853040879876516,4.294013549697391,4.305096270321246,1.7427066239058526,0.876803808475874,-0.025124297046633437
12,0.1,0.1,3,1,6,18,risk_spm_to_i2em,132,4.24795461235427,4.533461256688528,4.3907079345214,4.393027962266906,0.3211368367414139,2.2983735956403124,-0.0007327054592707327
12,0.2,0.2,6,4,26,38,two_channel_mean,112,4.389436803631544,3.9331613115416415,4.161299057586593,4.167548041455735,1.5353315040420372,0.14211072229782126,-2.220446049250313e-16
12,0.2,0.2,6,4,26,38,two_channel_mean_all_adaptation,112,4.581106069683359,3.978688022903325,4.279897046293342,4.290483143265107,2.019064188162076,0.6167624651179854,0.0
12,0.2,0.2,6,4,26,38,i2em_actual_angle_plus_offset,112,4.624211150154051,3.635252042782909,4.1297315964684795,4.159229867160889,2.0901187720598497,0.9391252879028088,0.14969684160256502
12,0.2,0.2,6,4,26,38,spm_actual_angle_plus_offset,112,4.5731860023365,3.6572575441514097,4.115221773243954,4.140625735092397,2.004665403903601,0.9267649181837513,0.12687288980345535
12,0.2,0.2,6,4,26,38,spm_only,112,4.483855120559727,4.013111404706507,4.248483262633117,4.2549982308313075,1.7105607060086285,0.9252659472714287,-0.03521545072408938
12,0.2,0.2,6,4,26,38,spm_to_i2em,112,4.508071563294614,3.9975269720249735,4.252799267659793,4.26045367958934,1.7616350586058462,0.8741915946742109,-0.03906450384315252
12,0.2,0.2,6,4,26,38,risk_spm_to_i2em,112,4.134324705608605,4.5148994358656855,4.324612070737145,4.32879646595829,0.41191030090874675,2.223916352371311,-0.0010339595424289083
13,0.05,0.0666666666666666,2,1,7,13,two_channel_mean,131,4.864139671359455,3.9321640609966124,4.398151866178034,4.422768869446279,-2.3977715020273345,0.6831440643958641,0.0
13,0.05,0.0666666666666666,2,1,7,13,two_channel_mean_all_adaptation,131,4.289799738408497,3.893672544293613,4.091736141351055,4.096527046037625,-0.701309652786238,0.40676466453199706,0.0
13,0.05,0.0666666666666666,2,1,7,13,i2em_actual_angle_plus_offset,131,6.444458790611778,4.061459363472628,5.2529590770422026,5.38639495697414,-4.713044528714618,-1.7477963551377294,0.18298170232231858
13,0.05,0.0666666666666666,2,1,7,13,spm_actual_angle_plus_offset,131,6.384240751334726,4.114167023498891,5.249203887416808,5.370516747401908,-4.654550060999397,-1.8093084262563173,0.16497747822217657
13,0.05,0.0666666666666666,2,1,7,13,spm_only,131,4.334209228061625,4.044604734717441,4.189406981389533,4.191908699668523,-1.049334500870077,0.7547895126158398,-0.30365762739899194
13,0.05,0.0666666666666666,2,1,7,13,spm_to_i2em,131,4.3209992479110895,4.07086847577002,4.195933861840555,4.197797318086375,-1.0656850908743365,0.7711401026200994,-0.3246692021644779
13,0.05,0.0666666666666666,2,1,7,13,risk_spm_to_i2em,131,4.428127536055341,4.008499344642955,4.218313440349148,4.223528173907127,-1.3117858601337513,1.0172408718795127,-0.00804835122283265
13,0.1,0.1,3,2,11,17,two_channel_mean,127,4.5598970972288875,3.88270990278256,4.221303500005724,4.234861138601961,-1.6658115409468934,-0.2397543895887215,0.0
13,0.1,0.1,3,2,11,17,two_channel_mean_all_adaptation,127,4.2913440510974326,3.877987990376138,4.084666020736785,4.089891478902031,-0.6307934032032555,-0.14434968535769932,0.0
13,0.1,0.1,3,2,11,17,i2em_actual_angle_plus_offset,127,4.834452161327137,3.762570227974478,4.298511194650808,4.3317930710388595,-2.0091915015399855,-0.7705082637324795,0.1946076103817651
13,0.1,0.1,3,2,11,17,spm_actual_angle_plus_offset,127,4.809747293197816,3.7918194632798676,4.300783378238842,4.330794607605615,-2.0044633213923118,-0.7751010304953854,0.1718249879945868
13,0.1,0.1,3,2,11,17,spm_only,127,4.318303052990705,3.856400828799821,4.087351940895263,4.09387155452127,-0.6390580589880639,-0.13608502957289434,-0.030055177800831112
13,0.1,0.1,3,2,11,17,spm_to_i2em,127,4.3217169340487045,3.8500599444561487,4.085888439252427,4.092688531634738,-0.6263498580626251,-0.14879323049833348,-0.026410046703628787
13,0.1,0.1,3,2,11,17,risk_spm_to_i2em,127,4.504055720737679,3.941600130672605,4.2228279257051415,4.23218203327953,-1.50245756777185,0.7273144792108913,-0.00035715901784461046
13,0.2,0.2,6,5,31,37,two_channel_mean,107,4.635180931971917,3.833221461208629,4.234201196590273,4.253145250446219,-1.9735817789702088,-0.7215452182317137,0.0
13,0.2,0.2,6,5,31,37,two_channel_mean_all_adaptation,107,4.453687777475349,3.8158614659446854,4.134774621710017,4.147055192935998,-1.498485096822952,-0.6227675798917,0.0
13,0.2,0.2,6,5,31,37,i2em_actual_angle_plus_offset,107,5.157027276160092,4.040023535287082,4.598525405723587,4.632316941484721,-2.650084144269759,-1.6402146963615762,0.19315346485535723
13,0.2,0.2,6,5,31,37,spm_actual_angle_plus_offset,107,5.1036257813714565,4.071508880333442,4.587567330852449,4.6165019592172545,-2.599360327904511,-1.6377481539404393,0.1700001222657842
13,0.2,0.2,6,5,31,37,spm_only,107,4.475660460541554,3.795479777161867,4.13557011885171,4.149530292509004,-1.4865936193160623,-0.63465905739859,-0.029576259209148192
13,0.2,0.2,6,5,31,37,spm_to_i2em,107,4.471525817960471,3.796807941147097,4.134166879553784,4.147908731074294,-1.4700172823745223,-0.6512353943401298,-0.029952955671614934
13,0.2,0.2,6,5,31,37,risk_spm_to_i2em,107,4.766349958766258,3.766360997965138,4.266355478365698,4.295553927983216,-2.2625531794340845,0.1413005027194285,-0.0007766179082284719
14,0.2,0.2,6,3,18,38,two_channel_mean,120,4.261078890586783,3.9369499264079497,4.099014408497366,4.102216963718999,-0.29099065751486675,-0.5949285308465319,0.0
14,0.2,0.2,6,3,18,38,two_channel_mean_all_adaptation,120,4.26567112790224,3.9024502568120147,4.084060692357127,4.088096634028537,0.35189831254979587,-0.28893466504353543,0.0
14,0.2,0.2,6,3,18,38,i2em_actual_angle_plus_offset,120,4.544215657845865,3.631445876920562,4.087830767383213,4.113228361154707,0.45752310244155014,0.5152534505022179,0.17150543625035353
14,0.2,0.2,6,3,18,38,spm_actual_angle_plus_offset,120,4.521280967840994,3.6583943564945858,4.08983766216779,4.112531510991291,0.4653847892442622,0.5275716735241635,0.17878838648505324
14,0.2,0.2,6,3,18,38,spm_only,120,4.276569392131363,3.8780724854888287,4.077320938810096,4.082186422030498,0.19758281912316888,-0.13461917161690326,-0.02441725262154959
14,0.2,0.2,6,3,18,38,spm_to_i2em,120,4.279450986617618,3.879878487534459,4.079664737076039,4.084553698073706,0.23861491397740764,-0.17565126647114201,-0.02807983115570134
14,0.2,0.2,6,3,18,38,risk_spm_to_i2em,120,4.3660324239593,4.031405974564727,4.198719199262014,4.202051478672061,-0.9913906623871838,1.0543543098934487,-0.0010036515570288618
15,0.05,0.0666666666666666,2,1,6,13,two_channel_mean,132,6.826812219843768,4.452434858486625,5.639623539165196,5.763225713698666,5.466813304527892,2.129819340155808,-2.220446049250313e-16
15,0.05,0.0666666666666666,2,1,6,13,two_channel_mean_all_adaptation,132,4.6025416786705735,4.037527075622552,4.320034377146563,4.3292617609867925,2.112835186533661,1.0067666755609757,0.0
15,0.05,0.0666666666666666,2,1,6,13,i2em_actual_angle_plus_offset,132,9.696332244027312,6.876611288713082,8.286471766370198,8.405552980102495,8.789560209613912,5.924202444163747,0.16565946906378237
15,0.05,0.0666666666666666,2,1,6,13,spm_actual_angle_plus_offset,132,9.568049587367907,6.951394449188157,8.259722018278033,8.362698658164573,8.655815455150655,5.99560299253273,0.14558851709257303
15,0.05,0.0666666666666666,2,1,6,13,spm_only,132,4.515588149158772,4.087260665121822,4.301424407140297,4.3067526094190285,1.8375043152445913,1.2820975468500415,-0.03603423198259592
15,0.05,0.0666666666666666,2,1,6,13,spm_to_i2em,132,4.536353093008716,4.064096366650698,4.300224729829708,4.306702837547139,1.850636412240003,1.2689654498546297,-0.027749515050225826
15,0.05,0.0666666666666666,2,1,6,13,risk_spm_to_i2em,132,4.134002284608094,4.654648558569189,4.394325421588642,4.402029537209807,0.5894585169480919,2.5301433451465436,0.00037868341849967013
15,0.1,0.1,3,1,6,19,two_channel_mean,132,6.826812219843768,4.452434858486625,5.639623539165196,5.763225713698666,5.466813304527892,2.129819340155808,-2.220446049250313e-16
15,0.1,0.1,3,1,6,19,two_channel_mean_all_adaptation,132,4.7776363711802174,4.170551662576342,4.474094016878279,4.48437902420404,2.4711317076956996,1.451018753446418,0.0
15,0.1,0.1,3,1,6,19,i2em_actual_angle_plus_offset,132,9.696332244027312,6.876611288713082,8.286471766370198,8.405552980102495,8.789560209613912,5.924202444163747,0.16565946906378237
15,0.1,0.1,3,1,6,19,spm_actual_angle_plus_offset,132,9.568049587367907,6.951394449188157,8.259722018278033,8.362698658164573,8.655815455150655,5.99560299253273,0.14558851709257303
15,0.1,0.1,3,1,6,19,spm_only,132,4.68844464294014,4.234914354761717,4.461679498850929,4.467438458562185,2.230885906389087,1.691264554753032,-0.037474616075480194
15,0.1,0.1,3,1,6,19,spm_to_i2em,132,4.711870958851218,4.214837253150904,4.463354106001061,4.470267385929737,2.2730828080630223,1.6490676530790975,-0.03824401935322008
15,0.1,0.1,3,1,6,19,risk_spm_to_i2em,132,4.209250832056383,4.884274769743435,4.546762800899909,4.559272562236197,0.9932459590806513,2.9289045020614686,-0.0008134587519323944
15,0.2,0.2,6,4,25,38,two_channel_mean,113,4.384466995970041,3.941610060461071,4.163038528215556,4.1689231647680005,1.3953226580261133,-0.14819812231191104,0.0
15,0.2,0.2,6,4,25,38,two_channel_mean_all_adaptation,113,4.353734356298266,3.946803472075451,4.150268914186858,4.155253331169997,1.2955220285515732,0.25085944653468634,0.0
15,0.2,0.2,6,4,25,38,i2em_actual_angle_plus_offset,113,4.484067940522165,3.574407039379977,4.029237489951071,4.054827430260616,1.413587488164749,0.18083367890832402,0.15982109400116074
15,0.2,0.2,6,4,25,38,spm_actual_angle_plus_offset,113,4.4793120354061084,3.6012096339351958,4.040260834670653,4.064046452618479,1.4595508145089033,0.17778897701057159,0.14706082417675892
15,0.2,0.2,6,4,25,38,spm_only,113,4.33378831565131,3.9370181101015644,4.135403212876437,4.140158980289496,1.0925304612951532,0.45385101379110115,-0.043878289891044586
15,0.2,0.2,6,4,25,38,spm_to_i2em,113,4.347674742526197,3.930211941753632,4.138943342139914,4.144203275293279,1.1383712554284722,0.4080102196577825,-0.04592177867131397
15,0.2,0.2,6,4,25,38,risk_spm_to_i2em,113,4.159944448500783,4.2787599719946945,4.219352210247738,4.219770415114815,-0.1278800825253346,1.6742615576115865,-0.0011858983181911587
16,0.05,0.0666666666666666,2,1,6,12,two_channel_mean,132,5.275709816002486,3.8864741347861447,4.581091975394315,4.633454179282811,-3.222521999425322,0.6464605610352978,0.0
16,0.05,0.0666666666666666,2,1,6,12,two_channel_mean_all_adaptation,132,4.290910855741197,3.849402534664669,4.070156695202933,4.076138849806299,-0.9815548614483275,0.3621186690784272,0.0
16,0.05,0.0666666666666666,2,1,6,12,i2em_actual_angle_plus_offset,132,5.511465025351473,3.630845170570928,4.571155097961201,4.666866367185306,-3.2785881512580626,-0.10299394525971135,0.14606580723138263
16,0.05,0.0666666666666666,2,1,6,12,spm_actual_angle_plus_offset,132,5.503799846952074,3.6603266055009613,4.582063226226517,4.6738529937433775,-3.303949570287535,-0.06902221294812899,0.14262431068504722
16,0.05,0.0666666666666666,2,1,6,12,spm_only,132,4.485541856067602,4.198630042536638,4.34208594930212,4.3444550853142445,-1.8133315996989268,1.1938954073290193,-0.5044429641172927
16,0.05,0.0666666666666666,2,1,6,12,spm_to_i2em,132,4.489963702438271,4.244837890501169,4.36740079646972,4.369120206966592,-1.8937705991775728,1.2743344068076647,-0.4669400797028638
16,0.05,0.0666666666666666,2,1,6,12,risk_spm_to_i2em,132,4.433302391656596,3.9401103697874134,4.186706380722005,4.193962316352783,-1.5032717716629354,0.8838355792930245,-0.0013525096965230077
16,0.1,0.1,3,2,13,19,two_channel_mean,125,4.3121280960741,4.171107892766744,4.241617994420422,4.242204012659733,-0.9873023461784816,1.6963151075666587,0.0
16,0.1,0.1,3,2,13,19,two_channel_mean_all_adaptation,125,4.20580784953351,4.003205698343541,4.1045067739385255,4.105756661715834,-0.2629389149889669,1.226784314501961,0.0
16,0.1,0.1,3,2,13,19,i2em_actual_angle_plus_offset,125,4.556317970878989,3.8905754597265654,4.223446715302777,4.236544043178437,-0.8136987094487278,1.3876752347605679,0.1441021059103278
16,0.1,0.1,3,2,13,19,spm_actual_angle_plus_offset,125,4.53252743605508,3.9323282342806753,4.2324278351678775,4.243053752942155,-0.8453494613715836,1.4241880864510954,0.1439142278584682
16,0.1,0.1,3,2,13,19,spm_only,125,4.216460612218402,4.153460201359138,4.18496040678877,4.185078956164595,-0.5035969041827763,1.4674423036957724,-0.26634602733809154
16,0.1,0.1,3,2,13,19,spm_to_i2em,125,4.186650203033146,4.243231986163345,4.214941094598245,4.215036038455497,-0.6496984937581489,1.6135438932711454,-0.2026632813031357
16,0.1,0.1,3,2,13,19,risk_spm_to_i2em,125,4.258228984732775,4.1761559642090775,4.217192474470926,4.217392128070223,-0.7349075884421858,1.6987529879551788,-0.0036453899874944184
16,0.2,0.2,6,5,31,37,two_channel_mean,107,4.458658380145383,3.9402376679067563,4.19944802402607,4.207440280647602,-1.3253782466952324,0.027039119095879218,0.0
16,0.2,0.2,6,5,31,37,two_channel_mean_all_adaptation,107,4.357892465009769,3.9402723600002107,4.14908241250499,4.1543334608316265,-0.9317830662558737,0.031693932413504405,0.0
16,0.2,0.2,6,5,31,37,i2em_actual_angle_plus_offset,107,4.652305358808375,3.8071169875775004,4.229711173192937,4.250769630825594,-0.7844606598771374,0.3941641453643936,0.17691172064852023
16,0.2,0.2,6,5,31,37,spm_actual_angle_plus_offset,107,4.629295380488739,3.842986647870268,4.236141014179504,4.2543461363365545,-0.8612375255641164,0.41909495890972037,0.17789963016933097
16,0.2,0.2,6,5,31,37,spm_only,107,4.382204079015955,3.9157845417654515,4.148994310390703,4.155543356028989,-0.91337535851408,0.013286224671706884,-0.027978236158902714
16,0.2,0.2,6,5,31,37,spm_to_i2em,107,4.382648387969074,3.912639708791356,4.147644048380215,4.15429635337796,-0.9032329866664887,0.0031438528241158645,-0.026891020599270288
16,0.2,0.2,6,5,31,37,risk_spm_to_i2em,107,4.572126691494693,4.0125095727342694,4.292318132114481,4.301428573995061,-1.6646659519810554,0.7645768181386792,-0.000579065767476461
17,0.05,0.0666666666666666,2,2,10,10,two_channel_mean,128,4.242245509813965,3.912621231659948,4.077433370736957,4.08076291077863,-0.019137500071362668,-0.50887296623101,0.0
17,0.05,0.0666666666666666,2,2,10,10,two_channel_mean_all_adaptation,128,4.242245509813965,3.912621231659948,4.077433370736957,4.08076291077863,-0.019137500071359115,-0.50887296623101,0.0
17,0.05,0.0666666666666666,2,2,10,10,i2em_actual_angle_plus_offset,128,4.614266926691866,3.7309551734907505,4.172611050091309,4.195919790544131,1.00529562228018,0.22004979630820987,0.1842205971054104
17,0.05,0.0666666666666666,2,2,10,10,spm_actual_angle_plus_offset,128,4.605327755157825,3.7650349987055147,4.18518137693167,4.2062175570163065,1.0838541462025173,0.2778190838243566,0.1737476543669323
17,0.05,0.0666666666666666,2,2,10,10,spm_only,128,4.2744844663971655,3.87494167524299,4.074713070820078,4.079607238448673,-0.14108379823858047,-0.3869266680637886,-0.03265942149675105
17,0.05,0.0666666666666666,2,2,10,10,spm_to_i2em,128,4.277718065091339,3.874743047518315,4.076230556304827,4.08120726799683,-0.09766731100608873,-0.4303431552962808,-0.03311945811631234
17,0.05,0.0666666666666666,2,2,10,10,risk_spm_to_i2em,128,4.43547058562458,3.9522265594325323,4.193848572528556,4.200803143032578,-1.2902944177772255,0.7622839514748532,-0.0007485600470029663
17,0.1,0.1,3,3,17,17,two_channel_mean,121,4.3061866041482055,3.85095331468056,4.0785699594143825,4.084916431311334,-0.84593709470249,-0.3679522726729937,0.0
17,0.1,0.1,3,3,17,17,two_channel_mean_all_adaptation,121,4.306186604148205,3.85095331468056,4.0785699594143825,4.084916431311334,-0.8459370947024865,-0.3679522726729937,0.0
17,0.1,0.1,3,3,17,17,i2em_actual_angle_plus_offset,121,4.551704297938509,3.7515185395634085,4.151611418750959,4.170845439989348,-0.5011817071757184,-0.29531535809176757,0.18146800899473559
17,0.1,0.1,3,3,17,17,spm_actual_angle_plus_offset,121,4.517042465980152,3.781149127984019,4.149095796982086,4.165378816357665,-0.46625159642515607,-0.26336232964588163,0.17156804365769696
17,0.1,0.1,3,3,17,17,spm_only,121,4.33123499055366,3.8300596586257116,4.080647324589686,4.088334228755549,-0.8409730525019345,-0.3729163148735492,-0.02748921211039268
17,0.1,0.1,3,3,17,17,spm_to_i2em,121,4.328526074279647,3.8304616894125125,4.07949388184608,4.087087883186251,-0.8172200699993185,-0.39666929737616524,-0.02781976063214997
17,0.1,0.1,3,3,17,17,risk_spm_to_i2em,121,4.550440419609824,3.862291070967631,4.2063657452887275,4.220414691075695,-1.694002914306133,0.4801135469306456,-0.0007077676939846178
17,0.2,0.2,6,4,24,37,two_channel_mean,114,4.158062742878565,3.854834962688044,4.006448852783304,4.009316547946605,0.6129304965463195,0.5966611286842789,0.0
17,0.2,0.2,6,4,24,37,two_channel_mean_all_adaptation,114,4.166394863223367,3.81476474918906,3.990579806206213,3.9944509164558237,0.6671163138282278,0.22063998861525427,-2.220446049250313e-16
17,0.2,0.2,6,4,24,37,i2em_actual_angle_plus_offset,114,4.560234437304499,3.817953603825816,4.1890940205651575,4.205502814417345,0.9634625604687078,0.7143377972022461,0.20294250833229044
17,0.2,0.2,6,4,24,37,spm_actual_angle_plus_offset,114,4.533620366377716,3.8568875191435326,4.195253942760624,4.208877223307896,1.0293492825672141,0.754152927527997,0.1972743858172067
17,0.2,0.2,6,4,24,37,spm_only,114,4.14994516575764,3.823549594859675,3.9867473803086577,3.9900862386135714,0.5554910277071681,0.33226527473630885,-0.0022566167978883556
17,0.2,0.2,6,4,24,37,spm_to_i2em,114,4.156022980395521,3.819905950370727,3.987964465383124,3.991504007467195,0.5982742674220615,0.28948203502141506,-0.002198881388112417
17,0.2,0.2,6,4,24,37,risk_spm_to_i2em,114,4.155991406287316,4.088208035685607,4.122099720986462,4.122239046451479,-0.5986793171973382,1.4864356196408148,-0.00011232992976006884
18,0.1,0.1,3,1,7,21,two_channel_mean,131,5.045561382615766,4.585439798350405,4.815500590483086,4.820993041378473,-2.8435351032520297,-2.4677543849915717,0.0
18,0.1,0.1,3,1,7,21,two_channel_mean_all_adaptation,131,4.337625511518878,4.082978679367158,4.2103020954430175,4.212226844220655,-1.201248224082949,-1.3169162678454915,0.0
18,0.1,0.1,3,1,7,21,i2em_actual_angle_plus_offset,131,5.785436734545989,5.0579761144170625,5.421706424481526,5.433893658485032,-3.7486766652683015,-3.5227908381409905,0.18213662106223172
18,0.1,0.1,3,1,7,21,spm_actual_angle_plus_offset,131,5.734564387387267,5.080813412674306,5.407688900030786,5.4175591204665885,-3.702046093649149,-3.5240332471775555,0.17658846704958442
18,0.1,0.1,3,1,7,21,spm_only,131,4.387999911015232,4.0401713854035,4.214085648209366,4.217672820555366,-1.2854827980396926,-1.232681693888752,-0.04503971004950569
18,0.1,0.1,3,1,7,21,spm_to_i2em,131,4.381672915750551,4.047926121485418,4.214799518617984,4.218101671701733,-1.2558792822459732,-1.2622852096824713,-0.049032350234705646
18,0.1,0.1,3,1,7,21,risk_spm_to_i2em,131,4.7703874267323805,3.869140878313132,4.319764152522756,4.34320430888072,-2.318452517037657,-0.19971197489079046,-0.0015287089064619508
18,0.2,0.2,6,3,21,41,two_channel_mean,117,4.13476998766024,3.943192186121244,4.038981086890742,4.040116797045816,-0.958550169109291,-0.7254665712065669,0.0
18,0.2,0.2,6,3,21,41,two_channel_mean_all_adaptation,117,4.023127015100369,3.895875270967068,3.9595011430337186,3.960012317314374,-0.08970259457780497,-0.3941842921569781,0.0
18,0.2,0.2,6,3,21,41,i2em_actual_angle_plus_offset,117,4.48720118916524,3.8011314739677675,4.144166331566503,4.158339512018848,-1.1655768918794458,-0.9614224946913961,0.21767725130221116
18,0.2,0.2,6,3,21,41,spm_actual_angle_plus_offset,117,4.4382743752053235,3.8283814832983585,4.133327929251841,4.144561750732274,-1.1371616039033259,-0.9468986802493901,0.21969059216842768
18,0.2,0.2,6,3,21,41,spm_only,117,4.026458614939295,3.8892919868089355,3.9578753008741154,3.958469472945008,-0.19215293047471615,-0.2917339562600598,-0.007549985900377587
18,0.2,0.2,6,3,21,41,spm_to_i2em,117,4.02516987187753,3.8917249572192483,3.958447414548389,3.95900970194023,-0.15817760710901022,-0.3257092796257655,-0.007318205233325159
18,0.2,0.2,6,3,21,41,risk_spm_to_i2em,117,4.228915186448361,3.9622507466650783,4.095582966556719,4.097752715429614,-1.3062107863883883,0.8223238996536124,-0.00034901489774430416
19,0.05,0.0666666666666666,2,2,13,13,two_channel_mean,125,4.269822789843083,3.8826734413690227,4.076248115606052,4.0808418070893016,-0.7264213310853016,0.3138890784120217,0.0
19,0.05,0.0666666666666666,2,2,13,13,two_channel_mean_all_adaptation,125,4.269822789843083,3.8826734413690223,4.076248115606052,4.0808418070893016,-0.7264213310853016,0.3138890784120251,0.0
19,0.05,0.0666666666666666,2,2,13,13,i2em_actual_angle_plus_offset,125,5.042045371692143,3.95956956220656,4.500807466949351,4.533233539547394,-2.292770345567442,-1.5642582633151578,0.15185995345975511
19,0.05,0.0666666666666666,2,2,13,13,spm_actual_angle_plus_offset,125,5.008138974328017,4.003129432557779,4.505634203442899,4.5335693024367485,-2.2766916836084232,-1.6095526921405072,0.15520643756227548
19,0.05,0.0666666666666666,2,2,13,13,spm_only,125,4.342561210466008,3.9696337247017772,4.156097467583892,4.160278222362881,-1.0230462969879726,0.6105140443146964,-0.28244269544753764
19,0.05,0.0666666666666666,2,2,13,13,spm_to_i2em,125,4.4416042234101845,4.112536441620681,4.277070332515432,4.280233875682103,-1.341104227112623,0.928571974439347,-0.7111897897987636
19,0.05,0.0666666666666666,2,2,13,13,risk_spm_to_i2em,125,4.419973212325964,3.9884370398952,4.2042051261105815,4.209738306527323,-1.3580902281906557,0.9455579755173829,-0.013668608724824782
19,0.1,0.1,3,2,13,19,two_channel_mean,125,4.269822789843083,3.8826734413690227,4.076248115606052,4.0808418070893016,-0.7264213310853016,0.3138890784120217,0.0
19,0.1,0.1,3,2,13,19,two_channel_mean_all_adaptation,125,4.261310420665239,3.9411476198855944,4.101229020275417,4.104352023340593,0.6745871291853351,0.7456660532462716,0.0
19,0.1,0.1,3,2,13,19,i2em_actual_angle_plus_offset,125,5.042045371692143,3.95956956220656,4.500807466949351,4.533233539547394,-2.292770345567442,-1.5642582633151578,0.15185995345975511
19,0.1,0.1,3,2,13,19,spm_actual_angle_plus_offset,125,5.008138974328017,4.003129432557779,4.505634203442899,4.5335693024367485,-2.2766916836084232,-1.6095526921405072,0.15520643756227548
19,0.1,0.1,3,2,13,19,spm_only,125,4.199732900006436,4.222733177079621,4.211233038543028,4.211248740944034,0.06180337666203729,1.358449805769564,-0.5142110015023893
19,0.1,0.1,3,2,13,19,spm_to_i2em,125,4.209665640360224,4.487829335941488,4.348747488150856,4.350970980836719,-0.3662782885662055,1.7865314709978068,-1.0154614629423744
19,0.1,0.1,3,2,13,19,risk_spm_to_i2em,125,4.226375164117841,4.3011602427605515,4.263767703439196,4.2639316634871225,-0.4403893567370819,1.8606425391686856,-0.014209660664616708
19,0.2,0.2,6,3,19,38,two_channel_mean,119,4.251322526145061,3.8979624772138535,4.074642501679457,4.078471202244512,-0.3075947002427473,-0.28990415816874365,0.0
19,0.2,0.2,6,3,19,38,two_channel_mean_all_adaptation,119,4.264893476640567,3.8883225258644725,4.07660800125252,4.080953836558086,0.4584622616969261,0.09478930478399239,0.0
19,0.2,0.2,6,3,19,38,i2em_actual_angle_plus_offset,119,4.523175360050742,3.6882295501767204,4.1057024551137316,4.126872456992519,-0.5103221890284084,-0.5084826497926234,0.13486671261026284
19,0.2,0.2,6,3,19,38,spm_actual_angle_plus_offset,119,4.505449121904498,3.720251171904765,4.1128501469046315,4.131545750208315,-0.5697193290552839,-0.5338783642693518,0.13084709607968992
19,0.2,0.2,6,3,19,38,spm_only,119,4.274446070345834,3.8760047874338253,4.07522542888983,4.080092052914056,0.3490816738363309,0.2041698926445948,-0.022824164557608606
19,0.2,0.2,6,3,19,38,spm_to_i2em,119,4.278455787268066,3.87349273761478,4.075974262441423,4.0810004846827725,0.3854348567864338,0.16781670969449228,-0.023729414139720628
19,0.2,0.2,6,3,19,38,risk_spm_to_i2em,119,4.310433117440538,4.105689451854014,4.208061284647275,4.209306328541168,-0.770503967484201,1.3237555339651295,-0.0007241464685507903
20,0.05,0.0666666666666666,2,1,7,13,two_channel_mean,131,4.313184664762461,3.978639645413973,4.145912155088217,4.149285202321111,0.5465381044371306,0.2218538330833825,0.0
20,0.05,0.0666666666666666,2,1,7,13,two_channel_mean_all_adaptation,131,4.527879009895235,4.009980462494174,4.268929736194705,4.276776334918324,1.4821707983594565,0.5473472433281786,0.0
20,0.05,0.0666666666666666,2,1,7,13,i2em_actual_angle_plus_offset,131,4.53031962548599,3.748967806883013,4.139643716184501,4.158037729873837,0.3254453078095879,0.23974784741803,0.17690445518210052
20,0.05,0.0666666666666666,2,1,7,13,spm_actual_angle_plus_offset,131,4.498589445594332,3.777111180844025,4.137850313219179,4.1535452250137865,0.24382750310349388,0.2176695119461649,0.17051219817109975
20,0.05,0.0666666666666666,2,1,7,13,spm_only,131,4.472888679112037,4.035199592224374,4.254044135668206,4.259669522675226,1.2524593518723144,0.7770586898153208,-0.01481682666399431
20,0.05,0.0666666666666666,2,1,7,13,spm_to_i2em,131,4.493520486616958,4.020780062805854,4.257150274711406,4.263707229460258,1.308243581779328,0.7212744599083075,-0.019262685397616996
20,0.05,0.0666666666666666,2,1,7,13,risk_spm_to_i2em,131,4.279379898539216,4.4670625168465845,4.3732212076929,4.374227923041805,-0.015226150046462198,2.0447441917340976,-0.000611990935851292
20,0.1,0.1,3,2,13,19,two_channel_mean,125,4.436400811691372,3.9384321619773894,4.187416486834381,4.194812275684917,-1.2621919887852335,0.440268756478409,0.0
20,0.1,0.1,3,2,13,19,two_channel_mean_all_adaptation,125,4.254169846458107,3.960009857776031,4.107089852117069,4.109722567047363,-0.09714698704108624,0.6035451574791312,-2.220446049250313e-16
20,0.1,0.1,3,2,13,19,i2em_actual_angle_plus_offset,125,4.733073804131354,3.7070650374085266,4.22006942076994,4.251136249694375,-1.4142821344830716,0.08509389011485717,0.14711457859533206
20,0.1,0.1,3,2,13,19,spm_actual_angle_plus_offset,125,4.722922526385212,3.7385272517522234,4.230724889068718,4.259259513244697,-1.4727004549672753,0.0891922152613632,0.14386637318183393
20,0.1,0.1,3,2,13,19,spm_only,125,4.267097212402044,3.9472940951673787,4.107195653784712,4.110307123186329,-0.08355118178093597,0.5899493522189879,-0.015159515688453862
20,0.1,0.1,3,2,13,19,spm_to_i2em,125,4.270021269315262,3.9419950986254095,4.106008183970336,4.109282601500624,-0.06575775844234458,0.5721559288803965,-0.018638045192868047
20,0.1,0.1,3,2,13,19,risk_spm_to_i2em,125,4.345325698021977,4.153869082296485,4.249597390159231,4.250675462485276,-0.8872185202825902,1.3936166907206422,-0.0006562063335220358
20,0.2,0.2,6,4,27,40,two_channel_mean,111,4.696110347636355,3.865100329112598,4.280605338374476,4.300723947853638,-1.9904621464286771,0.4125323350736633,0.0
20,0.2,0.2,6,4,27,40,two_channel_mean_all_adaptation,111,4.368432057869147,3.8501901376151464,4.109311097742147,4.117472692077496,-0.9958342248622902,0.23483285367246473,0.0
20,0.2,0.2,6,4,27,40,i2em_actual_angle_plus_offset,111,5.373077348526228,3.8036299712163464,4.588353659871287,4.654973745961459,-2.982242065247041,-0.7853116840486919,0.1433229613549447
20,0.2,0.2,6,4,27,40,spm_actual_angle_plus_offset,111,5.3576095077035015,3.840655447075522,4.599132477389512,4.6612559412772985,-3.0055967588401846,-0.8046523912092356,0.1258257791562073
20,0.2,0.2,6,4,27,40,spm_only,111,4.381288493636433,3.834332799244903,4.107810646440668,4.116903987211522,-0.9769367898779676,0.21593541868813498,-0.023257302721343853
20,0.2,0.2,6,4,27,40,spm_to_i2em,111,4.381668463670584,3.831532550433608,4.106600507052097,4.11580248618405,-0.9672828913253295,0.2062815201354969,-0.026263135669532423
20,0.2,0.2,6,4,27,40,risk_spm_to_i2em,111,4.574126785681358,3.9507158847380923,4.262421335209725,4.273803449704347,-1.6804207208133832,0.9194193496235467,-0.0008398579632780123
