scenario,noise_db,size,method,rmse_db,centered_rmse_db,common_skill,differential_skill
gain,0.0,8,adaptation_mean,3.3451563689306263,3.1679370022481668,-2.0539125955565397e-16,2.331468351712829e-16
gain,0.0,8,offset_calibrated,1.1180291023799254,1.05872391811732,0.9970251284582007,0.01193405226012299
gain,0.0,8,oracle_reference,0.0,5.329070518200751e-15,1.0,1.0
gain,0.0,8,unadapted,1.0595820052507252,1.05872391811732,0.9970251284582007,0.011934052260122785
gain,0.0,16,adaptation_mean,3.305072050862381,3.1679370022481663,-1.942890293094024e-16,2.220446049250313e-16
gain,0.0,16,offset_calibrated,1.1048201015173071,1.05872391811732,0.9970251284582007,0.011934052260123073
gain,0.0,16,oracle_reference,0.0,5.329070518200751e-15,1.0,1.0
gain,0.0,16,unadapted,1.0595820052507252,1.05872391811732,0.9970251284582007,0.011934052260122785
gain,0.0,32,adaptation_mean,3.2322891944557313,3.1679370022481663,-1.2212453270876723e-16,2.55351295663786e-16
gain,0.0,32,offset_calibrated,1.0801840416089652,1.05872391811732,0.9970251284582007,0.011934052260123085
gain,0.0,32,oracle_reference,0.0,5.329070518200751e-15,1.0,1.0
gain,0.0,32,unadapted,1.0595820052507252,1.05872391811732,0.9970251284582007,0.011934052260122785
gain,0.0,64,adaptation_mean,3.1938635449009114,3.1679370022481668,-2.55351295663786e-16,3.6637359812630164e-16
gain,0.0,64,offset_calibrated,1.0673486870019713,1.05872391811732,0.9970251284582007,0.011934052260122962
gain,0.0,64,oracle_reference,0.0,5.329070518200751e-15,1.0,1.0
gain,0.0,64,unadapted,1.0595820052507252,1.05872391811732,0.9970251284582007,0.011934052260122785
gain,0.1,8,adaptation_mean,3.347122709964888,3.1705884869378744,-4.9960036108132046e-17,-1.1102230246251566e-17
gain,0.1,8,offset_calibrated,1.1248168454571867,1.0631235969042954,0.9964586516870029,0.012454915347749423
gain,0.1,8,oracle_reference,0.10054168407168554,0.10004315109421065,0.999505079949011,0.995463010240473
gain,0.1,8,unadapted,1.0640046180407465,1.0631235969042954,0.9964586516870029,0.012454915347749246
gain,0.1,16,adaptation_mean,3.3069624483469,3.170588486937875,-2.1094237467877973e-16,4.9960036108132046e-17
gain,0.1,16,offset_calibrated,1.1111040403072083,1.0631235969042954,0.9964586516870029,0.012454915347749219
gain,0.1,16,oracle_reference,0.10054168407168554,0.10004315109421065,0.999505079949011,0.995463010240473
gain,0.1,16,unadapted,1.0640046180407465,1.0631235969042954,0.9964586516870029,0.012454915347749246
gain,0.1,32,adaptation_mean,3.2347244953482113,3.1705884869378744,1.6653345369377347e-17,-9.43689570931383e-17
gain,0.1,32,offset_calibrated,1.085259010041166,1.0631235969042954,0.9964586516870029,0.012454915347749345
gain,0.1,32,oracle_reference,0.10054168407168554,0.10004315109421065,0.999505079949011,0.995463010240473
gain,0.1,32,unadapted,1.0640046180407465,1.0631235969042954,0.9964586516870029,0.012454915347749246
gain,0.1,64,adaptation_mean,3.196795533877146,3.1705884869378744,-7.771561172376095e-17,1.2212453270876723e-16
gain,0.1,64,offset_calibrated,1.0720950248704535,1.0631235969042954,0.9964586516870029,0.012454915347749358
gain,0.1,64,oracle_reference,0.10054168407168554,0.10004315109421065,0.999505079949011,0.995463010240473
gain,0.1,64,unadapted,1.0640046180407465,1.0631235969042954,0.9964586516870029,0.012454915347749246
gain,0.5,8,adaptation_mean,3.393110124481042,3.215957734362533,-1.6653345369377347e-17,4.9960036108132046e-17
gain,0.5,8,offset_calibrated,1.2476056270439109,1.1704284378461645,0.9845193401099314,0.013134038307426288
gain,0.5,8,oracle_reference,0.5027084203584278,0.5002157554710533,0.987798429160733,0.8974843247154679
gain,0.5,8,unadapted,1.1722016426927768,1.1704284378461645,0.9845193401099314,0.013134038307426377
gain,0.5,16,adaptation_mean,3.3501990873606466,3.215957734362533,-3.8857805861880476e-17,-3.3306690738754695e-17
gain,0.5,16,offset_calibrated,1.2274506939940317,1.1704284378461645,0.9845193401099314,0.01313403830742652
gain,0.5,16,oracle_reference,0.5027084203584278,0.5002157554710533,0.987798429160733,0.8974843247154679
gain,0.5,16,unadapted,1.1722016426927768,1.1704284378461645,0.9845193401099314,0.013134038307426377
gain,0.5,32,adaptation_mean,3.280075574090535,3.215957734362534,-1.1102230246251566e-17,-6.661338147750939e-17
gain,0.5,32,offset_calibrated,1.196954794516516,1.1704284378461645,0.9845193401099314,0.01313403830742641
gain,0.5,32,oracle_reference,0.5027084203584278,0.5002157554710533,0.987798429160733,0.8974843247154679
gain,0.5,32,unadapted,1.1722016426927768,1.1704284378461645,0.9845193401099314,0.013134038307426377
gain,0.5,64,adaptation_mean,3.243774450440571,3.215957734362534,-8.326672684688674e-17,1.1102230246251566e-17
gain,0.5,64,offset_calibrated,1.1820001195406582,1.1704284378461645,0.9845193401099314,0.013134038307426566
gain,0.5,64,oracle_reference,0.5027084203584278,0.5002157554710533,0.987798429160733,0.8974843247154679
gain,0.5,64,unadapted,1.1722016426927768,1.1704284378461645,0.9845193401099314,0.013134038307426377
none,0.0,8,adaptation_mean,3.2007481055206086,3.030807446123623,3.4416913763379854e-16,3.774758283725532e-16
none,0.0,8,offset_calibrated,0.0,7.105427357601002e-15,1.0,1.0
none,0.0,8,oracle_reference,0.0,0.0,1.0,1.0
none,0.0,8,unadapted,0.0,7.105427357601002e-15,1.0,1.0
none,0.0,16,adaptation_mean,3.1633347569705483,3.030807446123623,1.9984014443252818e-16,2.886579864025407e-16
none,0.0,16,offset_calibrated,0.0,7.105427357601002e-15,1.0,1.0
none,0.0,16,oracle_reference,0.0,0.0,1.0,1.0
none,0.0,16,unadapted,0.0,7.105427357601002e-15,1.0,1.0
none,0.0,32,adaptation_mean,3.092142212005018,3.030807446123623,1.7208456881689927e-16,4.274358644806853e-16
none,0.0,32,offset_calibrated,0.0,7.105427357601002e-15,1.0,1.0
none,0.0,32,oracle_reference,0.0,0.0,1.0,1.0
none,0.0,32,unadapted,0.0,7.105427357601002e-15,1.0,1.0
none,0.0,64,adaptation_mean,3.0554123315092037,3.030807446123623,3.3306690738754696e-16,3.9968028886505636e-16
none,0.0,64,offset_calibrated,0.0,7.105427357601002e-15,1.0,1.0
none,0.0,64,oracle_reference,0.0,0.0,1.0,1.0
none,0.0,64,unadapted,0.0,7.105427357601002e-15,1.0,1.0
none,0.1,8,adaptation_mean,3.2025778943637397,3.0333407822835396,9.992007221626409e-17,3.3306690738754695e-17
none,0.1,8,offset_calibrated,0.10706183920329049,0.10004315109421066,0.9994587371502537,0.947448296899079
none,0.1,8,oracle_reference,0.10054168407168555,0.10004315109421065,0.9994587371502537,0.9474482968990792
none,0.1,8,unadapted,0.10054168407168555,0.10004315109421065,0.9994587371502537,0.9474482968990792
none,0.1,16,adaptation_mean,3.165104924920312,3.0333407822835396,-3.3306690738754695e-17,6.661338147750939e-17
none,0.1,16,offset_calibrated,0.10373662763039124,0.10004315109421065,0.9994587371502537,0.9474482968990792
none,0.1,16,oracle_reference,0.10054168407168555,0.10004315109421065,0.9994587371502537,0.9474482968990792
none,0.1,16,unadapted,0.10054168407168555,0.10004315109421065,0.9994587371502537,0.9474482968990792
none,0.1,32,adaptation_mean,3.0944534164720627,3.0333407822835396,4.4408920985006264e-17,-6.661338147750939e-17
none,0.1,32,offset_calibrated,0.10228232454184145,0.10004315109421066,0.9994587371502537,0.947448296899079
none,0.1,32,oracle_reference,0.10054168407168555,0.10004315109421065,0.9994587371502537,0.9474482968990792
none,0.1,32,unadapted,0.10054168407168555,0.10004315109421065,0.9994587371502537,0.9474482968990792
none,0.1,64,adaptation_mean,3.0582249351803923,3.0333407822835396,4.9960036108132046e-17,8.326672684688674e-17
none,0.1,64,offset_calibrated,0.10123462627187138,0.10004315109421065,0.9994587371502537,0.9474482968990792
none,0.1,64,oracle_reference,0.10054168407168555,0.10004315109421065,0.9994587371502537,0.9474482968990792
none,0.1,64,unadapted,0.10054168407168555,0.10004315109421065,0.9994587371502537,0.9474482968990792
none,0.5,8,adaptation_mean,3.245327254453052,3.0760456053728813,7.216449660063518e-17,-1.3877787807814457e-16
none,0.5,8,offset_calibrated,0.5353091960164521,0.5002157554710533,0.9866685864256055,0.42225720569222186
none,0.5,8,oracle_reference,0.5027084203584278,0.5002157554710533,0.9866685864256055,0.42225720569222175
none,0.5,8,unadapted,0.5027084203584278,0.5002157554710533,0.9866685864256055,0.42225720569222175
none,0.5,16,adaptation_mean,3.2055487260201474,3.0760456053728813,-5.551115123125783e-18,-1.3322676295501878e-16
none,0.5,16,offset_calibrated,0.5186831381519563,0.5002157554710533,0.9866685864256055,0.42225720569222175
none,0.5,16,oracle_reference,0.5027084203584278,0.5002157554710533,0.9866685864256055,0.42225720569222175
none,0.5,16,unadapted,0.5027084203584278,0.5002157554710533,0.9866685864256055,0.42225720569222175
none,0.5,32,adaptation_mean,3.136973932476649,3.0760456053728813,-4.9960036108132046e-17,-1.554312234475219e-16
none,0.5,32,offset_calibrated,0.5114116227092069,0.5002157554710533,0.9866685864256055,0.42225720569222175
none,0.5,32,oracle_reference,0.5027084203584278,0.5002157554710533,0.9866685864256055,0.42225720569222175
none,0.5,32,unadapted,0.5027084203584278,0.5002157554710533,0.9866685864256055,0.42225720569222175
none,0.5,64,adaptation_mean,3.1025065881225014,3.0760456053728813,-8.326672684688674e-17,-1.6653345369377348e-16
none,0.5,64,offset_calibrated,0.506173131359357,0.5002157554710533,0.9866685864256055,0.42225720569222175
none,0.5,64,oracle_reference,0.5027084203584278,0.5002157554710533,0.9866685864256055,0.42225720569222175
none,0.5,64,unadapted,0.5027084203584278,0.5002157554710533,0.9866685864256055,0.42225720569222175
nonlinear,0.0,8,adaptation_mean,3.2059300411553373,3.0354791632829037,2.997602166487923e-16,-9.43689570931383e-17
nonlinear,0.0,8,offset_calibrated,0.6799232890891059,0.6459112590338728,1.0,-1.396041156261488
nonlinear,0.0,8,oracle_reference,0.0,0.0,1.0,1.0
nonlinear,0.0,8,unadapted,0.6468806057975036,0.6459112590338729,1.0,-1.396041156261488
nonlinear,0.0,16,adaptation_mean,3.168719612922218,3.0354791632829037,2.7755575615628914e-16,-1.0547118733938987e-16
nonlinear,0.0,16,offset_calibrated,0.6640067168362596,0.6459112590338728,1.0,-1.396041156261488
nonlinear,0.0,16,oracle_reference,0.0,0.0,1.0,1.0
nonlinear,0.0,16,unadapted,0.6468806057975036,0.6459112590338729,1.0,-1.396041156261488
nonlinear,0.0,32,adaptation_mean,3.0965220044524657,3.035479163282904,2.55351295663786e-16,-1.609823385706477e-16
nonlinear,0.0,32,offset_calibrated,0.6549239083881513,0.6459112590338728,1.0,-1.396041156261488
nonlinear,0.0,32,oracle_reference,0.0,0.0,1.0,1.0
nonlinear,0.0,32,unadapted,0.6468806057975036,0.6459112590338729,1.0,-1.396041156261488
nonlinear,0.0,64,adaptation_mean,3.0598102964742813,3.0354791632829037,2.886579864025407e-16,-2.1649348980190552e-16
nonlinear,0.0,64,offset_calibrated,0.6533775475580088,0.6459112590338728,1.0,-1.396041156261488
nonlinear,0.0,64,oracle_reference,0.0,0.0,1.0,1.0
nonlinear,0.0,64,unadapted,0.6468806057975036,0.6459112590338729,1.0,-1.396041156261488
nonlinear,0.1,8,adaptation_mean,3.2076191598051507,3.03794059000788,6.106226635438361e-17,1.6653345369377347e-17
nonlinear,0.1,8,offset_calibrated,0.6885892685395245,0.6528743835465816,0.9994587371502537,-1.3550842115626573
nonlinear,0.1,8,oracle_reference,0.10054168407168554,0.10004315109421065,0.9994587371502537,0.9713626075611195
nonlinear,0.1,8,unadapted,0.6539401752969299,0.6528743835465816,0.9994587371502537,-1.3550842115626573
nonlinear,0.1,16,adaptation_mean,3.1702306847084833,3.03794059000788,4.4408920985006264e-17,1.6653345369377347e-17
nonlinear,0.1,16,offset_calibrated,0.6714830799250779,0.6528743835465816,0.9994587371502537,-1.3550842115626571
nonlinear,0.1,16,oracle_reference,0.10054168407168554,0.10004315109421065,0.9994587371502537,0.9713626075611195
nonlinear,0.1,16,unadapted,0.6539401752969299,0.6528743835465816,0.9994587371502537,-1.3550842115626573
nonlinear,0.1,32,adaptation_mean,3.098727560500838,3.03794059000788,3.3306690738754695e-17,2.7755575615628914e-17
nonlinear,0.1,32,offset_calibrated,0.6622362655774275,0.6528743835465816,0.9994587371502537,-1.3550842115626573
nonlinear,0.1,32,oracle_reference,0.10054168407168554,0.10004315109421065,0.9994587371502537,0.9713626075611195
nonlinear,0.1,32,unadapted,0.6539401752969299,0.6528743835465816,0.9994587371502537,-1.3550842115626573
nonlinear,0.1,64,adaptation_mean,3.0625794358393734,3.0379405900078806,1.3322676295501878e-16,3.8857805861880476e-17
nonlinear,0.1,64,offset_calibrated,0.6606533884059436,0.6528743835465816,0.9994587371502537,-1.355084211562657
nonlinear,0.1,64,oracle_reference,0.10054168407168554,0.10004315109421065,0.9994587371502537,0.9713626075611195
nonlinear,0.1,64,unadapted,0.6539401752969299,0.6528743835465816,0.9994587371502537,-1.3550842115626573
nonlinear,0.5,8,adaptation_mean,3.250116716672018,3.0805222246907285,7.216449660063518e-17,1.6653345369377347e-17
nonlinear,0.5,8,offset_calibrated,0.866245824038341,0.8138603992682629,0.9866685864256055,-0.7994768307938519
nonlinear,0.5,8,oracle_reference,0.5027084203584278,0.5002157554710533,0.9866685864256055,0.573394744954556
nonlinear,0.5,8,unadapted,0.8162654096551375,0.8138603992682629,0.9866685864256055,-0.7994768307938519
nonlinear,0.5,16,adaptation_mean,3.209839485209634,3.0805222246907285,0.0,6.106226635438361e-17
nonlinear,0.5,16,offset_calibrated,0.8400718305816252,0.8138603992682629,0.9866685864256055,-0.799476830793852
nonlinear,0.5,16,oracle_reference,0.5027084203584278,0.5002157554710533,0.9866685864256055,0.573394744954556
nonlinear,0.5,16,unadapted,0.8162654096551375,0.8138603992682629,0.9866685864256055,-0.7994768307938519
nonlinear,0.5,32,adaptation_mean,3.1410304301680303,3.080522224690729,-3.3306690738754695e-17,1.2212453270876723e-16
nonlinear,0.5,32,offset_calibrated,0.8282271885420819,0.8138603992682629,0.9866685864256055,-0.7994768307938518
nonlinear,0.5,32,oracle_reference,0.5027084203584278,0.5002157554710533,0.9866685864256055,0.573394744954556
nonlinear,0.5,32,unadapted,0.8162654096551375,0.8138603992682629,0.9866685864256055,-0.7994768307938519
nonlinear,0.5,64,adaptation_mean,3.106861702255595,3.080522224690729,-5.551115123125783e-18,3.3306690738754695e-17
nonlinear,0.5,64,offset_calibrated,0.8242626089816941,0.8138603992682629,0.9866685864256055,-0.7994768307938518
nonlinear,0.5,64,oracle_reference,0.5027084203584278,0.5002157554710533,0.9866685864256055,0.573394744954556
nonlinear,0.5,64,unadapted,0.8162654096551375,0.8138603992682629,0.9866685864256055,-0.7994768307938519
offset,0.0,8,adaptation_mean,3.2007481055206086,3.030807446123623,-2.331468351712829e-16,2.1649348980190552e-16
offset,0.0,8,offset_calibrated,6.930723425301638e-17,7.116244356701993e-15,1.0,1.0
offset,0.0,8,oracle_reference,0.0,7.105427357601002e-15,1.0,1.0
offset,0.0,8,unadapted,1.5,7.129549699527932e-15,1.0,1.0
offset,0.0,16,adaptation_mean,3.1633347569705483,3.030807446123623,-1.1102230246251565e-16,2.831068712794149e-16
offset,0.0,16,offset_calibrated,1.0530777776727808e-16,7.129151219645172e-15,1.0,1.0
offset,0.0,16,oracle_reference,0.0,7.105427357601002e-15,1.0,1.0
offset,0.0,16,unadapted,1.5,7.129549699527932e-15,1.0,1.0
offset,0.0,32,adaptation_mean,3.092142212005018,3.030807446123623,-1.554312234475219e-16,2.2759572004815707e-16
offset,0.0,32,offset_calibrated,1.570092458683775e-17,7.10949743815515e-15,1.0,1.0
offset,0.0,32,oracle_reference,0.0,7.105427357601002e-15,1.0,1.0
offset,0.0,32,unadapted,1.5,7.129549699527932e-15,1.0,1.0
offset,0.0,64,adaptation_mean,3.0554123315092037,3.0308074461236227,-1.2212453270876723e-16,2.831068712794149e-16
offset,0.0,64,offset_calibrated,0.0,7.105427357601002e-15,1.0,1.0
offset,0.0,64,oracle_reference,0.0,7.105427357601002e-15,1.0,1.0
offset,0.0,64,unadapted,1.5,7.129549699527932e-15,1.0,1.0
offset,0.1,8,adaptation_mean,3.2025778943637406,3.0333407822835396,3.164135620181696e-16,-1.6653345369377347e-17
offset,0.1,8,offset_calibrated,0.10706183920329049,0.10004315109421066,0.9994587371502537,0.9474482968990792
offset,0.1,8,oracle_reference,0.10054168407168555,0.10004315109421066,0.9994587371502537,0.9474482968990792
offset,0.1,8,unadapted,1.5036533542350417,0.10004315109421066,0.9994587371502537,0.9474482968990792
offset,0.1,16,adaptation_mean,3.165104924920312,3.0333407822835396,1.6653345369377347e-17,-1.1102230246251566e-17
offset,0.1,16,offset_calibrated,0.10373662763039124,0.10004315109421066,0.9994587371502537,0.9474482968990792
offset,0.1,16,oracle_reference,0.10054168407168555,0.10004315109421066,0.9994587371502537,0.9474482968990792
offset,0.1,16,unadapted,1.5036533542350417,0.10004315109421066,0.9994587371502537,0.9474482968990792
offset,0.1,32,adaptation_mean,3.0944534164720627,3.0333407822835396,1.3877787807814457e-16,-5.551115123125783e-18
offset,0.1,32,offset_calibrated,0.10228232454184145,0.10004315109421066,0.9994587371502537,0.947448296899079
offset,0.1,32,oracle_reference,0.10054168407168555,0.10004315109421066,0.9994587371502537,0.9474482968990792
offset,0.1,32,unadapted,1.5036533542350417,0.10004315109421066,0.9994587371502537,0.9474482968990792
offset,0.1,64,adaptation_mean,3.0582249351803923,3.0333407822835396,8.326672684688674e-17,-1.609823385706477e-16
offset,0.1,64,offset_calibrated,0.10123462627187145,0.10004315109421065,0.9994587371502537,0.9474482968990792
offset,0.1,64,oracle_reference,0.10054168407168555,0.10004315109421066,0.9994587371502537,0.9474482968990792
offset,0.1,64,unadapted,1.5036533542350417,0.10004315109421066,0.9994587371502537,0.9474482968990792
offset,0.5,8,adaptation_mean,3.245327254453052,3.0760456053728813,-8.326672684688674e-17,3.3306690738754695e-17
offset,0.5,8,offset_calibrated,0.5353091960164521,0.5002157554710533,0.9866685864256055,0.42225720569222175
offset,0.5,8,oracle_reference,0.5027084203584278,0.5002157554710533,0.9866685864256055,0.42225720569222186
offset,0.5,8,unadapted,1.5900125231407887,0.5002157554710533,0.9866685864256055,0.42225720569222186
offset,0.5,16,adaptation_mean,3.2055487260201474,3.0760456053728813,0.0,1.1657341758564144e-16
offset,0.5,16,offset_calibrated,0.5186831381519563,0.5002157554710533,0.9866685864256055,0.42225720569222186
offset,0.5,16,oracle_reference,0.5027084203584278,0.5002157554710533,0.9866685864256055,0.42225720569222186
offset,0.5,16,unadapted,1.5900125231407887,0.5002157554710533,0.9866685864256055,0.42225720569222186
offset,0.5,32,adaptation_mean,3.136973932476649,3.0760456053728813,8.881784197001253e-17,-3.8857805861880476e-17
offset,0.5,32,offset_calibrated,0.5114116227092069,0.5002157554710533,0.9866685864256055,0.42225720569222186
offset,0.5,32,oracle_reference,0.5027084203584278,0.5002157554710533,0.9866685864256055,0.42225720569222186
offset,0.5,32,unadapted,1.5900125231407887,0.5002157554710533,0.9866685864256055,0.42225720569222186
offset,0.5,64,adaptation_mean,3.1025065881225014,3.0760456053728813,-2.2204460492503132e-17,9.992007221626409e-17
offset,0.5,64,offset_calibrated,0.5061731313593572,0.5002157554710533,0.9866685864256055,0.42225720569222175
offset,0.5,64,oracle_reference,0.5027084203584278,0.5002157554710533,0.9866685864256055,0.42225720569222186
offset,0.5,64,unadapted,1.5900125231407887,0.5002157554710533,0.9866685864256055,0.42225720569222186
