request_id,i2em_hh_db,i2em_vv_db
train_00000,-22.918043502304,-17.7535448502936
train_00001,-27.71883766948,-23.0205337268368
train_00002,-21.580970298539,-16.3468664252198
train_00003,-21.4323277758714,-15.8585575995414
train_00004,-26.7118974976623,-21.9955665582611
train_00005,-18.7965682472065,-14.5736935971474
train_00006,-24.8690853473098,-18.967107797861
train_00007,-19.5559937420924,-14.2335756473884
train_00008,-21.3351868176471,-17.6256077889341
train_00009,-22.8814613062285,-17.4640912331599
train_00010,-19.7411543640589,-14.7446356393042
train_00011,-20.0825856742778,-14.580357004717
train_00012,-21.4233283255439,-16.7196072181426
train_00013,-16.6747270749715,-11.8230464568046
train_00014,-18.9242503706724,-14.1959168763433
train_00015,-19.4220068608183,-14.858809186198
train_00016,-21.6193025381678,-16.078854398282
train_00017,-27.3476303288755,-22.0574120259423
train_00018,-19.48601043818,-14.1637242853948
train_00019,-17.1581991969542,-11.3859794981783
train_00020,-20.9073174629722,-16.029017549712
train_00021,-23.7431573550343,-17.6615394619935
train_00022,-18.7227932796831,-13.4118004981439
train_00023,-24.119370770633,-19.5015294612056
train_00024,-17.46678758186,-12.8689630472636
train_00025,-22.1395375359386,-16.2625998069314
train_00026,-19.6210338473803,-14.3233747219996
train_00027,-21.6764908453021,-16.9051707110327
train_00028,-21.7182325512433,-18.1672849675524
train_00029,-17.7247120577901,-13.2094441013988
train_00030,-19.431135517663,-14.0110441419146
train_00031,-25.498697378195,-20.3959321584873
train_00032,-22.0152866483574,-16.3991645432879
train_00033,-19.4769568379182,-14.3255298253871
train_00034,-21.9230501624492,-17.0893362192966
train_00035,-23.62324514367,-17.7749269046974
train_00036,-28.2938662585784,-23.8431917309728
train_00037,-21.5780363339352,-16.8166463595786
train_00038,-22.3173933057888,-18.1161983702522
train_00039,-23.8365198486342,-18.0081932936467
train_00040,-24.4116718047727,-18.7678025626961
train_00041,-16.53381160902,-10.733852725547
train_00042,-26.3038117830479,-20.4549258339515
train_00043,-24.8518835270194,-21.0417642030162
train_00044,-20.8651176079409,-15.2982548326667
train_00045,-27.2743721363573,-21.5788492311829
train_00046,-21.680029515579,-16.6285484976697
train_00047,-25.5851311816783,-19.4970762829039
train_00048,-22.6312885334821,-16.99308443046
train_00049,-21.0696194823126,-15.5317632584106
train_00050,-28.5089684858262,-24.27400384528
train_00051,-19.3295793941692,-13.8739880042198
train_00052,-23.4277888847594,-17.3084333155832
train_00053,-18.2055058310614,-12.5422754426171
train_00054,-25.0385053257171,-21.0454997242683
train_00055,-17.9471812790164,-12.8800931105025
train_00056,-18.2308255551657,-12.9176966814754
train_00057,-21.3533898862836,-16.3762045238958
train_00058,-19.440518300441,-13.6324690684997
train_00059,-19.6945960708946,-15.0426684287297
train_00060,-17.9362139426359,-12.0949280103151
train_00061,-17.6182790676347,-12.6388125447349
train_00062,-22.1565362648759,-18.4993839867916
train_00063,-19.7841284832871,-14.2440008546534
train_00064,-23.7723364981793,-18.9891810623937
train_00065,-24.9135019555416,-19.3917168972661
train_00066,-19.3552771389421,-13.5523861033866
train_00067,-20.9021490373825,-15.1342545885778
train_00068,-27.6262461625827,-22.8664158714741
train_00069,-20.255970262163,-15.7923610481174
train_00070,-25.2097051594632,-21.4481503779507
train_00071,-20.5218586834927,-14.7032450698049
train_00072,-27.1084830178719,-22.897471224603
train_00073,-19.2831124819857,-15.1142907850466
train_00074,-19.3035488150105,-14.8195558606796
train_00075,-16.5293646279564,-11.3444142036305
train_00076,-21.5890284049151,-16.3233159085341
train_00077,-21.3116686833123,-17.4837769005544
train_00078,-19.6345910541718,-15.3843906746132
train_00079,-20.9812645667971,-16.1802237054702
train_00080,-27.1599557903191,-22.5167715622492
train_00081,-18.9868163309536,-14.7382532028786
train_00082,-20.0900946813427,-14.5405403811901
train_00083,-19.509111123543,-13.5886582303302
train_00084,-23.6225144578041,-17.5387466287597
train_00085,-23.1144046486225,-18.267518819913
train_00086,-22.4737601143885,-17.9301636104048
train_00087,-20.3017584393491,-15.3674335398949
train_00088,-24.3280423547832,-18.5061675026182
train_00089,-26.304470093348,-22.1820125576386
train_00090,-23.4807376944006,-17.8341127359144
train_00091,-22.060949508023,-16.3702934697497
train_00092,-19.0920882114365,-13.7861662090028
train_00093,-16.5109389254763,-11.3609641751374
train_00094,-17.2076841168931,-11.9975188105013
train_00095,-19.0845004641659,-14.4412513860984
train_00096,-17.966731288277,-12.948807702174
train_00097,-19.6528397234098,-15.0789116979796
train_00098,-26.359627554301,-22.4471150580023
train_00099,-26.1219620776403,-20.9872793216215
train_00100,-23.1445762268643,-17.4268600114788
train_00101,-19.1580843926953,-13.8132440958646
train_00102,-19.7075385735993,-14.2879977853268
train_00103,-20.4606723514191,-16.0415774409161
train_00104,-22.1830356405823,-17.8220928386463
train_00105,-20.3487606491796,-15.998337201392
train_00106,-21.7965432223314,-16.7226968411148
train_00107,-20.7479684474525,-15.9901858209274
train_00108,-19.7403725234437,-14.549547984215
train_00109,-30.5212122123941,-26.3190037394046
train_00110,-22.3381819751892,-16.5488074348685
train_00111,-18.8569027709471,-13.7475003631797
train_00112,-20.3385032063722,-14.7055489770204
train_00113,-23.5992665473486,-17.6633493443137
train_00114,-19.3974270058174,-14.1880819485342
train_00115,-23.0317994505942,-18.4535579966034
train_00116,-19.5442445221193,-13.8398093233344
train_00117,-24.3043264896592,-18.9682321871994
train_00118,-17.2238453557352,-11.9197695005981
train_00119,-20.4252538942109,-15.5639731719206
train_00120,-20.4750213425657,-15.1656312008966
train_00121,-16.9149372269538,-11.8456152199894
train_00122,-18.3108493319774,-13.2321414384981
train_00123,-17.8904085379116,-13.2428101982415
train_00124,-18.8789146498056,-13.580623202974
train_00125,-19.2532734523386,-13.5033920792094
train_00126,-22.8170596829892,-16.8427194029088
train_00127,-21.8035875591973,-18.4332617921582
train_00128,-18.9985349448763,-13.6598218438824
train_00129,-22.5392082552045,-17.5972632319103
train_00130,-22.6356308421028,-16.8412069120429
train_00131,-25.1350538598072,-20.8632960582162
train_00132,-20.3551782412946,-15.3378793385832
train_00133,-20.2255205638127,-15.247315562196
train_00134,-22.9500457653375,-19.3797592853422
train_00135,-18.5051756174808,-13.7338515440474
train_00136,-18.5314177311578,-12.9146745136397
train_00137,-19.9278569204627,-14.6821348657285
train_00138,-22.830592027562,-17.4397860878428
train_00139,-25.1214124711045,-20.7809609211011
train_00140,-21.2203083676132,-15.9403009904157
train_00141,-17.6484942140653,-12.1336974123488
train_00142,-22.2408842436448,-17.4311626934262
train_00143,-17.9919135477425,-13.6174718058264
train_00144,-29.9212118484858,-25.436440452857
train_00145,-19.3523917860363,-14.9766113808113
train_00146,-24.6499005384911,-19.9063335347037
train_00147,-24.4598270319331,-18.6867473006271
train_00148,-23.3064821296102,-19.0304445419313
train_00149,-28.7789895220436,-24.0593652486814
train_00150,-17.3250025115028,-12.0242295238095
train_00151,-22.1873005989036,-16.1292153085563
train_00152,-20.2711258100549,-14.856441800462
train_00153,-17.7910899514967,-12.7656226609161
train_00154,-25.268924731579,-21.3504284512293
train_00155,-20.3476058377205,-14.6392131054825
train_00156,-19.1794911763314,-14.3242969161208
train_00157,-20.2664652460121,-16.4837707437631
train_00158,-23.0748314558088,-17.2516665535149
train_00159,-19.0896285479896,-14.8216872692298
train_00160,-26.4517881234378,-20.5065938400489
train_00161,-21.2379776751252,-15.9746708146509
train_00162,-22.9144024260518,-18.5335298075741
train_00163,-23.8780647538011,-17.8084157571042
train_00164,-21.9768885406965,-15.7624479687721
train_00165,-19.8373885536351,-14.1079945816219
train_00166,-20.7329049380986,-16.7554669305445
train_00167,-24.1286670378269,-18.2959352513019
train_00168,-18.3191775407419,-13.3398769370833
train_00169,-27.2983474313659,-23.3879525096243
train_00170,-18.6362949689793,-13.6714780189844
train_00171,-22.5754776111871,-17.8779475062094
train_00172,-20.6034180971612,-16.1658958162401
train_00173,-20.2845044316154,-15.9763487873255
train_00174,-21.0283677048022,-16.0040076568699
train_00175,-24.865766528976,-20.8488584120044
train_00176,-17.4904550371188,-12.1361377348934
train_00177,-18.1599517428547,-12.9520620243286
train_00178,-20.9950299084925,-16.7512709290618
train_00179,-18.2215953693122,-12.634662571252
train_00180,-18.8041509515891,-13.365734068615
train_00181,-21.6511711298446,-16.326633321206
train_00182,-21.0804221249842,-16.64809098612
train_00183,-20.1053190406682,-15.7886515215028
train_00184,-24.0505835020654,-18.3789026560563
train_00185,-26.4006516194083,-21.1723450347013
train_00186,-29.978197923256,-25.814386383541
train_00187,-21.4546339161544,-16.8739591194806
train_00188,-29.8637408093392,-25.4505165034712
train_00189,-23.7424608116181,-17.795087673279
train_00190,-21.8584508278891,-17.4448405134831
train_00191,-24.8828778735062,-19.8430289435236
train_00192,-21.8032498285974,-16.5112688312497
train_00193,-24.1916905031901,-19.0070971761179
train_00194,-28.0892232725925,-22.6911573127091
train_00195,-23.1968839744554,-17.5907935935437
train_00196,-23.8215740552063,-18.5732408168026
train_00197,-23.8268365697979,-17.9535129868131
train_00198,-29.5921036952905,-25.2479883245097
train_00199,-19.8211943550463,-15.7164409106591
train_00200,-27.1254965156418,-22.4444142801334
train_00201,-21.9585241642556,-16.0971048074281
train_00202,-19.2371232653815,-14.6007846163317
train_00203,-19.3271290848791,-14.6886727289569
train_00204,-19.2417561547761,-13.7587909346027
train_00205,-24.4492449168394,-20.0254141308825
train_00206,-24.7439516892881,-18.8861609569248
train_00207,-22.7407604303575,-18.0160151451929
train_00208,-24.5417277972354,-19.1219414253988
train_00209,-18.5584264404609,-13.232307324729
train_00210,-22.4019960227234,-18.6880878064551
train_00211,-15.7530255622973,-9.98414497106065
train_00212,-20.7213845982294,-15.8975015110963
train_00213,-18.4381764014401,-12.9645620649858
train_00214,-20.8515053947037,-15.3453034532302
train_00215,-21.4741765623681,-17.0672203877215
train_00216,-24.2771019781528,-19.214972975213
train_00217,-21.9894923180531,-17.1729386242515
train_00218,-21.5956533235888,-16.5992864550295
train_00219,-17.1482473901685,-12.0522701871475
train_00220,-17.2337480653231,-12.0651469057315
train_00221,-21.4323565009298,-16.6304547337501
train_00222,-21.9255121687141,-16.3643774365377
train_00223,-17.664230027368,-12.8548356260336
train_00224,-19.9499718956807,-14.460322829053
train_00225,-21.7136220181125,-16.796154201808
train_00226,-17.4952719604694,-12.4417568509659
train_00227,-16.0581141560868,-10.7272517467387
train_00228,-20.1643375662254,-15.8383993617024
train_00229,-22.2167055761885,-17.3652283157908
train_00230,-28.1468604121939,-22.4270229537417
train_00231,-18.0882580743469,-12.4130599479009
train_00232,-24.5391933956413,-19.7208798262041
train_00233,-26.9163613296979,-21.0003531510524
train_00234,-18.419988702472,-13.3357372481559
train_00235,-16.5453653144558,-11.7403143744895
train_00236,-26.7037914876786,-20.5217921249783
train_00237,-25.6655839453639,-19.9807783157296
train_00238,-20.0866099254801,-14.5427687461376
train_00239,-19.9586294928258,-14.6004809570594
train_00240,-21.1701088448073,-15.3686864994249
train_00241,-20.8440699630213,-16.4249669856326
train_00242,-23.895625892366,-20.1087872957788
train_00243,-23.3824043128406,-19.3304998271231
train_00244,-24.730431291196,-19.3134929111867
train_00245,-18.3437684499272,-13.2136763778727
train_00246,-17.4919567903807,-12.266413658874
train_00247,-19.7073956239805,-15.4620176401628
train_00248,-24.6273946004162,-19.4750630092227
train_00249,-20.9623969809532,-15.5477680522306
train_00250,-18.0130136500256,-12.91605509333
train_00251,-22.2357005317511,-17.1172737927364
train_00252,-19.8500130968009,-14.10328946482
train_00253,-25.2382477195022,-19.0254362556443
train_00254,-19.2695336606247,-14.9369670639414
train_00255,-17.0838935673695,-12.155638228759
