repeat,size,method,rmse_mean_hh_vv_db,rmse_hh_db,rmse_vv_db
1,32,i2em_only,0.5810407129712807,0.5076489329313387,0.6544324930112224
1,32,spm_to_i2em,0.09679876930986077,0.10775893377944706,0.08583860484027447
1,32,spm_teacher,0.23124718512666168,0.21206746170009402,0.2504269085532294
1,32,direct_ridge,0.7201268648675927,0.6350566009064808,0.8051971288287045
1,32,residual_ridge,0.055883306449980144,0.07460569328260541,0.03716091961735489
1,32,direct_rbf,0.30519819058336795,0.2739973748546372,0.33639900631209874
1,32,residual_rbf,0.011164041819570567,0.01603478529722714,0.006293298341913992
1,64,i2em_only,0.5319896886081013,0.5135432326348791,0.5504361445813236
1,64,spm_to_i2em,0.06238125625811483,0.058906720169445946,0.06585579234678372
1,64,spm_teacher,0.23124718512666168,0.21206746170009402,0.2504269085532294
1,64,direct_ridge,0.6655905272208948,0.5861674301494915,0.7450136242922982
1,64,residual_ridge,0.05241564097691942,0.07024648488364796,0.03458479707019091
1,64,direct_rbf,0.17074556818488504,0.14504966995727578,0.1964414664124943
1,64,residual_rbf,0.00558926645778152,0.007142220320654126,0.004036312594908914
1,128,i2em_only,0.3691401933301509,0.34719770896312735,0.3910826776971744
1,128,spm_to_i2em,0.04768658426333191,0.047608570310679305,0.04776459821598451
1,128,spm_teacher,0.23124718512666168,0.21206746170009402,0.2504269085532294
1,128,direct_ridge,0.6724233344043564,0.5925567279396616,0.7522899408690512
1,128,residual_ridge,0.05097869983292472,0.06747537198705157,0.03448202767879788
1,128,direct_rbf,0.09535889590799548,0.08268370948492024,0.10803408233107072
1,128,residual_rbf,0.0038653581512001754,0.005412199018504651,0.0023185172838956995
1,256,i2em_only,0.25506951737191197,0.24183799569879555,0.26830103904502833
1,256,spm_to_i2em,0.040228878976270574,0.037233999735915325,0.04322375821662582
1,256,spm_teacher,0.23124718512666168,0.21206746170009402,0.2504269085532294
1,256,direct_ridge,0.6427642928434245,0.5700697614995246,0.7154588241873243
1,256,residual_ridge,0.05047542491854558,0.06658592630045373,0.034364923536637414
1,256,direct_rbf,0.044569958590705366,0.040328018622422544,0.048811898558988195
1,256,residual_rbf,0.0016942485237393034,0.0021501820623330272,0.0012383149851455792
2,32,i2em_only,0.5651282973095444,0.5583383700542739,0.571918224564815
2,32,spm_to_i2em,0.07567853159336536,0.09641118754129842,0.0549458756454323
2,32,spm_teacher,0.23124718512666168,0.21206746170009402,0.2504269085532294
2,32,direct_ridge,0.6521226127647912,0.5743138531724687,0.7299313723571136
2,32,residual_ridge,0.053818684975810854,0.06937932255953407,0.038258047392087664
2,32,direct_rbf,0.38760804114536074,0.34037880629617795,0.4348372759945436
2,32,residual_rbf,0.013927500006211277,0.016497729643196325,0.011357270369226234
2,64,i2em_only,0.4330726395435339,0.4194634361620525,0.4466818429250152
2,64,spm_to_i2em,0.05158511752386798,0.05328054601874828,0.04988968902898769
2,64,spm_teacher,0.23124718512666168,0.21206746170009402,0.2504269085532294
2,64,direct_ridge,0.689080091983638,0.6093005989572151,0.768859585010061
2,64,residual_ridge,0.0528165343785496,0.06902718545475167,0.036605883302347535
2,64,direct_rbf,0.13198636478603268,0.11540809499205794,0.14856463458000746
2,64,residual_rbf,0.005392518404784488,0.007283335336599385,0.003501701472969591
2,128,i2em_only,0.4132917888971957,0.40625003384553104,0.42033354394886036
2,128,spm_to_i2em,0.04759087991537545,0.049249766544693985,0.04593199328605692
2,128,spm_teacher,0.23124718512666168,0.21206746170009402,0.2504269085532294
2,128,direct_ridge,0.6488739855054173,0.5732639284936992,0.7244840425171354
2,128,residual_ridge,0.052019920839491286,0.06823601569612128,0.0358038259828613
2,128,direct_rbf,0.07965979720324763,0.06957341472574836,0.0897461796807469
2,128,residual_rbf,0.004077900051699836,0.00549388866369426,0.0026619114397054117
2,256,i2em_only,0.2952465647012246,0.28904235770490283,0.30145077169754647
2,256,spm_to_i2em,0.05740305979127777,0.05775487321527034,0.0570512463672852
2,256,spm_teacher,0.23124718512666168,0.21206746170009402,0.2504269085532294
2,256,direct_ridge,0.6407346440226963,0.5680166578553779,0.7134526301900148
2,256,residual_ridge,0.050475424918545585,0.06658592630045373,0.034364923536637434
2,256,direct_rbf,0.04456995859398638,0.04032801862649324,0.048811898561479536
2,256,residual_rbf,0.001694248523936159,0.0021501820624443436,0.001238314985427975
3,32,i2em_only,0.6154254587690797,0.5807860618150317,0.6500648557231277
3,32,spm_to_i2em,0.06823598316908644,0.06384932932771266,0.07262263701046023
3,32,spm_teacher,0.23124718512666168,0.21206746170009402,0.2504269085532294
3,32,direct_ridge,0.7374820589872952,0.6619116294450406,0.8130524885295501
3,32,residual_ridge,0.056163901338766295,0.07248578922297971,0.039842013454552884
3,32,direct_rbf,0.30480725786988583,0.26987786881261666,0.33973664692715494
3,32,residual_rbf,0.02034432955948077,0.024317297385657518,0.01637136173330402
3,64,i2em_only,0.5160447669629621,0.4949355706773747,0.5371539632485494
3,64,spm_to_i2em,0.057237818330865664,0.04722052760152314,0.06725510906020819
3,64,spm_teacher,0.23124718512666168,0.21206746170009402,0.2504269085532294
3,64,direct_ridge,0.6662572254235917,0.5916289633187107,0.7408854875284725
3,64,residual_ridge,0.05264021199503398,0.06810038307962614,0.037180040910441824
3,64,direct_rbf,0.1909619503159719,0.16971847362121614,0.21220542701072762
3,64,residual_rbf,0.005683830127857212,0.006526683568353341,0.004840976687361084
3,128,i2em_only,0.32818977606835525,0.30342633780753964,0.35295321432917076
3,128,spm_to_i2em,0.05163308863521954,0.0505772723717804,0.052688904898658684
3,128,spm_teacher,0.23124718512666168,0.21206746170009402,0.2504269085532294
3,128,direct_ridge,0.6463779911814284,0.5729173093010153,0.7198386730618415
3,128,residual_ridge,0.05149215546727312,0.06723571859449691,0.03574859234004931
3,128,direct_rbf,0.07616737496729523,0.06744729842842627,0.08488745150616418
3,128,residual_rbf,0.003276285371127511,0.004591870798506763,0.0019606999437482586
3,256,i2em_only,0.22858950105793976,0.21155773246800094,0.2456212696478785
3,256,spm_to_i2em,0.0443555266873923,0.04262000584061633,0.046091047534168275
3,256,spm_teacher,0.23124718512666168,0.21206746170009402,0.2504269085532294
3,256,direct_ridge,0.6427642928434247,0.5700697614995249,0.7154588241873244
3,256,residual_ridge,0.05047542491854559,0.06658592630045376,0.03436492353663742
3,256,direct_rbf,0.04456995861078242,0.040328018638503216,0.048811898583061626
3,256,residual_rbf,0.001694248524401529,0.002150182062697924,0.0012383149861051339
4,32,i2em_only,0.4047457542035572,0.3740695631870151,0.4354219452200991
4,32,spm_to_i2em,0.09896041745545565,0.09963449861508555,0.09828633629582577
4,32,spm_teacher,0.23124718512666168,0.21206746170009402,0.2504269085532294
4,32,direct_ridge,0.6817408559522595,0.6076003081484643,0.7558814037560547
4,32,residual_ridge,0.05313731533956017,0.06958275553743035,0.03669187514168997
4,32,direct_rbf,0.23740688434573243,0.2073129078967389,0.267500860794726
4,32,residual_rbf,0.009443988450085778,0.012048887399196767,0.006839089500974789
4,64,i2em_only,0.3769192670193857,0.36148700068348205,0.39235153335528944
4,64,spm_to_i2em,0.04924323041463445,0.043743181539128484,0.05474327929014043
4,64,spm_teacher,0.23124718512666168,0.21206746170009402,0.2504269085532294
4,64,direct_ridge,0.6500800093671322,0.5774707088278174,0.7226893099064472
4,64,residual_ridge,0.05125901455806263,0.06730887785491661,0.03520915126120865
4,64,direct_rbf,0.14359052020354793,0.1259969855054737,0.16118405490162213
4,64,residual_rbf,0.004382701997377333,0.005447265577461525,0.0033181384172931397
4,128,i2em_only,0.33545424701809334,0.31845039017660626,0.3524581038595806
4,128,spm_to_i2em,0.05358215877734466,0.053353782703018056,0.05381053485167125
4,128,spm_teacher,0.23124718512666168,0.21206746170009402,0.2504269085532294
4,128,direct_ridge,0.6285736974191147,0.5582343085031408,0.6989130863350885
4,128,residual_ridge,0.050183028313365616,0.06666313968072902,0.03370291694600223
4,128,direct_rbf,0.07849531952252672,0.06967733885633164,0.08731330018872185
4,128,residual_rbf,0.0037920646077047827,0.00550921826064675,0.002074910954762817
4,256,i2em_only,0.30033430614834516,0.28222999666904275,0.3184386156276476
4,256,spm_to_i2em,0.051972432919873385,0.05166544609906647,0.052279419740680316
4,256,spm_teacher,0.23124718512666168,0.21206746170009402,0.2504269085532294
4,256,direct_ridge,0.6427642928434245,0.5700697614995249,0.7154588241873241
4,256,residual_ridge,0.05047542491854559,0.06658592630045375,0.03436492353663743
4,256,direct_rbf,0.0445699585966642,0.04032801862188464,0.048811898571443746
4,256,residual_rbf,0.0016942485237833498,0.002150182061968163,0.0012383149855985365
5,32,i2em_only,0.5332895611688233,0.4878215050809377,0.5787576172567089
5,32,spm_to_i2em,0.07027009541082632,0.08512671205612536,0.055413478765527296
5,32,spm_teacher,0.23124718512666168,0.21206746170009402,0.2504269085532294
5,32,direct_ridge,0.6461045527578952,0.5725618980816652,0.7196472074341249
5,32,residual_ridge,0.06498674453081284,0.08612909957886086,0.043844389482764805
5,32,direct_rbf,0.19565151624163246,0.18113591428180545,0.21016711820145947
5,32,residual_rbf,0.020474124994501762,0.028954011123082875,0.01199423886592065
5,64,i2em_only,0.4538592187591067,0.418157648094326,0.4895607894238874
5,64,spm_to_i2em,0.06850037815226606,0.06808880234133344,0.06891195396319866
5,64,spm_teacher,0.23124718512666168,0.21206746170009402,0.2504269085532294
5,64,direct_ridge,0.6468137456498924,0.5743229197911338,0.7193045715086508
5,64,residual_ridge,0.05408893584438995,0.07137283526883459,0.036805036419945314
5,64,direct_rbf,0.16486862305867622,0.14902728340411214,0.1807099627132403
5,64,residual_rbf,0.007950920533205542,0.01089460928657379,0.0050072317798373
5,128,i2em_only,0.37459426944024493,0.35152130440193813,0.3976672344785517
5,128,spm_to_i2em,0.03969692312809801,0.04202697166983425,0.03736687458636177
5,128,spm_teacher,0.23124718512666168,0.21206746170009402,0.2504269085532294
5,128,direct_ridge,0.6356519078943579,0.5648748296488507,0.7064289861398652
5,128,residual_ridge,0.05054393949032609,0.06658310743500828,0.0345047715456439
5,128,direct_rbf,0.07513130516974216,0.0673222320745822,0.0829403782649021
5,128,residual_rbf,0.0032789250664055697,0.003817859435045023,0.0027399906977661165
5,256,i2em_only,0.2700889138497162,0.2556999839825172,0.2844778437169151
5,256,spm_to_i2em,0.049245359982682965,0.045436733910331865,0.05305398605503407
5,256,spm_teacher,0.23124718512666168,0.21206746170009402,0.2504269085532294
5,256,direct_ridge,0.642764292843425,0.570069761499525,0.7154588241873249
5,256,residual_ridge,0.05047542491854558,0.06658592630045376,0.034364923536637386
5,256,direct_rbf,0.04456995858944772,0.04032801862523405,0.04881189855366141
5,256,residual_rbf,0.0016942485239719715,0.0021501820627651334,0.0012383149851788095
6,32,i2em_only,0.5706451257428384,0.5608831205046414,0.5804071309810356
6,32,spm_to_i2em,0.0759859371055534,0.07504398834211405,0.07692788586899275
6,32,spm_teacher,0.23124718512666168,0.21206746170009402,0.2504269085532294
6,32,direct_ridge,0.6458154081444935,0.5788113175451184,0.7128194987438684
6,32,residual_ridge,0.052243273603684276,0.06772349916109562,0.03676304804627296
6,32,direct_rbf,0.172783093300261,0.15242287379483568,0.19314331280568628
6,32,residual_rbf,0.009245340692134656,0.012138394744055666,0.006352286640213646
6,64,i2em_only,0.43339627904568856,0.42104418930399584,0.44574836878738133
6,64,spm_to_i2em,0.06046638849915155,0.06057140869213851,0.06036136830616458
6,64,spm_teacher,0.23124718512666168,0.21206746170009402,0.2504269085532294
6,64,direct_ridge,0.6490504234257051,0.5780837541963179,0.7200170926550924
6,64,residual_ridge,0.050872478444528024,0.06676774699578929,0.03497720989326677
6,64,direct_rbf,0.1861115690885525,0.1649827287211134,0.20724040945599165
6,64,residual_rbf,0.006632173037105062,0.009323145954214448,0.003941200119995676
6,128,i2em_only,0.33766366030277833,0.32233170463674576,0.35299561596881096
6,128,spm_to_i2em,0.045247580424215283,0.0458337923899735,0.044661368458457036
6,128,spm_teacher,0.23124718512666168,0.21206746170009402,0.2504269085532294
6,128,direct_ridge,0.6458660879024873,0.5722547589160022,0.7194774168889726
6,128,residual_ridge,0.05058602322094807,0.06698064077840585,0.03419140566349031
6,128,direct_rbf,0.08124914631361327,0.07236645377293839,0.09013183885428812
6,128,residual_rbf,0.0029445793665496085,0.0038658108683548536,0.0020233478647443625
6,256,i2em_only,0.24695314143716457,0.23376225563560268,0.2601440272387264
6,256,spm_to_i2em,0.04282385956555805,0.04209842547607542,0.04354929365504071
6,256,spm_teacher,0.23124718512666168,0.21206746170009402,0.2504269085532294
6,256,direct_ridge,0.6407346440226962,0.5680166578553772,0.713452630190015
6,256,residual_ridge,0.05047542491854559,0.06658592630045373,0.034364923536637434
6,256,direct_rbf,0.04456995859806129,0.04032801863439632,0.04881189856172626
6,256,residual_rbf,0.0016942485240076621,0.002150182062397001,0.001238314985618323
7,32,i2em_only,0.4792984443217655,0.4669064001963941,0.491690488447137
7,32,spm_to_i2em,0.06015220391925344,0.06791516073213955,0.05238924710636734
7,32,spm_teacher,0.23124718512666168,0.21206746170009402,0.2504269085532294
7,32,direct_ridge,0.6803723500432758,0.6238884843247905,0.7368562157617611
7,32,residual_ridge,0.05109153440895302,0.06842215416006153,0.0337609146578445
7,32,direct_rbf,0.2827298010039736,0.2598962097021144,0.30556339230583285
7,32,residual_rbf,0.015064495006787106,0.0191176498813237,0.01101134013225051
7,64,i2em_only,0.49174016093091377,0.48207967332059976,0.5014006485412278
7,64,spm_to_i2em,0.054535123784982834,0.05829506203265906,0.050775185537306616
7,64,spm_teacher,0.23124718512666168,0.21206746170009402,0.2504269085532294
7,64,direct_ridge,0.6453422317563071,0.5713105332758539,0.7193739302367602
7,64,residual_ridge,0.05266181447923636,0.06933435555043593,0.03598927340803678
7,64,direct_rbf,0.1072128899309206,0.0937574663777694,0.1206683134840718
7,64,residual_rbf,0.006065594615079375,0.007958540299783089,0.00417264893037566
7,128,i2em_only,0.3823315677255137,0.3701470960728115,0.39451603937821583
7,128,spm_to_i2em,0.04931313969573109,0.04944334353430202,0.04918293585716016
7,128,spm_teacher,0.23124718512666168,0.21206746170009402,0.2504269085532294
7,128,direct_ridge,0.6295176173634531,0.560567171026429,0.6984680637004772
7,128,residual_ridge,0.052823137548713324,0.06934161913158042,0.03630465596584621
7,128,direct_rbf,0.08151534105714081,0.07243346262817198,0.09059721948610962
7,128,residual_rbf,0.0045258806727680005,0.005915397501600605,0.003136363843935394
7,256,i2em_only,0.3139063696934714,0.3023319846612343,0.3254807547257086
7,256,spm_to_i2em,0.047203176529015574,0.0442377044357544,0.05016864862227673
7,256,spm_teacher,0.23124718512666168,0.21206746170009402,0.2504269085532294
7,256,direct_ridge,0.6407346440226962,0.5680166578553772,0.7134526301900154
7,256,residual_ridge,0.05047542491854558,0.06658592630045373,0.03436492353663742
7,256,direct_rbf,0.04456995860536466,0.04032801863638421,0.04881189857434511
7,256,residual_rbf,0.001694248523930724,0.0021501820626468504,0.0012383149852145977
8,32,i2em_only,0.5939605654051394,0.536768498404019,0.65115263240626
8,32,spm_to_i2em,0.05170399627483947,0.061107864819379014,0.04230012773029993
8,32,spm_teacher,0.23124718512666168,0.21206746170009402,0.2504269085532294
8,32,direct_ridge,0.6949470500235964,0.6144042956309659,0.7754898044162267
8,32,residual_ridge,0.05338747608561513,0.06980317542198775,0.03697177674924251
8,32,direct_rbf,0.3324417703823301,0.28369589129390865,0.3811876494707515
8,32,residual_rbf,0.00972186540888284,0.01340160252998977,0.006042128287775914
8,64,i2em_only,0.2834990081570489,0.25073341494648677,0.31626460136761103
8,64,spm_to_i2em,0.04620273033347911,0.045712490095039235,0.046692970571918985
8,64,spm_teacher,0.23124718512666168,0.21206746170009402,0.2504269085532294
8,64,direct_ridge,0.6764109812155066,0.5965757318337465,0.7562462305972668
8,64,residual_ridge,0.05225935760349676,0.06986696670848762,0.0346517484985059
8,64,direct_rbf,0.1421997900074914,0.12421617845210778,0.16018340156287497
8,64,residual_rbf,0.00576970611344562,0.008266045396946716,0.0032733668299445217
8,128,i2em_only,0.472083274483201,0.4631079503406446,0.48105859862575717
8,128,spm_to_i2em,0.05136155139465105,0.05451307194429699,0.04821003084500511
8,128,spm_teacher,0.23124718512666168,0.21206746170009402,0.2504269085532294
8,128,direct_ridge,0.6600526488032312,0.5846685503161866,0.7354367472902761
8,128,residual_ridge,0.05172070121267326,0.06923502173563952,0.03420638068970702
8,128,direct_rbf,0.0795096562579773,0.07020655813659839,0.08881275437935623
8,128,residual_rbf,0.003848686918328719,0.005141155579424149,0.00255621825723329
8,256,i2em_only,0.197396165655649,0.18300786066606944,0.2117844706452285
8,256,spm_to_i2em,0.044323990180606065,0.04673459467682218,0.04191338568438995
8,256,spm_teacher,0.23124718512666168,0.21206746170009402,0.2504269085532294
8,256,direct_ridge,0.6407346440226962,0.5680166578553772,0.7134526301900151
8,256,residual_ridge,0.050475424918545536,0.06658592630045368,0.034364923536637386
8,256,direct_rbf,0.04456995860708017,0.040328018636914084,0.04881189857724628
8,256,residual_rbf,0.0016942485241805039,0.002150182062874321,0.0012383149854866867
9,32,i2em_only,0.5704665107565294,0.5240817025349596,0.6168513189780993
9,32,spm_to_i2em,0.07454238075445627,0.0674514393358168,0.08163332217309575
9,32,spm_teacher,0.23124718512666168,0.21206746170009402,0.2504269085532294
9,32,direct_ridge,0.6890610763136193,0.6052930167881555,0.7728291358390833
9,32,residual_ridge,0.05331874582538992,0.0710225412693859,0.035614950381393944
9,32,direct_rbf,0.2599817179343932,0.23390570351282597,0.28605773235596044
9,32,residual_rbf,0.010944747722904899,0.0156703183439831,0.006219177101826698
9,64,i2em_only,0.3980166478120222,0.375066588290814,0.42096670733323055
9,64,spm_to_i2em,0.0834504507197053,0.07990893823799952,0.0869919632014111
9,64,spm_teacher,0.23124718512666168,0.21206746170009402,0.2504269085532294
9,64,direct_ridge,0.6387738844395188,0.5668065162655431,0.7107412526134944
9,64,residual_ridge,0.05479482806487152,0.0732429703283818,0.03634668580136126
9,64,direct_rbf,0.12803090190954486,0.11322264751787783,0.14283915630121183
9,64,residual_rbf,0.012023610960543947,0.013958844779818106,0.010088377141269788
9,128,i2em_only,0.35582914837223545,0.33122115665875457,0.38043714008571633
9,128,spm_to_i2em,0.04044987561062987,0.037731957532328116,0.04316779368893162
9,128,spm_teacher,0.23124718512666168,0.21206746170009402,0.2504269085532294
9,128,direct_ridge,0.6587153267112523,0.5838697487734945,0.7335609046490104
9,128,residual_ridge,0.05111194372776298,0.06731419041981461,0.03490969703571134
9,128,direct_rbf,0.08403568069300935,0.07386052413975804,0.09421083724626066
9,128,residual_rbf,0.0031452165926378096,0.0030942243681024726,0.003196208817173147
9,256,i2em_only,0.2474218920089179,0.23871044876764427,0.2561333352501915
9,256,spm_to_i2em,0.04427594268677622,0.04186678911602821,0.04668509625752421
9,256,spm_teacher,0.23124718512666168,0.21206746170009402,0.2504269085532294
9,256,direct_ridge,0.6407346440226964,0.5680166578553775,0.7134526301900154
9,256,residual_ridge,0.050475424918545606,0.06658592630045373,0.03436492353663746
9,256,direct_rbf,0.04456995859444228,0.040328018629805236,0.0488118985590793
9,256,residual_rbf,0.0016942485240808848,0.0021501820625651163,0.0012383149855966535
10,32,i2em_only,0.47112395730513357,0.4375740187514489,0.5046738958588182
10,32,spm_to_i2em,0.06917005520407565,0.06339380471867698,0.07494630568947433
10,32,spm_teacher,0.23124718512666168,0.21206746170009402,0.2504269085532294
10,32,direct_ridge,0.6589216673757631,0.5914268366146732,0.7264164981368529
10,32,residual_ridge,0.054092026136194224,0.07249212149212265,0.03569193078026576
10,32,direct_rbf,0.22700325426494017,0.19744197485365436,0.25656453367622595
10,32,residual_rbf,0.009643096668804078,0.012306727157430706,0.006979466180177449
10,64,i2em_only,0.3684324401758795,0.33970404912912344,0.3971608312226356
10,64,spm_to_i2em,0.05921699767171777,0.059211594692464474,0.059222400650971056
10,64,spm_teacher,0.23124718512666168,0.21206746170009402,0.2504269085532294
10,64,direct_ridge,0.6404209832740926,0.5724440204501485,0.7083979460980367
10,64,residual_ridge,0.05026154061994923,0.06671726921354414,0.03380581202635431
10,64,direct_rbf,0.1338719673076567,0.1177595728780602,0.14998436173725316
10,64,residual_rbf,0.0071175630312280275,0.010449816878622228,0.003785309183833828
10,128,i2em_only,0.3709822820659862,0.3546428317925008,0.3873217323394717
10,128,spm_to_i2em,0.05618580446812185,0.05362297153528932,0.05874863740095438
10,128,spm_teacher,0.23124718512666168,0.21206746170009402,0.2504269085532294
10,128,direct_ridge,0.6412474323985073,0.571621748666817,0.7108731161301977
10,128,residual_ridge,0.051268173940298395,0.06819495438907325,0.034341393491523556
10,128,direct_rbf,0.08467717322554014,0.07555208729074675,0.09380225916033351
10,128,residual_rbf,0.004431793390988923,0.006144651392850104,0.0027189353891277418
10,256,i2em_only,0.26993981770845255,0.25896390060192676,0.2809157348149785
10,256,spm_to_i2em,0.04379168495991585,0.0451241130413183,0.042459256878513416
10,256,spm_teacher,0.23124718512666168,0.21206746170009402,0.2504269085532294
10,256,direct_ridge,0.6427642928434247,0.5700697614995253,0.7154588241873241
10,256,residual_ridge,0.050475424918545564,0.06658592630045373,0.03436492353663739
10,256,direct_rbf,0.04456995861019055,0.040328018642449524,0.04881189857793158
10,256,residual_rbf,0.0016942485240835916,0.002150182062552909,0.0012383149856142743
