split_repeat,requested_fraction,method,rmse_avg
1,0.05,two_channel_mean,4.163166177450578
1,0.05,i2em_actual_angle_plus_offset,5.693122171799937
1,0.05,spm_actual_angle_plus_offset,5.658878520772372
1,0.05,spm_only,4.12811146957258
1,0.05,spm_to_i2em,4.135408282712595
1,0.05,risk_spm_to_i2em,4.225844903224736
1,0.05,two_channel_mean_full_adapt,4.1596997775765345
1,0.1,two_channel_mean,4.121395424268352
1,0.1,i2em_actual_angle_plus_offset,4.967485763617491
1,0.1,spm_actual_angle_plus_offset,4.954543046390727
1,0.1,spm_only,4.079946293289372
1,0.1,spm_to_i2em,4.088146051506974
1,0.1,risk_spm_to_i2em,4.206726928528501
1,0.1,two_channel_mean_full_adapt,4.073476009723127
1,0.2,two_channel_mean,4.120786985350766
1,0.2,i2em_actual_angle_plus_offset,4.3032124319195155
1,0.2,spm_actual_angle_plus_offset,4.299218557680111
1,0.2,spm_only,4.097188920142095
1,0.2,spm_to_i2em,4.100742875664107
1,0.2,risk_spm_to_i2em,4.216739604903563
1,0.2,two_channel_mean_full_adapt,4.115954849784634
2,0.05,two_channel_mean,4.14040177422645
2,0.05,i2em_actual_angle_plus_offset,4.557633390795841
2,0.05,spm_actual_angle_plus_offset,4.55731443447193
2,0.05,spm_only,4.061173709687319
2,0.05,spm_to_i2em,4.064895513923898
2,0.05,risk_spm_to_i2em,4.172462875410471
2,0.05,two_channel_mean_full_adapt,4.083344539643555
2,0.1,two_channel_mean,4.0688099348058735
2,0.1,i2em_actual_angle_plus_offset,4.401211884190578
2,0.1,spm_actual_angle_plus_offset,4.398305337264926
2,0.1,spm_only,4.06727511639043
2,0.1,spm_to_i2em,4.0665439083957535
2,0.1,risk_spm_to_i2em,4.206612283791319
2,0.1,two_channel_mean_full_adapt,4.063829360318243
2,0.2,two_channel_mean,4.128521965517222
2,0.2,i2em_actual_angle_plus_offset,4.1991879661099984
2,0.2,spm_actual_angle_plus_offset,4.198584009099322
2,0.2,spm_only,4.114206339788927
2,0.2,spm_to_i2em,4.112805996707733
2,0.2,risk_spm_to_i2em,4.263669445759724
2,0.2,two_channel_mean_full_adapt,4.113175230606342
3,0.05,two_channel_mean,4.427332044653065
3,0.05,i2em_actual_angle_plus_offset,4.133393878691133
3,0.05,spm_actual_angle_plus_offset,4.133031913953673
3,0.05,spm_only,4.406896191874675
3,0.05,spm_to_i2em,4.408974034820616
3,0.05,risk_spm_to_i2em,4.47536726038011
3,0.05,two_channel_mean_full_adapt,4.427332044653063
3,0.1,two_channel_mean,4.084989968244933
3,0.1,i2em_actual_angle_plus_offset,4.230624027976011
3,0.1,spm_actual_angle_plus_offset,4.235451746889293
3,0.1,spm_only,4.08686784782339
3,0.1,spm_to_i2em,4.086508205402324
3,0.1,risk_spm_to_i2em,4.209095634776609
3,0.1,two_channel_mean_full_adapt,4.084989968244934
3,0.2,two_channel_mean,4.198946552727105
3,0.2,i2em_actual_angle_plus_offset,4.241661439624108
3,0.2,spm_actual_angle_plus_offset,4.244717086572424
3,0.2,spm_only,4.106024068661684
3,0.2,spm_to_i2em,4.10535874135957
3,0.2,risk_spm_to_i2em,4.249090723207184
3,0.2,two_channel_mean_full_adapt,4.103387228460009
4,0.05,two_channel_mean,4.636307404903559
4,0.05,i2em_actual_angle_plus_offset,6.293067584045548
4,0.05,spm_actual_angle_plus_offset,6.254458640654244
4,0.05,spm_only,4.384055875009578
4,0.05,spm_to_i2em,4.387732193591747
4,0.05,risk_spm_to_i2em,4.4302654185814045
4,0.05,two_channel_mean_full_adapt,4.636307404903559
4,0.1,two_channel_mean,4.362672012427992
4,0.1,i2em_actual_angle_plus_offset,5.703422526254963
4,0.1,spm_actual_angle_plus_offset,5.680162887749577
4,0.1,spm_only,4.168651219678279
4,0.1,spm_to_i2em,4.174366771915721
4,0.1,risk_spm_to_i2em,4.205971068783579
4,0.1,two_channel_mean_full_adapt,4.362672012427991
4,0.2,two_channel_mean,4.003651786041948
4,0.2,i2em_actual_angle_plus_offset,4.360766540905852
4,0.2,spm_actual_angle_plus_offset,4.361879878060963
4,0.2,spm_only,3.9955241523030627
4,0.2,spm_to_i2em,3.993268451092796
4,0.2,risk_spm_to_i2em,4.0964491933409235
4,0.2,two_channel_mean_full_adapt,4.0036517860419485
5,0.05,two_channel_mean,4.170207942175901
5,0.05,i2em_actual_angle_plus_offset,4.799676840982087
5,0.05,spm_actual_angle_plus_offset,4.796638953357894
5,0.05,spm_only,4.174252157327155
5,0.05,spm_to_i2em,4.174676165418939
5,0.05,risk_spm_to_i2em,4.298800688240968
5,0.05,two_channel_mean_full_adapt,4.170207942175901
5,0.1,two_channel_mean,4.029307968897442
5,0.1,i2em_actual_angle_plus_offset,4.6985295163882785
5,0.1,spm_actual_angle_plus_offset,4.696894098575692
5,0.1,spm_only,4.030786709888196
5,0.1,spm_to_i2em,4.027634089791026
5,0.1,risk_spm_to_i2em,4.1622689349976145
5,0.1,two_channel_mean_full_adapt,4.029307968897442
5,0.2,two_channel_mean,3.931829247300755
5,0.2,i2em_actual_angle_plus_offset,4.047526961385275
5,0.2,spm_actual_angle_plus_offset,4.048761610138357
5,0.2,spm_only,3.928083331306424
5,0.2,spm_to_i2em,3.9281031149464694
5,0.2,risk_spm_to_i2em,4.073235464560383
5,0.2,two_channel_mean_full_adapt,3.9264342247608437
6,0.05,two_channel_mean,4.280219902875611
6,0.05,i2em_actual_angle_plus_offset,4.212248468070809
6,0.05,spm_actual_angle_plus_offset,4.20547071538818
6,0.05,spm_only,4.28711029168171
6,0.05,spm_to_i2em,4.2852817340434
6,0.05,risk_spm_to_i2em,4.407686173637304
6,0.05,two_channel_mean_full_adapt,4.280219902875611
6,0.1,two_channel_mean,4.546410267490263
6,0.1,i2em_actual_angle_plus_offset,4.197633719496952
6,0.1,spm_actual_angle_plus_offset,4.210538271024885
6,0.1,spm_only,4.5475723162388535
6,0.1,spm_to_i2em,4.5472169380045795
6,0.1,risk_spm_to_i2em,4.648299212168947
6,0.1,two_channel_mean_full_adapt,4.546410267490263
6,0.2,two_channel_mean,4.438624330015811
6,0.2,i2em_actual_angle_plus_offset,4.3434849991607
6,0.2,spm_actual_angle_plus_offset,4.341509730195323
6,0.2,spm_only,4.488829727740487
6,0.2,spm_to_i2em,4.487809276957787
6,0.2,risk_spm_to_i2em,4.609218611193576
6,0.2,two_channel_mean_full_adapt,4.487771228076614
7,0.05,two_channel_mean,4.163166177450578
7,0.05,i2em_actual_angle_plus_offset,5.693122171799937
7,0.05,spm_actual_angle_plus_offset,5.658878520772372
7,0.05,spm_only,4.12811146957258
7,0.05,spm_to_i2em,4.135408282712595
7,0.05,risk_spm_to_i2em,4.225844903224736
7,0.05,two_channel_mean_full_adapt,4.1596997775765345
7,0.1,two_channel_mean,4.420126482467932
7,0.1,i2em_actual_angle_plus_offset,5.11393932433891
7,0.1,spm_actual_angle_plus_offset,5.089255458438201
7,0.1,spm_only,4.20401434259562
7,0.1,spm_to_i2em,4.208593846376673
7,0.1,risk_spm_to_i2em,4.290502006833401
7,0.1,two_channel_mean_full_adapt,4.233530853177486
7,0.2,two_channel_mean,4.1193855651167794
7,0.2,i2em_actual_angle_plus_offset,3.761606638930034
7,0.2,spm_actual_angle_plus_offset,3.7672874846838234
7,0.2,spm_only,4.102202353379676
7,0.2,spm_to_i2em,4.104262685173531
7,0.2,risk_spm_to_i2em,4.207214834058041
7,0.2,two_channel_mean_full_adapt,4.108592634762806
8,0.05,two_channel_mean,4.138114030867696
8,0.05,i2em_actual_angle_plus_offset,4.359246788033487
8,0.05,spm_actual_angle_plus_offset,4.3571778170386235
8,0.05,spm_only,4.1318188689431015
8,0.05,spm_to_i2em,4.134294692114963
8,0.05,risk_spm_to_i2em,4.249456364716245
8,0.05,two_channel_mean_full_adapt,4.138114030867697
8,0.1,two_channel_mean,4.143869896063274
8,0.1,i2em_actual_angle_plus_offset,4.152355577276875
8,0.1,spm_actual_angle_plus_offset,4.154151541537995
8,0.1,spm_only,4.147499117617372
8,0.1,spm_to_i2em,4.147421267029651
8,0.1,risk_spm_to_i2em,4.278733809075964
8,0.1,two_channel_mean_full_adapt,4.143869896063274
8,0.2,two_channel_mean,4.222018099897261
8,0.2,i2em_actual_angle_plus_offset,4.074712548107857
8,0.2,spm_actual_angle_plus_offset,4.081566381051027
8,0.2,spm_only,4.2503752857912716
8,0.2,spm_to_i2em,4.253009666240183
8,0.2,risk_spm_to_i2em,4.349704802660722
8,0.2,two_channel_mean_full_adapt,4.258917480474251
9,0.05,two_channel_mean,4.264970393439138
9,0.05,i2em_actual_angle_plus_offset,3.993602857663165
9,0.05,spm_actual_angle_plus_offset,4.0003327836799
9,0.05,spm_only,4.263255475493285
9,0.05,spm_to_i2em,4.262508206409954
9,0.05,risk_spm_to_i2em,4.365086035411919
9,0.05,two_channel_mean_full_adapt,4.264970393439137
9,0.1,two_channel_mean,3.9877620512449266
9,0.1,i2em_actual_angle_plus_offset,4.181893461949707
9,0.1,spm_actual_angle_plus_offset,4.190210605323266
9,0.1,spm_only,3.9884884215099294
9,0.1,spm_to_i2em,3.9877176567210855
9,0.1,risk_spm_to_i2em,4.1286995810255025
9,0.1,two_channel_mean_full_adapt,3.9877620512449266
9,0.2,two_channel_mean,3.9806936608285874
9,0.2,i2em_actual_angle_plus_offset,4.242067798583108
9,0.2,spm_actual_angle_plus_offset,4.249978728229276
9,0.2,spm_only,4.0583686040793685
9,0.2,spm_to_i2em,4.059521701163939
9,0.2,risk_spm_to_i2em,4.187513643098276
9,0.2,two_channel_mean_full_adapt,4.062354834837253
10,0.05,two_channel_mean,4.440873821050474
10,0.05,i2em_actual_angle_plus_offset,4.322481853641871
10,0.05,spm_actual_angle_plus_offset,4.3335041088230515
10,0.05,spm_only,4.4382174248452255
10,0.05,spm_to_i2em,4.4395176247077
10,0.05,risk_spm_to_i2em,4.542562499901055
10,0.05,two_channel_mean_full_adapt,4.440873821050474
10,0.1,two_channel_mean,4.14523950251048
10,0.1,i2em_actual_angle_plus_offset,4.6261263836055395
10,0.1,spm_actual_angle_plus_offset,4.623653525900698
10,0.1,spm_only,4.151068976663607
10,0.1,spm_to_i2em,4.150940655401852
10,0.1,risk_spm_to_i2em,4.2769496140366305
10,0.1,two_channel_mean_full_adapt,4.14523950251048
10,0.2,two_channel_mean,4.246684049943445
10,0.2,i2em_actual_angle_plus_offset,4.272750604466449
10,0.2,spm_actual_angle_plus_offset,4.266935250351017
10,0.2,spm_only,4.274782602521325
10,0.2,spm_to_i2em,4.275245930513307
10,0.2,risk_spm_to_i2em,4.412098781967797
10,0.2,two_channel_mean_full_adapt,4.2658999423865485
11,0.05,two_channel_mean,4.169794684130792
11,0.05,i2em_actual_angle_plus_offset,4.178363543057207
11,0.05,spm_actual_angle_plus_offset,4.18513068987632
11,0.05,spm_only,4.168741183014117
11,0.05,spm_to_i2em,4.167797979804423
11,0.05,risk_spm_to_i2em,4.278076117678926
11,0.05,two_channel_mean_full_adapt,4.169794684130792
11,0.1,two_channel_mean,4.169794684130792
11,0.1,i2em_actual_angle_plus_offset,4.178363543057207
11,0.1,spm_actual_angle_plus_offset,4.18513068987632
11,0.1,spm_only,4.069850982435141
11,0.1,spm_to_i2em,4.069889206629996
11,0.1,risk_spm_to_i2em,4.21564722253476
11,0.1,two_channel_mean_full_adapt,4.0680808547585325
11,0.2,two_channel_mean,4.10419657436988
11,0.2,i2em_actual_angle_plus_offset,4.30392568778902
11,0.2,spm_actual_angle_plus_offset,4.303537365884423
11,0.2,spm_only,4.1187825655734
11,0.2,spm_to_i2em,4.12195212269932
11,0.2,risk_spm_to_i2em,4.223636064778178
11,0.2,two_channel_mean_full_adapt,4.1340173455063045
12,0.1,two_channel_mean,4.227629231976795
12,0.1,i2em_actual_angle_plus_offset,4.785251452780541
12,0.1,spm_actual_angle_plus_offset,4.735633795187421
12,0.1,spm_only,4.289195545409653
12,0.1,spm_to_i2em,4.294013549697391
12,0.1,risk_spm_to_i2em,4.3907079345214
12,0.1,two_channel_mean_full_adapt,4.33089224699166
12,0.2,two_channel_mean,4.161299057586593
12,0.2,i2em_actual_angle_plus_offset,4.1297315964684795
12,0.2,spm_actual_angle_plus_offset,4.115221773243954
12,0.2,spm_only,4.248483262633117
12,0.2,spm_to_i2em,4.252799267659793
12,0.2,risk_spm_to_i2em,4.324612070737145
12,0.2,two_channel_mean_full_adapt,4.279897046293342
13,0.05,two_channel_mean,4.398151866178034
13,0.05,i2em_actual_angle_plus_offset,5.2529590770422026
13,0.05,spm_actual_angle_plus_offset,5.249203887416808
13,0.05,spm_only,4.189406981389533
13,0.05,spm_to_i2em,4.195933861840555
13,0.05,risk_spm_to_i2em,4.218313440349148
13,0.05,two_channel_mean_full_adapt,4.0917361413510545
13,0.1,two_channel_mean,4.221303500005724
13,0.1,i2em_actual_angle_plus_offset,4.298511194650808
13,0.1,spm_actual_angle_plus_offset,4.300783378238842
13,0.1,spm_only,4.087351940895263
13,0.1,spm_to_i2em,4.085888439252427
13,0.1,risk_spm_to_i2em,4.2228279257051415
13,0.1,two_channel_mean_full_adapt,4.084666020736785
13,0.2,two_channel_mean,4.234201196590273
13,0.2,i2em_actual_angle_plus_offset,4.598525405723587
13,0.2,spm_actual_angle_plus_offset,4.587567330852449
13,0.2,spm_only,4.13557011885171
13,0.2,spm_to_i2em,4.134166879553784
13,0.2,risk_spm_to_i2em,4.266355478365698
13,0.2,two_channel_mean_full_adapt,4.134774621710018
14,0.2,two_channel_mean,4.099014408497367
14,0.2,i2em_actual_angle_plus_offset,4.087830767383213
14,0.2,spm_actual_angle_plus_offset,4.08983766216779
14,0.2,spm_only,4.077320938810096
14,0.2,spm_to_i2em,4.079664737076039
14,0.2,risk_spm_to_i2em,4.198719199262014
14,0.2,two_channel_mean_full_adapt,4.084060692357127
15,0.05,two_channel_mean,5.639623539165196
15,0.05,i2em_actual_angle_plus_offset,8.286471766370198
15,0.05,spm_actual_angle_plus_offset,8.259722018278032
15,0.05,spm_only,4.301424407140297
15,0.05,spm_to_i2em,4.300224729829708
15,0.05,risk_spm_to_i2em,4.394325421588642
15,0.05,two_channel_mean_full_adapt,4.320034377146562
15,0.1,two_channel_mean,5.639623539165196
15,0.1,i2em_actual_angle_plus_offset,8.286471766370198
15,0.1,spm_actual_angle_plus_offset,8.259722018278032
15,0.1,spm_only,4.461679498850929
15,0.1,spm_to_i2em,4.463354106001061
15,0.1,risk_spm_to_i2em,4.546762800899909
15,0.1,two_channel_mean_full_adapt,4.474094016878279
15,0.2,two_channel_mean,4.163038528215556
15,0.2,i2em_actual_angle_plus_offset,4.02923748995107
15,0.2,spm_actual_angle_plus_offset,4.040260834670652
15,0.2,spm_only,4.135403212876437
15,0.2,spm_to_i2em,4.138943342139914
15,0.2,risk_spm_to_i2em,4.219352210247738
15,0.2,two_channel_mean_full_adapt,4.150268914186859
16,0.05,two_channel_mean,4.581091975394315
16,0.05,i2em_actual_angle_plus_offset,4.5711550979612
16,0.05,spm_actual_angle_plus_offset,4.582063226226517
16,0.05,spm_only,4.34208594930212
16,0.05,spm_to_i2em,4.36740079646972
16,0.05,risk_spm_to_i2em,4.186706380722005
16,0.05,two_channel_mean_full_adapt,4.070156695202933
16,0.1,two_channel_mean,4.241617994420422
16,0.1,i2em_actual_angle_plus_offset,4.223446715302777
16,0.1,spm_actual_angle_plus_offset,4.232427835167878
16,0.1,spm_only,4.18496040678877
16,0.1,spm_to_i2em,4.214941094598245
16,0.1,risk_spm_to_i2em,4.217192474470926
16,0.1,two_channel_mean_full_adapt,4.104506773938526
16,0.2,two_channel_mean,4.19944802402607
16,0.2,i2em_actual_angle_plus_offset,4.229711173192937
16,0.2,spm_actual_angle_plus_offset,4.236141014179504
16,0.2,spm_only,4.148994310390703
16,0.2,spm_to_i2em,4.147644048380215
16,0.2,risk_spm_to_i2em,4.292318132114481
16,0.2,two_channel_mean_full_adapt,4.14908241250499
17,0.05,two_channel_mean,4.077433370736957
17,0.05,i2em_actual_angle_plus_offset,4.172611050091308
17,0.05,spm_actual_angle_plus_offset,4.18518137693167
17,0.05,spm_only,4.074713070820078
17,0.05,spm_to_i2em,4.076230556304827
17,0.05,risk_spm_to_i2em,4.193848572528556
17,0.05,two_channel_mean_full_adapt,4.077433370736957
17,0.1,two_channel_mean,4.0785699594143825
17,0.1,i2em_actual_angle_plus_offset,4.151611418750959
17,0.1,spm_actual_angle_plus_offset,4.149095796982086
17,0.1,spm_only,4.080647324589686
17,0.1,spm_to_i2em,4.07949388184608
17,0.1,risk_spm_to_i2em,4.2063657452887275
17,0.1,two_channel_mean_full_adapt,4.0785699594143825
17,0.2,two_channel_mean,4.006448852783304
17,0.2,i2em_actual_angle_plus_offset,4.189094020565158
17,0.2,spm_actual_angle_plus_offset,4.195253942760624
17,0.2,spm_only,3.9867473803086577
17,0.2,spm_to_i2em,3.987964465383124
17,0.2,risk_spm_to_i2em,4.122099720986462
17,0.2,two_channel_mean_full_adapt,3.9905798062062137
18,0.1,two_channel_mean,4.815500590483085
18,0.1,i2em_actual_angle_plus_offset,5.421706424481526
18,0.1,spm_actual_angle_plus_offset,5.407688900030786
18,0.1,spm_only,4.214085648209366
18,0.1,spm_to_i2em,4.214799518617984
18,0.1,risk_spm_to_i2em,4.319764152522756
18,0.1,two_channel_mean_full_adapt,4.2103020954430175
18,0.2,two_channel_mean,4.038981086890742
18,0.2,i2em_actual_angle_plus_offset,4.144166331566503
18,0.2,spm_actual_angle_plus_offset,4.133327929251841
18,0.2,spm_only,3.9578753008741154
18,0.2,spm_to_i2em,3.958447414548389
18,0.2,risk_spm_to_i2em,4.095582966556719
18,0.2,two_channel_mean_full_adapt,3.959501143033718
19,0.05,two_channel_mean,4.076248115606053
19,0.05,i2em_actual_angle_plus_offset,4.500807466949351
19,0.05,spm_actual_angle_plus_offset,4.505634203442899
19,0.05,spm_only,4.156097467583892
19,0.05,spm_to_i2em,4.277070332515432
19,0.05,risk_spm_to_i2em,4.2042051261105815
19,0.05,two_channel_mean_full_adapt,4.076248115606053
19,0.1,two_channel_mean,4.076248115606053
19,0.1,i2em_actual_angle_plus_offset,4.500807466949351
19,0.1,spm_actual_angle_plus_offset,4.505634203442899
19,0.1,spm_only,4.211233038543028
19,0.1,spm_to_i2em,4.348747488150856
19,0.1,risk_spm_to_i2em,4.263767703439196
19,0.1,two_channel_mean_full_adapt,4.101229020275416
19,0.2,two_channel_mean,4.074642501679458
19,0.2,i2em_actual_angle_plus_offset,4.1057024551137316
19,0.2,spm_actual_angle_plus_offset,4.1128501469046315
19,0.2,spm_only,4.07522542888983
19,0.2,spm_to_i2em,4.075974262441423
19,0.2,risk_spm_to_i2em,4.208061284647275
19,0.2,two_channel_mean_full_adapt,4.07660800125252
20,0.05,two_channel_mean,4.145912155088217
20,0.05,i2em_actual_angle_plus_offset,4.139643716184501
20,0.05,spm_actual_angle_plus_offset,4.137850313219179
20,0.05,spm_only,4.254044135668206
20,0.05,spm_to_i2em,4.257150274711406
20,0.05,risk_spm_to_i2em,4.3732212076929
20,0.05,two_channel_mean_full_adapt,4.268929736194703
20,0.1,two_channel_mean,4.18741648683438
20,0.1,i2em_actual_angle_plus_offset,4.22006942076994
20,0.1,spm_actual_angle_plus_offset,4.230724889068718
20,0.1,spm_only,4.107195653784712
20,0.1,spm_to_i2em,4.106008183970336
20,0.1,risk_spm_to_i2em,4.249597390159231
20,0.1,two_channel_mean_full_adapt,4.10708985211707
20,0.2,two_channel_mean,4.280605338374476
20,0.2,i2em_actual_angle_plus_offset,4.588353659871288
20,0.2,spm_actual_angle_plus_offset,4.599132477389512
20,0.2,spm_only,4.107810646440668
20,0.2,spm_to_i2em,4.106600507052097
20,0.2,risk_spm_to_i2em,4.262421335209725
20,0.2,two_channel_mean_full_adapt,4.109311097742147
