method,left_out,bias_db,rmse_db,centered_rmse_db,centered_skill,variance_ratio,correlation,observed_variance,predicted_variance
i2em_fixed40_teacher,WC03,5.757607754438344,6.051210109803428,1.8620141618738189,0.1292735555367106,0.0476902526221928,0.4051722082079978,3.981843851263479,0.1898951391688804
i2em_fixed40_teacher,WC04,5.617749004369807,5.923129439835027,1.8773274847352674,0.15718679627822407,0.05135602689702445,0.4601183397759644,4.181660265144451,0.21475345705097681
i2em_fixed40_teacher,WC06,5.7362909423124835,6.040017972283906,1.8912385705289367,0.15441508714632735,0.04936143953248487,0.4585959885895069,4.229951689399754,0.20879650454163817
i2em_fixed40_teacher,WC09,5.824200231041168,6.0890619915649555,1.7763354429445426,0.1559803310111887,0.05596737942633266,0.447951760390541,3.73850008690119,0.20923405284897653
i2em_fixed40_teacher,WC10,5.677651703892676,5.989167679987132,1.9064104039495378,0.1513326338847134,0.04758513738922054,0.4559402417820491,4.282479536032175,0.20378237708861646
i2em_fixed40_teacher,WC11,5.688397684882329,5.998045162682278,1.9022821957327056,0.15704009885748338,0.04980971932423367,0.46341288028149474,4.292822881962739,0.21382430285921195
i2em_fixed40_teacher,WC13,5.821396570248556,6.080922585905194,1.7575441580996645,0.13412499994254146,0.056422779750272635,0.401094454706056,3.5674450324414937,0.2012851653366506
i2em_fixed40_teacher,WC14,5.75792267509098,6.05634389238416,1.8776655214633027,0.15371429140925785,0.0492308184906916,0.45733039610503917,4.166001829763884,0.20509567991299485
i2em_fixed40_teacher,WC15,5.602142806102173,5.909433065973434,1.880796411432626,0.15942839725731806,0.050582483911270806,0.466886939643513,4.208321015979791,0.21286733008426056
i2em_fixed40_teacher,WC16,5.687324297974729,5.997951123393634,1.9051929057933221,0.15828846680369024,0.0482334709183708,0.47017760340221826,4.312356270682874,0.20799991077163635
i2em_fixed40_teacher,WC17,5.6082381597242685,5.914349959792225,1.8780841809425994,0.14235610627776063,0.04919806761731633,0.43180493487135313,4.112662862203238,0.2023350655819006
i2em_fixed40_teacher,WC18,5.670242962459955,5.982317816133179,1.906953381679217,0.15499111779581376,0.04948295594997604,0.4596004405883122,4.303470977029437,0.21294846478834797
i2em_fixed40_teacher,WC20,5.610374859714536,5.916590881538358,1.8787606534590675,0.1524095110506718,0.049853700576631056,0.45293742081418004,4.164442191135727,0.2076128540655699
i2em_fixed40_teacher,WC21,5.677478376653059,5.987045112098909,1.9002495775409034,0.15100072910835616,0.04487075480277404,0.46233793644089916,4.253182047084749,0.19084348876630033
i2em_fixed40_teacher,WC22,5.752634324887145,6.049734220105781,1.8725604017091442,0.16734894673725897,0.049804019095300134,0.4865232218964724,4.211226833028036,0.2097360216067686
i2em_fixed40_teacher,WC23,5.613727009816597,5.913578631146371,1.8591614469987776,0.17214686336637242,0.04801734958305595,0.5023629928549761,4.175234873255399,0.2004837125004708
i2em_fixed40_teacher,WC24,5.739848868245128,6.038296422574123,1.874875637629487,0.15873787287862084,0.048638176630693156,0.47015380854537786,4.178434453723365,0.2032314329999709
i2em_fixed40_teacher,WC27,5.7083970585602914,6.014982082706446,1.8958408364363795,0.1562560914903065,0.048393395065966766,0.4651442086158588,4.259838134355547,0.2061480297529388
i2em_fixed40_teacher,WC28,5.612571433048757,5.911753723689418,1.8568451735351328,0.1718745965854711,0.04816725867752514,0.5013018845246615,4.163468460530777,0.2005428623341033
i2em_fixed40_teacher,WC30,5.624813632692639,5.9265302216718885,1.8668776247695695,0.16376107205129709,0.05041657758954372,0.4769331085352796,4.16774674005497,0.2101235268935493
i2em_fixed40_teacher,WC32,5.548878953028477,5.834902241380977,1.8044463225904923,0.14579198444649355,0.05436487282494014,0.4292213236601282,3.8117489789656487,0.20722524848206292
i2em_fixed40_teacher,WC33,5.543617396033102,5.820745441410518,1.7746502923394465,0.15453862211604985,0.056206073622995976,0.44446240610098303,3.7250473439518537,0.2093702852633035
pretraining_only_surrogate,WC03,5.768670374872469,6.064068987772932,1.8695921465758658,0.12217180655413296,0.04457158194650498,0.39490224522958417,3.981843851263479,0.17747707951477712
pretraining_only_surrogate,WC04,5.628598122477832,5.935889617284269,1.8851176950583783,0.15017756132815463,0.04834720124903369,0.45143894300899906,4.181660265144451,0.20217157039402636
pretraining_only_surrogate,WC06,5.747448411887342,6.052920969395496,1.8986018577999326,0.14781792343522615,0.04635667724682557,0.45092703668198747,4.229951689399754,0.19608650523516896
pretraining_only_surrogate,WC09,5.835991211410485,6.10229900722522,1.783047883238556,0.14958949310691194,0.052603243186328114,0.44078752375927566,3.73850008690119,0.1966572292233721
pretraining_only_surrogate,WC10,5.689360301103758,6.002687164226639,1.9140095495571097,0.14455340067075417,0.04470939101332835,0.4475441337501054,4.282479536032175,0.1914670520830395
pretraining_only_surrogate,WC11,5.700209265871401,6.011595179025774,1.9096834611421163,0.1504678804515871,0.04686244186037585,0.45577591568827003,4.292822881962739,0.20117216272286997
pretraining_only_surrogate,WC13,5.832257553024828,6.093660444239796,1.7656357055965946,0.12613385307185931,0.05293131122381294,0.3891569433872814,3.5674450324414937,0.18882954328600615
pretraining_only_surrogate,WC14,5.768909817626482,6.069165178424071,1.8853237067114155,0.14679694720884784,0.04627010712048597,0.4487742423247365,4.166001829763884,0.19276135092731547
pretraining_only_surrogate,WC15,5.6142039715917,5.923627096192599,1.8894633471203248,0.15166363816949724,0.04750796091604096,0.4568927001034268,4.208321015979791,0.19992875034932167
pretraining_only_surrogate,WC16,5.698859306037211,6.011250247024164,1.912624412251694,0.151709201948228,0.045290371883560436,0.46284155885683836,4.312356270682874,0.19530821919363117
pretraining_only_surrogate,WC17,5.614737804261736,5.921825654028316,1.8822163706922737,0.1385779518518382,0.047318198263750395,0.427293513614717,4.112662862203238,0.194603796705696
pretraining_only_surrogate,WC18,5.681744881376524,5.995629695836363,1.9145105255773638,0.1482804061858456,0.046494622034534416,0.4516499011214239,4.303470977029437,0.2000882565135722
pretraining_only_surrogate,WC20,5.622099633867182,5.930388155582993,1.8871935202171377,0.14478357021489596,0.046749660322951414,0.44291960949354486,4.164442191135727,0.19468625787016275
pretraining_only_surrogate,WC21,5.68756484977655,5.998968157314553,1.9076752952376894,0.1443523950368799,0.04232875438041387,0.45368323002790656,4.253182047084749,0.18003189820623622
pretraining_only_surrogate,WC22,5.7632328780371544,6.062367301760097,1.8808094254765875,0.15999678117124572,0.04696130787730201,0.47750983202006514,4.211226833028036,0.1977647198469851
pretraining_only_surrogate,WC23,5.623506669867584,5.925148895556836,1.8664303277843461,0.1656607893397205,0.045279747761713854,0.4956533574963812,4.175234873255399,0.1890535819069158
pretraining_only_surrogate,WC24,5.748891621769301,6.049638855894338,1.8837131968262302,0.15078830428095602,0.04605979131514175,0.458606534925419,4.178434453723365,0.1924578189624965
pretraining_only_surrogate,WC27,5.720042319357421,6.02830663143679,1.903049318169386,0.14982762415857365,0.04539819218787779,0.45812919877851277,4.259838134355547,0.1933889503127239
pretraining_only_surrogate,WC28,5.624455782397272,5.925715060449049,1.8653675588179857,0.16425543690873134,0.045142626809688814,0.49277566475545465,4.163468460530777,0.18794990294765046
pretraining_only_surrogate,WC30,5.6360402616704155,5.939720555425941,1.874921450455867,0.15653933296984202,0.0474850129392567,0.4681378090028652,4.16774674005497,0.1979055078790552
pretraining_only_surrogate,WC32,5.558133834320644,5.845435659822513,1.810045947733032,0.14048213799382636,0.05151119251450919,0.4229658894522619,3.8117489789656487,0.19634773547248338
pretraining_only_surrogate,WC33,5.553231843070848,5.831663118787986,1.7804243393460966,0.14902804301728223,0.05320606066119882,0.43837304919284165,3.7250473439518537,0.19819509494813986
source_finetuned_surrogate,WC03,2.5791501354425086,3.5393760581211025,2.423874472749727,-0.47548916509709893,0.17809439940342026,-0.35235317859373877,3.981843851263479,0.7091440892089711
source_finetuned_surrogate,WC04,2.4467618900312087,3.504396932965727,2.5088152816161062,-0.5051806503111693,0.16392929342455012,-0.42142093637816913,4.181660265144451,0.6854966126066468
source_finetuned_surrogate,WC06,2.5344387108935233,3.561688327248194,2.502447634053591,-0.48045288008219567,0.17051199601312855,-0.37529381116060895,4.229951689399754,0.7212575055986572
source_finetuned_surrogate,WC09,2.6523546656589074,3.5368198291217503,2.3396814379795874,-0.46425280299075,0.1891966017147946,-0.3161802797455689,3.73850008690119,0.7073115119521695
source_finetuned_surrogate,WC10,2.499938774753133,3.5324526647755583,2.495701895532747,-0.45442094911599606,0.1640676738728049,-0.3584142129115617,4.282479536032175,0.7026164558846877
source_finetuned_surrogate,WC11,2.517735581355276,3.5489221226532197,2.5011708808146325,-0.45728252645140066,0.1612544310749658,-0.3685930198550594,4.292822881962739,0.6922367115364966
source_finetuned_surrogate,WC13,2.6506984270748686,3.519967084214414,2.316023774199164,-0.5035876022971939,0.20128652810582187,-0.33690103115840453,3.5674450324414937,0.7180786247885094
source_finetuned_surrogate,WC14,2.557959912907979,3.5587695774485515,2.4742033039605187,-0.4694381422477927,0.1705010399347236,-0.3619814444264778,4.166001829763884,0.7103076443447035
source_finetuned_surrogate,WC15,2.4233843376935393,3.49362395392079,2.516469090458053,-0.5047846063037102,0.16850468673251162,-0.40960471467871373,4.208321015979791,0.7091218144675197
source_finetuned_surrogate,WC16,2.498474908208943,3.545656069058806,2.5158100272285777,-0.4677127064229305,0.16525275961345204,-0.3720176246655587,4.312356270682874,0.7126287741667194
source_finetuned_surrogate,WC17,2.308067548273384,3.3337397817355647,2.405544662843237,-0.40703123956860376,0.15675659522616592,-0.3160632097540308,4.112662862203238,0.644687027592078
source_finetuned_surrogate,WC18,2.419692069623389,3.4883104373460245,2.5126480046952246,-0.46704834985476174,0.1686945915100463,-0.36320426347674273,4.303470977029437,0.7259722785453206
source_finetuned_surrogate,WC20,2.419512851445637,3.4781723622266854,2.4987277849031417,-0.49927415401201536,0.1703595260501877,-0.39844646783631804,4.164442191135727,0.7094523979452876
source_finetuned_surrogate,WC21,2.4154939760496372,3.475109896096675,2.4983549871099098,-0.4675547795785624,0.170880471411248,-0.3588423778921034,4.253182047084749,0.7267857532036988
source_finetuned_surrogate,WC22,2.5052323186789978,3.5476505211289546,2.511898733928738,-0.49828909714082625,0.17021933538134978,-0.3975866215507519,4.211226833028036,0.7168322326581388
source_finetuned_surrogate,WC23,2.394222661728579,3.4530158812654235,2.4881753399502506,-0.48279479125672653,0.16632539422157522,-0.3879917071622122,4.175234873255399,0.6944475862618729
source_finetuned_surrogate,WC24,2.498424379208365,3.5332680724338545,2.498371248044962,-0.4938271647400565,0.16577803370540026,-0.40285188856590837,4.178434453723365,0.6926926477051577
source_finetuned_surrogate,WC27,2.5007356942994488,3.533117834598773,2.495845071396976,-0.4623190891169795,0.16759051796331187,-0.3599710056739819,4.259838134355547,0.7139084793765142
source_finetuned_surrogate,WC28,2.406173817590614,3.4594928746687126,2.4856424741754406,-0.48395948426071533,0.1767131122195303,-0.36544529932007425,4.163468460530777,0.7357394692882502
source_finetuned_surrogate,WC30,2.412725944741876,3.4610211289298185,2.481415074200215,-0.4773980173245471,0.17344171642933287,-0.3649256359328407,4.16774674005497,0.7228611482378907
source_finetuned_surrogate,WC32,2.2608640392770427,3.241324309439911,2.322644414211959,-0.41527605953052715,0.17429094588237365,-0.28861759713928253,3.8117489789656487,0.6643533350100949
source_finetuned_surrogate,WC33,2.258993940379869,3.224537419062928,2.300997163028248,-0.4213478260512753,0.17769220914970438,-0.2890095797158263,3.7250473439518537,0.6619118917340435
risk_shrunk_surrogate,WC03,2.3086723490514562,3.0589551081730035,2.006798031328251,-0.01140036851647519,0.0002765138070464009,-0.33447749450922376,3.981843851263479,0.0011010348023771674
risk_shrunk_surrogate,WC04,2.1385624868190103,2.968191101195065,2.0583267241096737,-0.013164301867958583,0.0002532121634664778,-0.40568656069955966,4.181660265144451,0.0010588472426190318
risk_shrunk_surrogate,WC06,2.2704160151185824,3.0716849697040822,2.068927178853578,-0.011940557648883798,0.0002645161536092175,-0.35895460946445107,4.229951689399754,0.0011188905508328344
risk_shrunk_surrogate,WC09,2.356314446407261,3.054439194539394,1.9435485645568273,-0.01040014310175974,0.0002922244900273751,-0.2956469724425971,3.73850008690119,0.001092481281361998
risk_shrunk_surrogate,WC10,2.2111073728520267,3.0362947189754923,2.080886783608823,-0.01111745421434307,0.00025399931407983054,-0.34081735223569015,4.282479536032175,0.0010877468647130832
risk_shrunk_surrogate,WC11,2.2128811247684856,3.0394689100228254,2.083633456882161,-0.011345797861964435,0.00024886030601311155,-0.35171859621791846,4.292822881962739,0.0010683132160653347
risk_shrunk_surrogate,WC13,2.367711426273292,3.035589205317471,1.8996695568795239,-0.011576742603680357,0.000312204613203938,-0.3187599355790279,3.5674450324414937,0.0011137727964797065
risk_shrunk_surrogate,WC14,2.28804719384588,3.0738976006440364,2.0527266008845793,-0.011446146728643747,0.000263542633795796,-0.3444193263374229,4.166001829763884,0.0010979190946140793
risk_shrunk_surrogate,WC15,2.1242156555097336,2.962273356753158,2.064647981864457,-0.012938716611786027,0.00026058882414506336,-0.39268764380612814,4.208321015979791,0.001096641425179132
risk_shrunk_surrogate,WC16,2.2183861199816204,3.0469251595150904,2.088663675740772,-0.011631617734620958,0.0002547849045192767,-0.35637278770610115,4.312356270682874,0.0010987232806790401
risk_shrunk_surrogate,WC17,2.1057958278347124,2.930344980059402,2.037779584163424,-0.009697554301509648,0.00024807008341944765,-0.29997904073653275,4.112662862203238,0.0010202286193028215
risk_shrunk_surrogate,WC18,2.1811526757481277,3.0182990546420596,2.0863130609594367,-0.011439884586948112,0.00026113180493964646,-0.34588638779261033,4.303470977029437,0.0011237731437370806
risk_shrunk_surrogate,WC20,2.12806097592026,2.957237717499534,2.0534389205835084,-0.012527298263974584,0.000264456592334088,-0.3770369612978606,4.164442191135727,0.0011013141908400572
risk_shrunk_surrogate,WC21,2.1675395970925844,2.9998884750348442,2.0739100649938034,-0.011267072527661792,0.0002621653613769538,-0.33983549092255433,4.253182047084749,0.0011150370083759453
risk_shrunk_surrogate,WC22,2.267108222304898,3.0666336531875515,2.065057449859435,-0.012641313399315957,0.00026395863695298483,-0.3809166048543905,4.211226833028036,0.0011115896947459154
risk_shrunk_surrogate,WC23,2.138987178842462,2.966743911117449,2.0557974810034247,-0.01223126631072824,0.00025978093077044773,-0.3713764919864848,4.175234873255399,0.0010846464015595199
risk_shrunk_surrogate,WC24,2.2634971641895443,3.058490370285817,2.056925845245026,-0.012566783012907923,0.00026058468695046695,-0.381170663946297,4.178434453723365,0.0010888360340665483
risk_shrunk_surrogate,WC27,2.2282937145463846,3.045228713566328,2.0756023317682772,-0.011335384999004772,0.00025841428528885796,-0.3445345287654649,4.259838134355547,0.0011008030269357108
risk_shrunk_surrogate,WC28,2.141991455471061,2.9666271016883163,2.05249822537331,-0.01183640637535377,0.0002742031040255915,-0.34911975267845824,4.163468460530777,0.00114163597539019
risk_shrunk_surrogate,WC30,2.1535938782064443,2.975668482303967,2.0534449893602993,-0.011730459484038835,0.0002695670123692555,-0.34902382168497437,4.16774674005497,0.0011234870370283225
risk_shrunk_surrogate,WC32,2.0515632415011233,2.838377015364452,1.9614974757747246,-0.009371910034501107,0.0002741092869817897,-0.2747543331506144,3.8117489789656487,0.0010448357947778388
risk_shrunk_surrogate,WC33,2.050431728882947,2.8221480578825933,1.9391362473535954,-0.009450092468189952,0.00027915870666773843,-0.274446674174064,3.7250473439518537,0.0010398793988136937
i2em_actual_angle_control,WC03,6.567453765649992,6.822168035888922,1.846761420962182,0.143480288692872,0.0698793559055461,0.4035597431301117,3.981843851263479,0.278248683642751
i2em_actual_angle_control,WC04,6.437332324288234,6.698743963580627,1.853084789285621,0.1788134332899679,0.07655008710591216,0.4614833286905675,4.181660265144451,0.32010645754413947
i2em_actual_angle_control,WC06,6.554131110947973,6.814554593849258,1.865883086652514,0.1769362988753297,0.07359597449855447,0.4617497335421595,4.229951689399754,0.3113074166631817
i2em_actual_angle_control,WC09,6.645787849911385,6.8717478943059085,1.7476907555022068,0.18298170232231858,0.08363525752166284,0.4609598260791365,3.73850008690119,0.31267041751273994
i2em_actual_angle_control,WC10,6.494475164487789,6.76165179969207,1.8819477671100038,0.17297272098308059,0.07123729287018844,0.4574880653717829,4.282479536032175,0.3050722489189127
i2em_actual_angle_control,WC11,6.507320296667754,6.772764719077594,1.8775314901641706,0.17883299789290297,0.07437214552647643,0.46423445744779007,4.292822881962739,0.31926644809672083
i2em_actual_angle_control,WC13,6.633446023976255,6.859225134592881,1.7453834232123155,0.14606580723138263,0.08334866338222977,0.3973209750750282,3.5674450324414937,0.2973417751435738
i2em_actual_angle_control,WC14,6.574399928799527,6.8309391894923195,1.8544529615880703,0.17450929517770364,0.07330539848123452,0.45764537561954516,4.166001829763884,0.30539042420439366
i2em_actual_angle_control,WC15,6.421738118046095,6.684388527969342,1.8553515936560225,0.18201831015011294,0.07532334887672826,0.4688298882840998,4.208321015979791,0.3169848320719133
i2em_actual_angle_control,WC16,6.50683468741032,6.772430576979755,1.8780091242387957,0.18213662106223172,0.07164528097116254,0.47406386966515224,4.312356270682874,0.3089599766608292
i2em_actual_angle_control,WC17,6.430616448515202,6.693004475542031,1.8556618769892828,0.1627125497307006,0.07382936684012874,0.43527481911392624,4.112662862203238,0.30363529514337667
i2em_actual_angle_control,WC18,6.491029738043421,6.758375163351773,1.882064767335615,0.17690445518210052,0.07385363243700638,0.46135902765373416,4.303470977029437,0.3178269637408567
i2em_actual_angle_control,WC20,6.43350648512858,6.696142796053757,1.8569659800198612,0.17196049490347298,0.07398100776399531,0.4521074931846691,4.164442191135727,0.30808963007512186
i2em_actual_angle_control,WC21,6.502760048499661,6.767793083505949,1.8754026161834312,0.17305797545195567,0.06717807178378561,0.4634409553902725,4.253182047084749,0.2857205688685675
i2em_actual_angle_control,WC22,6.572793597649412,6.826830546286307,1.8449931247586566,0.1916845695155528,0.07407011557111592,0.4882355771899117,4.211226833028036,0.3119260582185711
i2em_actual_angle_control,WC23,6.430808326234178,6.68607965515158,1.8298539357743981,0.1980414209229001,0.07198302526466849,0.5032201708624812,4.175234873255399,0.3005460373674683
i2em_actual_angle_control,WC24,6.556709094205165,6.812997734850695,1.8510818428821516,0.17995507001559974,0.07280661195137764,0.4683772907389688,4.178434453723365,0.3042176558365036
i2em_actual_angle_control,WC27,6.52808001508645,6.790863452774082,1.8708280922766838,0.1783730647828674,0.07222518214053218,0.46623375184103594,4.259838134355547,0.30766758514301423
i2em_actual_angle_control,WC28,6.434248685870411,6.689362650321371,1.8297585949762434,0.19585880195124228,0.07221476329247303,0.4987822598854955,4.163468460530777,0.30066388935290717
i2em_actual_angle_control,WC30,6.441910774485903,6.6995671063208855,1.8401046126944105,0.18757419851893697,0.07511873662067588,0.47923028969942366,4.16774674005497,0.3130758696678698
i2em_actual_angle_control,WC32,6.370795938261102,6.6156887437265315,1.7833386293426676,0.16565946906378237,0.08129833753433978,0.43306384863833497,3.8117489789656487,0.3098888550881243
i2em_actual_angle_control,WC33,6.364721954313226,6.601523228573292,1.7522623609710848,0.1757357428862666,0.08392710401130254,0.4481554681797307,3.7250473439518537,0.3126324358828735
pretraining_source_offset,WC03,1.9607592862652778,2.709234536398367,1.8695921465758656,0.12217180655413307,0.04457158194650497,0.39490224522958417,3.981843851263479,0.1774770795147771
pretraining_source_offset,WC04,1.8206870338706398,2.620795680614359,1.8851176950583783,0.15017756132815463,0.048347201249033675,0.45143894300899906,4.181660265144451,0.2021715703940263
pretraining_source_offset,WC06,1.939537323280151,2.7141285973288163,1.8986018577999326,0.14781792343522615,0.046356677246825566,0.45092703668198736,4.229951689399754,0.19608650523516893
pretraining_source_offset,WC09,2.028080122803292,2.7004386196378007,1.783047883238556,0.14958949310691194,0.0526032431863281,0.4407875237592757,3.73850008690119,0.19665722922337203
pretraining_source_offset,WC10,1.8814492124965663,2.6838933836871686,1.91400954955711,0.14455340067075395,0.04470939101332833,0.4475441337501054,4.282479536032175,0.1914670520830394
pretraining_source_offset,WC11,1.8922981772642102,2.6884351049331996,1.909683461142116,0.1504678804515872,0.04686244186037584,0.4557759156882701,4.292822881962739,0.20117216272286992
pretraining_source_offset,WC13,2.0243464644176368,2.686158605309405,1.7656357055965946,0.12613385307185931,0.052931311223812935,0.38915694338728146,3.5674450324414937,0.18882954328600612
pretraining_source_offset,WC14,1.9609987290192903,2.720287024250078,1.8853237067114155,0.14679694720884784,0.04627010712048595,0.4487742423247365,4.166001829763884,0.1927613509273154
pretraining_source_offset,WC15,1.8062928829845089,2.613955952045028,1.8894633471203248,0.15166363816949713,0.047507960916040946,0.45689270010342686,4.208321015979791,0.19992875034932162
pretraining_source_offset,WC16,1.8909482174300198,2.6895756734739606,1.912624412251694,0.151709201948228,0.04529037188356042,0.4628415588568383,4.312356270682874,0.19530821919363112
pretraining_source_offset,WC17,1.8068267156545448,2.609092034885888,1.8822163706922737,0.1385779518518383,0.04731819826375038,0.4272935136147171,4.112662862203238,0.19460379670569594
pretraining_source_offset,WC18,1.8738337927693318,2.6789183704381165,1.9145105255773638,0.1482804061858457,0.0464946220345344,0.45164990112142384,4.303470977029437,0.20008825651357215
pretraining_source_offset,WC20,1.8141885452599906,2.6177814004423885,1.8871935202171377,0.14478357021489596,0.0467496603229514,0.442919609493545,4.164442191135727,0.1946862578701627
pretraining_source_offset,WC21,1.8796537611693587,2.6781193576721556,1.9076752952376894,0.14435239503688002,0.04232875438041385,0.4536832300279067,4.253182047084749,0.18003189820623614
pretraining_source_offset,WC22,1.9553217894299624,2.7130660506484467,1.8808094254765875,0.15999678117124572,0.046961307877301996,0.4775098320200652,4.211226833028036,0.19776471984698504
pretraining_source_offset,WC23,1.815595581260393,2.603833612803523,1.8664303277843461,0.1656607893397204,0.04527974776171385,0.4956533574963811,4.175234873255399,0.18905358190691576
pretraining_source_offset,WC24,1.9409805331621095,2.7047700157336045,1.8837131968262302,0.15078830428095602,0.04605979131514175,0.4586065349254189,4.178434453723365,0.1924578189624965
pretraining_source_offset,WC27,1.9121312307502287,2.6977476811212995,1.903049318169386,0.14982762415857365,0.04539819218787777,0.4581291987785128,4.259838134355547,0.19338895031272385
pretraining_source_offset,WC28,1.8165446937900787,2.6037340021644804,1.8653675588179857,0.16425543690873134,0.0451426268096888,0.49277566475545476,4.163468460530777,0.1879499029476504
pretraining_source_offset,WC30,1.8281291730632228,2.6186612455192355,1.874921450455867,0.15653933296984202,0.0474850129392567,0.46813780900286517,4.16774674005497,0.1979055078790552
pretraining_source_offset,WC32,1.750222745713452,2.5178455060860077,1.810045947733032,0.14048213799382636,0.051511192514509176,0.42296588945226193,3.8117489789656487,0.19634773547248333
pretraining_source_offset,WC33,1.7453207544636553,2.493201829795889,1.7804243393460966,0.14902804301728212,0.05320606066119881,0.4383730491928417,3.7250473439518537,0.19819509494813983
source_reset_adam_003,WC03,2.3915783053963673,3.217416153668574,2.1522360267974614,-0.16331028741247744,0.02974450916995582,-0.3872235836448745,3.981843851263479,0.11843799094723874
source_reset_adam_003,WC04,2.2349825425060494,3.143970117995716,2.2111990271215274,-0.16924877381790138,0.02772574100566413,-0.4249673357422993,4.181660265144451,0.11593962948507185
source_reset_adam_003,WC06,2.359281158087019,3.233953494130033,2.211842584654574,-0.1565729300292915,0.028452223520962047,-0.37977924193326323,4.229951689399754,0.12035153094967282
source_reset_adam_003,WC09,2.451298148293652,3.214245208635482,2.079064609243365,-0.15621493886099014,0.031650107796474945,-0.3500885048462,3.73850008690119,0.11832393074755362
source_reset_adam_003,WC10,2.3042393147194495,3.202057218489825,2.2234323940664438,-0.15439001386669915,0.027593942691349793,-0.3816532124845738,4.282479536032175,0.11817049489415007
source_reset_adam_003,WC11,2.30750944284884,3.2059588134927064,2.225662167754801,-0.15391951198092668,0.027279849598833037,-0.3833705629353333,4.292822881962739,0.11710756257437252
source_reset_adam_003,WC13,2.45869593918235,3.1953673169453336,2.0408788716752997,-0.16755451898303453,0.03340206989855789,-0.3670133988122021,3.5674450324414937,0.11916004833287387
source_reset_adam_003,WC14,2.3763319328177404,3.2346300856813723,2.194510956059638,-0.1559952522965491,0.028719901468743817,-0.3755111477302684,4.166001829763884,0.1196471620694252
source_reset_adam_003,WC15,2.2182355922678827,3.1364422167323514,2.217363442491308,-0.1683283232023558,0.028234711228817377,-0.41686617924606184,4.208321015979791,0.11882072864435275
source_reset_adam_003,WC16,2.312076220121489,3.213377648748294,2.2316136461815796,-0.15484416250126554,0.02761251827234926,-0.3828354410576156,4.312356270682874,0.11907501632111077
source_reset_adam_003,WC17,2.152858428406055,3.0364950022586177,2.1413786414323317,-0.11497164723247688,0.020816696366967126,-0.3262926278546822,4.112662862203238,0.08561205406218676
source_reset_adam_003,WC18,2.262808245713351,3.177401886847826,2.2306011731539526,-0.1561787264823824,0.028171219165578378,-0.3813314491182094,4.303470977029437,0.12123402406660198
source_reset_adam_003,WC20,2.221884150823878,3.1308244300878085,2.2057407899280244,-0.16829390565401092,0.028278547388995903,-0.41631027691561934,4.164442191135727,0.11776437585076559
source_reset_adam_003,WC21,2.258254860027542,3.166943725146863,2.2203192440298025,-0.15908923973477918,0.02819300193571493,-0.3897862437757753,4.253182047084749,0.11990996968640832
source_reset_adam_003,WC22,2.347384355021965,3.22657383473276,2.213722069452301,-0.16369067615777944,0.028495190350426462,-0.40044826265726335,4.211226833028036,0.11999971021595748
source_reset_adam_003,WC23,2.2206079799447256,3.127408914458499,2.2021777216292717,-0.1615123136435923,0.028222327852798625,-0.39670813805771166,4.175234873255399,0.11783484745545199
source_reset_adam_003,WC24,2.3276987379527663,3.210589162237564,2.211266911526151,-0.1702232996985833,0.025159711846590098,-0.4572730301580101,4.178434453723365,0.10512820682554397
source_reset_adam_003,WC27,2.3216984555875166,3.2096212725016975,2.2161644781509233,-0.15295108389393697,0.027778970464245968,-0.37550827883003374,4.259838134355547,0.1183339177167314
source_reset_adam_003,WC28,2.2287813045673754,3.1297824808373598,2.1972874809108176,-0.15962744032697773,0.02843614344997092,-0.3889911147524967,4.163468460530777,0.11839298639308275
source_reset_adam_003,WC30,2.2356768120057335,3.1341824469066646,2.1965538469970936,-0.15766362585988003,0.02850614089852125,-0.38249025096393424,4.16774674005497,0.11880637580135961
source_reset_adam_003,WC32,2.1149742367405895,2.9654346715076882,2.0786261734384737,-0.13351818095742707,0.028622325116931035,-0.31001012611629747,3.8117489789656487,0.10910111854008471
source_reset_adam_003,WC33,2.1084846453367234,2.9381364346377414,2.046200920956945,-0.12399597168157928,0.02752314920137003,-0.2907541531108835,3.7250473439518537,0.102525033829754
source_mean,WC03,2.2988853237277596,3.044128378192083,1.9954558003783194,0.0,0.0,,3.981843851263479,0.0
source_mean,WC04,2.127149970741752,2.9506655627453084,2.044910820829224,0.0,0.0,,4.181660265144451,0.0
source_mean,WC06,2.260943920166247,3.0564389572730666,2.0566846353779558,0.0,0.0,,4.229951689399754,0.0
source_mean,WC09,2.345497266773119,3.0397133936181158,1.9335201283930794,0.0,0.0,,3.73850008690119,0.0
source_mean,WC10,2.200535164989156,3.0207341075285035,2.0694152642793022,0.0,0.0,,4.282479536032175,0.0
source_mean,WC11,2.20159382598166,3.023216541460982,2.0719128557839346,0.0,0.0,,4.292822881962739,0.0
source_mean,WC13,2.357435574003564,3.0207528065068487,1.8887681256420794,0.0,0.0,,3.5674450324414937,0.0
source_mean,WC14,2.278281678831364,3.058850966925741,2.041078594705232,0.0,0.0,,4.166001829763884,0.0
source_mean,WC15,2.113229906066087,2.945175996756709,2.0514192686966237,0.0,0.0,,4.208321015979791,0.0
source_mean,WC16,2.208280281721386,3.0313129289669773,2.076621359488261,0.0,0.0,,4.312356270682874,0.0
source_mean,WC17,2.0986114475384436,2.9183613329988183,2.027970133459376,0.0,0.0,,4.112662862203238,0.0
source_mean,WC18,2.1727494489148684,3.004049124896146,2.0744808933874124,0.0,0.0,,4.303470977029437,0.0
source_mean,WC20,2.1175080074145045,2.9407962106545686,2.040696496575551,0.0,0.0,,4.164442191135727,0.0
source_mean,WC21,2.1590282542086716,2.9857302372378007,2.0623244281840694,0.0,0.0,,4.253182047084749,0.0
source_mean,WC22,2.2586858759321684,3.051702593498177,2.0521273920076295,0.0,0.0,,4.211226833028036,0.0
source_mean,WC23,2.129648861446222,2.951379193921816,2.0433391478791276,0.0,0.0,,4.175234873255399,0.0
source_mean,WC24,2.255080497165576,3.043652822254849,2.0441219273133795,0.0,0.0,,4.178434453723365,0.0
source_mean,WC27,2.2185740910564737,3.030166518834007,2.063937531602046,0.0,0.0,,4.259838134355547,0.0
source_mean,WC28,2.13236930218659,2.9513500811388846,2.0404579046211113,0.0,0.0,,4.163468460530777,0.0
source_mean,WC30,2.1441725568841035,2.960611878269403,2.0415059980453085,0.0,0.0,,4.16774674005497,0.0
source_mean,WC32,2.044132246836924,2.8266987143175024,1.9523700927246475,0.0,0.0,,3.8117489789656487,0.0
source_mean,WC33,2.0430472808308817,2.8105318955070255,1.9300381716307722,0.0,0.0,,3.7250473439518537,0.0
